index,pc_relative_path,dataset,bytes,sha256
0001,co3d/apple/apple_110_13053_23637.ply,co3d,1642089,02d951278da08e8ed3e59105094e70214e7bc362204342cd71e1d0d34524861b
0002,co3d/apple/apple_12_101_396.ply,co3d,319062,f47d41e85aa9167784f827f9e03db303d5b327644f5bb159f5421fac28ec3d27
0003,co3d/apple/apple_12_104_640.ply,co3d,3610201,e162fac66b6c8dfb47ecdc7695fdcfb9cb100a33e3bc8064b84a97f71c5dfa3c
0004,co3d/apple/apple_12_108_643.ply,co3d,3587980,00e16e9022e345ee4a87e3b1d5634702d3b0f56634859a06239bc360c0e517bc
0005,co3d/apple/apple_12_109_707.ply,co3d,23350846,f229e26ac3a8760dc47a958d4265d27c978e47055faf169a3bf1f07971522f29
0006,co3d/apple/apple_189_20378_35619.ply,co3d,9731182,6f79c57cc0ac9d003343f93f05850ae2951e80256aa2025efba53771cca769aa
0007,co3d/apple/apple_189_20387_37543.ply,co3d,15382687,62de31d45e9d43b5f9f360f81c8e3a9d395b1e33115c611ba63d7e2c4645607e
0008,co3d/apple/apple_189_20396_38464.ply,co3d,5306638,7cfe0fc1d6800680dbafc12e81b47e60a6ea4f227a064b85260d8f50dccfb399
0009,co3d/apple/apple_198_21283_41063.ply,co3d,1517133,b47cf92f4e25620aa8cae3d4cd1400bbb140196f6d280d7609ee5d0898e70608
0010,co3d/apple/apple_210_22201_45657.ply,co3d,5229094,dccbdbb37c5e1fbba451ef39cd05e02eec941e36c3b3714513944632cfc8821a
0011,co3d/apple/apple_220_23193_47359.ply,co3d,6028888,53f593d0639ce8948443a7ae38f76366d70d86d1f3d7e3315c1e5c85df91285c
0012,co3d/apple/apple_220_23198_47985.ply,co3d,1922214,f19f7449c5def45247a5e3bd77bba981633cf53592858d35b65de71ce46c5111
0013,co3d/apple/apple_263_28141_53185.ply,co3d,26460274,61da89a5a51acfd40d4785a30f7e4e3fb44c04cd1336a67f1335e03744641010
0014,co3d/apple/apple_272_29074_57381.ply,co3d,6259792,f84b4fafa6f04476e2ed692fd8347b17e7b056e47425d2ad66341182e383178d
0015,co3d/apple/apple_272_29077_57710.ply,co3d,6296215,6cb31643d36d8787ebec1f13906df42ca2ea0075bdfd2f7b9533bd97a98531f7
0016,co3d/apple/apple_272_29078_57798.ply,co3d,5867131,afe1a8968c9e6dba6e2138aaca6cc3a4ab66403e3c59bec732b66b91401ea6ac
0017,co3d/apple/apple_272_29080_57804.ply,co3d,5412073,830ffc3f5303279f67cd666193c7747e3074e94c75ad615cfc0867063e9cda95
0018,co3d/apple/apple_290_30767_58613.ply,co3d,3882901,377295b70499437c3dd293e3e8d193d2d2976d8df9358429cab99a0dbe96b5a9
0019,co3d/apple/apple_308_32476_61130.ply,co3d,1212006,9c37fb1e46e9bfbfee810f120af8590ce94595b199c92f64aa2c3c2db1f019b9
0020,co3d/apple/apple_339_35165_63666.ply,co3d,3309907,12aac62bc58d0d45a0908d3756e628fdd798760b6d1d37ac6aa7addfed58a3a9
0021,co3d/apple/apple_339_35208_63979.ply,co3d,920379,1abc8007af6bf3332ef1d12e161865c370e2759b72e286d00c1ed2a27c024195
0022,co3d/apple/apple_350_36780_68727.ply,co3d,18122350,44511ca7114edc8406387ad3a6082d906f00470d9e6380beecfcb716e01f75dd
0023,co3d/apple/apple_360_37852_72452.ply,co3d,21288667,2df4f89fbeaba2930a8c2593d29c2bd9ced2d16c052e00b0bb2b6425f8519cfc
0024,co3d/apple/apple_360_37857_72528.ply,co3d,5184355,1a37c15369bd3717185fdd880474c15209e02de1fbbbedf2a67983fa4a7bea72
0025,co3d/apple/apple_363_38452_73784.ply,co3d,1147827,17927736354657b719779be8e15fe731b21817b619dc830927ce0b7f6646c480
0026,co3d/apple/apple_39_1775_5185.ply,co3d,332319,248adb66f63bc951eb13c47f6308ba80f2eb951d41b1f1bb5bdd6b36c2245812
0027,co3d/apple/apple_39_1814_5254.ply,co3d,2254071,ebda6c5af77f51840b1d5b252e81ba22550160f04045f23a3dd5c1ba84cd3619
0028,co3d/apple/apple_41_1933_5579.ply,co3d,3235981,b537b001f5a0b083870a5354a66cc5e21a5c1f897f6ee5a69f6b4dcea9e7153e
0029,co3d/apple/apple_41_1952_5736.ply,co3d,315795,ff07716493b2587f59c434aff4ebf5b387af233beef98aa0eea54f998fa2a7bc
0030,co3d/apple/apple_41_1953_5798.ply,co3d,277401,f1d1b33877bab5444136d7cf61f43c7f8afc19c368cb8959beaf5a7bdce718eb
0031,co3d/apple/apple_41_1966_5872.ply,co3d,620922,2f932c66bca259cfafa3a73fe18911e7eff7c786b88b6d5ecb87447210790381
0032,co3d/apple/apple_43_2151_6514.ply,co3d,338556,051f9403308953ce36a1ec809218aed4af450416e519dadf748cfd7bc220b37d
0033,co3d/apple/apple_43_2157_6531.ply,co3d,117992,cff86611c102b4a3478a62858e4f6a1fc9ca5affc349422bb1830e940a2ce806
0034,co3d/apple/apple_43_2177_6557.ply,co3d,347709,e8daa6f875f7e60940b3bd2362b66748bea04bc9b93a4c431527d30db3d71675
0035,co3d/ball/ball_192_20691_38427.ply,co3d,16552300,07b0f9458dbaa3602587485e9677ad5895b6f5500288c97557a65e679e40a249
0036,co3d/ball/ball_192_20693_38428.ply,co3d,8106997,70e500cf8201fee91217434fda6a4befa67f5133b7fcce64fb2c3e0b24683956
0037,co3d/ball/ball_201_21628_44243.ply,co3d,18814495,c5adb68a8ac0240ad759a17316a88b02eae5c4b0ff638982bcbc2a8d0d95ba46
0038,co3d/ball/ball_201_21635_44523.ply,co3d,420069,64e68181ea3053da07454a8f744d95b569987f87453b18cbbee3787b5abe3771
0039,co3d/ball/ball_20_781_1842.ply,co3d,2854120,38d0ee9f42d8fd39a57d6b463c2ab71dc0b68516873319f8e1d1888b4ed7dbc6
0040,co3d/ball/ball_20_785_1911.ply,co3d,11630065,2de2f1c449112716348430a6132ff3b09e6385b32433935294718406f7c42e7b
0041,co3d/ball/ball_213_22513_45986.ply,co3d,413994,44c50fc9e1e24f3febbcca3c6367ea4ce63b6c86d4a9f567a8a51fc8996a9963
0042,co3d/ball/ball_213_22521_45999.ply,co3d,570621,46cb321a75956f35b10001e052c6cd09b35a555baf17ba1cf0eb8d12da1e0c2d
0043,co3d/ball/ball_213_22526_46005.ply,co3d,443829,0aae8cdeb3906e4bed6ef785d0d0ea085c3d88b789e04481fb257caec1f194c3
0044,co3d/ball/ball_213_22528_46007.ply,co3d,567543,f02d18ff0e78317adf5a45ec69f10430ba26fecfbfd56bde67d871d0054d7123
0045,co3d/ball/ball_223_23533_48732.ply,co3d,4475983,ff4ddc9127fe06ef5c7fdd520c43513140a59de7d441b1e925b0f3b4076c5b06
0046,co3d/ball/ball_257_27819_54700.ply,co3d,1049574,b4fae9f9d2268ca2cbdea7c14ccb8248628fefe42a4c579718b039d244686ad2
0047,co3d/ball/ball_275_29518_56792.ply,co3d,4189810,cc44eef12799e62fe8013d1ab12429febfd646f2b743ae2c47003280e0cd6c87
0048,co3d/ball/ball_30_1096_3261.ply,co3d,18583591,cf73af0e676656804141a8ecf78d4a440e363ef80004e03df27fef24ec4e2a31
0049,co3d/ball/ball_31_1282_3972.ply,co3d,12258598,2440d51692538b94a78922ccac3666d7f4e0a1b3e25495cafd2173b66478d1a2
0050,co3d/ball/ball_341_35559_65473.ply,co3d,12552115,dcf1811c10f1da6e24baed870807fa32e90d62adc36767d2584fa7e36d328928
0051,co3d/ball/ball_350_36723_68471.ply,co3d,9007636,07411b3c07038294a176165a35e1a105c07c95914a8bee5de73ad5150584a32b
0052,co3d/ball/ball_372_41197_82031.ply,co3d,1887465,a521539ecdd34068d33783f9d0dfdb0f5049ac43c2624ab6c4648ee7029b5d81
0053,co3d/ball/ball_372_41304_82286.ply,co3d,507414,3917878fe351a368c20358706614a2436ac1240e923fff68b444b446ebf98b54
0054,co3d/ball/ball_373_41810_83559.ply,co3d,8895127,2c8d1c52f4b7d575b0f4ddbf983acf2623ffc08e50f971bc1a766e7e04a37598
0055,co3d/ball/ball_374_42125_84249.ply,co3d,2878015,3a66846f284af1e2a940ff6989ef32414566cda0fc8f6b8809378ebaafec429b
0056,co3d/ball/ball_374_42212_84448.ply,co3d,5389366,f18204997b574df25d841111adbca6460bce6113bcd76dfe054137712a6bb48c
0057,co3d/ball/ball_378_43883_87487.ply,co3d,4330696,54d59d273568ac1c9d7e35d97a67ebac6d77bfd0b86458e1cc66ef29b42e7259
0058,co3d/ball/ball_378_44178_88163.ply,co3d,454656,21fbb9153705e4c3499a428e355fdb63130833a43feee29eccd2279c8fcabe2d
0059,co3d/ball/ball_379_44457_88610.ply,co3d,2829010,c4653e6324d326b68a6bdafb2a0b9fc86236b01f97727dd90ebad96216e03aa0
0060,co3d/ball/ball_379_44556_88894.ply,co3d,3868699,f49ed268aced7efb90b5dd1ab4244fac7a86e044d91ed45a64d9649961470f28
0061,co3d/ball/ball_379_44815_89355.ply,co3d,2741665,e33a63a96406aaae8a3dec09a848a02157c6bc7b5964edefac4e47d15242831d
0062,co3d/ball/ball_380_44926_89920.ply,co3d,12423757,6df6acf74963b810f966661063617a794a26587960e5cc321efed4226a773e5a
0063,co3d/ball/ball_380_45121_90270.ply,co3d,26460274,7055bc57a7d129d7748ad3a56e1ef83875f574da3e388dfae3f203da4e9c9909
0064,co3d/ball/ball_380_45310_90606.ply,co3d,7149388,47d21fd33bce7f617eb18a5a84c7616c039bc19e39819f26b224e98f8cf720b9
0065,co3d/ball/ball_380_45318_90684.ply,co3d,4379458,e27698bcfec20ddd44e8a4f1cce1035cc248617c731d84189197a9465d8dafd4
0066,co3d/ball/ball_392_47765_94843.ply,co3d,995493,9fd391a0cdd563de5f5f01f888ae9b852c66fe712d954a251ea2bbddfe9c352f
0067,co3d/ball/ball_392_47844_94949.ply,co3d,103790,acdb201854784f5dd2801990a9bdc983d367736444a93c9f37ef964b0691e51e
0068,co3d/ball/ball_397_50083_98513.ply,co3d,2101278,75469e6758bfcbea141c3c8e8ba756ce701130747506842b10e5c36a540c1729
0069,co3d/banana/banana_41_1925_5792.ply,co3d,5023516,7fedb9945ea686539cb6fd6da77904c74cc7d53b6039ee34d279ee638a4e2731
0070,co3d/banana/banana_43_2133_6626.ply,co3d,4475578,808af65a0772d0b26e89a9fb34afc28e9154871510cc6e5287706df5514c775c
0071,co3d/banana/banana_43_2138_6492.ply,co3d,743799,cbca62a0e52e7873f6c350cbcbb261c0d2dd464abbb11075768d3e4bbd14e845
0072,co3d/banana/banana_47_2645_7279.ply,co3d,348060,7cf0c44bbd951b3b26d151d8209cc4f70f5165fe8d219d88227157b00f207407
0073,co3d/banana/banana_47_2646_7280.ply,co3d,428007,66d0c8d81428ee17d4361e9c5a81976b982bbe2fe184b9e5e6e050f0c96971d1
0074,co3d/banana/banana_47_2651_7285.ply,co3d,489162,4f561c0fb6d1fd8a4ea6b345b9576ccaaa434ab9f46a54297a8c78ffea12bee9
0075,co3d/banana/banana_49_2803_7677.ply,co3d,402681,c4224d8fe2870157f32f34b802737778617f87b4c290e844d8cb62b287852245
0076,co3d/banana/banana_49_2806_7706.ply,co3d,261416,170a5b9ef4ea01973dadebc5b6ec1eb5535b82b8da0dd31f509bcafb0afbc9c4
0077,co3d/banana/banana_49_2808_7785.ply,co3d,112916,015d5c7e63a7fd28528b7e0b9fc539632bb81359e5b38c07a22007103c23d990
0078,co3d/banana/banana_49_2813_7699.ply,co3d,962202,696107eea926280aa95b2b73914e7489b0b402c88a96c8f1ec37e742055fbfcc
0079,co3d/banana/banana_49_2814_7786.ply,co3d,118694,d85ea8d731e76e20382c10405920905c8b7206c6fb0e74ab147627e2f1b848c6
0080,co3d/banana/banana_49_2819_7681.ply,co3d,332994,a8180767b28cf2c37bf83e8b04045d4bfe0d816d0c54be6f5346277aeed11fd1
0081,co3d/banana/banana_49_2820_7773.ply,co3d,598485,649d2a595d797c038cf89ceba0f6f937bc3ac34f5bb839306ecf78ba46882bde
0082,co3d/banana/banana_49_2821_7686.ply,co3d,347169,3c476af57b4bd541a44568c9621821f35f8d48bdc3dda66715de5514bec12334
0083,co3d/banana/banana_49_2833_7815.ply,co3d,329619,dd10cafd85b8f9b471092ac8ed036ec9b0b48ba29f39f7d67a948d54786f1f24
0084,co3d/banana/banana_49_2836_7789.ply,co3d,552288,e4ede595a4bfad33e06da14386f18fdfe0239bb2c4b237c04dc697968c535f04
0085,co3d/banana/banana_49_2854_7808.ply,co3d,185141,3afe8f7af974e76a170ab23b2408a4fe903202626afc3130990cb993158958a8
0086,co3d/banana/banana_49_2858_7820.ply,co3d,259742,aa600084bbc9de48c18af876c471a46df4d0ac620258d5b2b1e53a6968383e68
0087,co3d/banana/banana_49_2859_7823.ply,co3d,152498,7cb37459fceecd126f1111afc53a866cc467848bfb1ae366b722c2e6c15f2699
0088,co3d/banana/banana_49_2875_7858.ply,co3d,729894,d25edfaa54db67719e81784d220bb99e573b2aa9cac6935661c2a80982e7d812
0089,co3d/banana/banana_49_2876_8103.ply,co3d,9784480,d3dbb280431543913fd3cf90a5164614278b75c7db042369f724e09ad96c2e5e
0090,co3d/banana/banana_49_2886_7878.ply,co3d,220943,913f463d3fed2d41e1e8c8e59fc98471205d2488c86c704a43d49d2e2f72c0f7
0091,co3d/banana/banana_51_3009_8508.ply,co3d,375951,87e56a048af575e6d4c82e921c69003d0472623d00015a5c50e3b79c7d1b1ac1
0092,co3d/banana/banana_51_3032_8453.ply,co3d,346035,9c33423ea1ff81aee1ff7e045a7573e63f58eefbf6e364b5b6daf66903d912fc
0093,co3d/banana/banana_51_3033_8457.ply,co3d,336639,79f5ed4d491450fccc5c8f7bd523d9adcbf89ca6712b271e849a314124c0f3e0
0094,co3d/banana/banana_51_3035_8561.ply,co3d,449229,e5e03b1cbbb9d5419b9258cd591bbac4124ccbea3bddd3e50e0c0d741e0e047a
0095,co3d/banana/banana_51_3054_8493.ply,co3d,316281,44245d39a8bb5b1117e1d777a555af49755af14c631113c0d3e05f4ea668e192
0096,co3d/banana/banana_51_3055_8495.ply,co3d,344631,339f8c6009b2402135987eb22893b29562dff14a0678d861d8aacedceea63aa3
0097,co3d/banana/banana_51_3060_8516.ply,co3d,328944,b4dcfb028e3f9fdc951af2b4ac45bca4b7928098d7b6f31d50af21658b7b118f
0098,co3d/banana/banana_51_3070_8527.ply,co3d,336585,84cf14757bb2d2f5df91a14f5c912553c2b6d45050afd7f559e6bb75b5ea52ae
0099,co3d/banana/banana_51_3071_8528.ply,co3d,308262,3df4aae7a8823cb27a16c2f120bbe00caba0ed3511b23fa15b5e0ef9df23f419
0100,co3d/banana/banana_51_3074_8536.ply,co3d,343740,d5d67ee9878288c5ed1926f01bba0bbd1f14af21780bd130bb4c60bc8030f117
0101,co3d/banana/banana_51_3079_8541.ply,co3d,354189,802687ca4c483926094e6d54a2131162425a20010113f0ab50ec5a35e3edefc8
0102,co3d/banana/banana_51_3082_8547.ply,co3d,364314,9e2a1790e4aa937fce071a2c0949ef021e24369d18c380f8e2e24b12144fb63e
0103,co3d/baseballbat/baseballbat_135_15553_31011.ply,co3d,3764641,d1fe3134d2448390660294431542b05087e7a6176f8e8441d3e47f89a47c5c82
0104,co3d/baseballbat/baseballbat_168_18361_34847.ply,co3d,10551172,c72808f5a7ba59c13c5e8f305b67a3aa8cea664adb0e06a3a71310ae7cf0c485
0105,co3d/baseballbat/baseballbat_186_20091_37188.ply,co3d,6165994,8211ff999ed8a5a85676190d066be068af5ca214e17cb585d1a39c74b85ac630
0106,co3d/baseballbat/baseballbat_207_21905_45655.ply,co3d,3090667,a325fd638069ec7a5864fe7cdd7cdcaf87ad202e2e9821cc04b7a0e50a772849
0107,co3d/baseballbat/baseballbat_207_21922_46427.ply,co3d,3063505,e93e85c869469d10402200ea1854bc8b242962e2308572ac5392dc8a91a79f02
0108,co3d/baseballbat/baseballbat_207_21928_46613.ply,co3d,1807545,724efd0a82ae4a7149a067748fdd8ca05308d134f1fc48b5246b40b7a0b7e9ca
0109,co3d/baseballbat/baseballbat_217_22897_47457.ply,co3d,5464129,2403ef11263f282723cba26c9861f3dce8f4b7ad0887e7b4b28caf364e482d2a
0110,co3d/baseballbat/baseballbat_217_22935_49847.ply,co3d,551181,173dfe35843fdd2f8261d6feb57b6350a6efc7d38599e749cb2b8fb40b96ee81
0111,co3d/baseballbat/baseballbat_245_26187_52209.ply,co3d,492915,b0df187c694b62c3ce7eafc7c984361d16592a27bf271c089a61ef881643f475
0112,co3d/baseballbat/baseballbat_251_26912_54706.ply,co3d,1007238,c816e12a3df51d5c0eabe65182619d517a39c9b6c8b5116097eec6bbd4b1e059
0113,co3d/baseballbat/baseballbat_251_26921_55494.ply,co3d,7174228,211af30c835dda720f1a13263bef2f5ec86dcba65d64eda09bffadd2b37970d8
0114,co3d/baseballbat/baseballbat_339_35114_63194.ply,co3d,3248698,176121f7307778b166ab2214b75d6dcaf27dbd45feb292c7fa244d8ab500487d
0115,co3d/baseballbat/baseballbat_339_35231_64065.ply,co3d,3015499,9f7fafa381aac47dffee28b7ee4f0e5dac13a6c1ea289e2d962b869446186ed3
0116,co3d/baseballbat/baseballbat_339_35232_64069.ply,co3d,905286,312101a61e149eba4cd5f134888fc589391f0f112acd7e45eab277ac6cfc9eb8
0117,co3d/baseballbat/baseballbat_353_37450_70659.ply,co3d,7831084,500fd8bc771d78ba22c13f70ef31ec0d21f978aefa092dfbebd9035542fcd36a
0118,co3d/baseballbat/baseballbat_375_42431_84983.ply,co3d,7769632,957f9cce97f63cc3c2a0079726f5da36ae7ed516f2e8729de11293148e11a2bf
0119,co3d/baseballbat/baseballbat_375_42442_84996.ply,co3d,8331043,c0f814faf318674bfeb94cc264267bd9bd0bd51a04bee564b8b24ccf60788cab
0120,co3d/baseballbat/baseballbat_375_42536_85236.ply,co3d,473367,ba4cf2718668c9ecb2513e020021ff2e037a15061633d92a154a55e6fdc91b44
0121,co3d/baseballbat/baseballbat_375_42742_85589.ply,co3d,3294922,ce2ec135afaa7c8875cb8e6918d4ea6c905670a529402cf543762d0f200824fa
0122,co3d/baseballbat/baseballbat_379_44842_89495.ply,co3d,1545915,5871c9c0d1da83540cdbaace27e6679c8b82e49d0f64a6f32142b78bdb1a1e31
0123,co3d/baseballbat/baseballbat_387_46402_92553.ply,co3d,6455515,dd2a558df6700bcbcc83787ed89c06b7e4988f2e9a4a348145167afaa1066671
0124,co3d/baseballbat/baseballbat_387_46690_92981.ply,co3d,724656,b5534315a33dbdfe60f6116237ed56940eac71638fca85a01f92d9598ba1fbe5
0125,co3d/baseballbat/baseballbat_394_48666_96323.ply,co3d,1695603,a4f605cd64f7a30b11df5a2f4801b1271dd82f709eb88b183176019255b138b0
0126,co3d/baseballbat/baseballbat_396_49532_97671.ply,co3d,4515511,80c0ff7e6cdb84997ba9e42333a9e8028f56d7a08a0653a33346bcaad3e6892e
0127,co3d/baseballbat/baseballbat_397_49988_98402.ply,co3d,5378242,8c74c5a3b28d11ff655abcba235935ccf31ee56707c3ed90e6e07c9a46b62101
0128,co3d/baseballbat/baseballbat_397_50136_98576.ply,co3d,4064395,845fd329b5e18343246cb2d6940b251b1640dcfc387587aca321cf6760ef51be
0129,co3d/baseballbat/baseballbat_398_50806_99691.ply,co3d,1512408,c0bb64ea47e33d8358badb5eb610efd98168342bdef7be5894caddb8c3fd39fe
0130,co3d/baseballbat/baseballbat_399_51041_100090.ply,co3d,5451601,8bfae339c8c2dd8feb63fee4e61307751069befe9ab823a6671e7c1c9282133b
0131,co3d/baseballbat/baseballbat_399_51051_100103.ply,co3d,7844395,20346a8644fc4878fbe9ce1835a10bdbcc4892a2885d7c32a55040d33a73776e
0132,co3d/baseballbat/baseballbat_407_55005_106516.ply,co3d,881202,13a983c42dd84bcb2b64b5000af281589aec40707214e12ea78950d6522f7062
0133,co3d/baseballbat/baseballbat_407_55027_106548.ply,co3d,950970,994b2ebb0e661b7c611bf5c723ce76641cbefbe57c5668c9aeaa51321f6545dc
0134,co3d/baseballbat/baseballbat_416_57519_111892.ply,co3d,4244188,3f0b75e6642632e801fa967e3a9cb6b8a50f235ba3b35fb50d3a0d94a053c946
0135,co3d/baseballbat/baseballbat_420_58333_112939.ply,co3d,2904205,50651f073f98df42eff3d3c9d187b37ce150e057cb073d81d9da08479b4ad87b
0136,co3d/baseballbat/baseballbat_74_7040_14971.ply,co3d,2084619,1ac013f339a6dbf9264559f2cfc65d2e9114639301d91f04079f37b138b1cf2d
0137,co3d/bicycle/bicycle_149_16570_31735.ply,co3d,25180987,e6004aac3ef426bf26f5e5c1832a696c178eb407d3ad5f3fe48fb37e08a56f7d
0138,co3d/bicycle/bicycle_270_28795_57246.ply,co3d,15759256,5044fe40b0d27eb2ed4d3d86c470cf88138316f8beb55762a52f05f9378874cf
0139,co3d/bicycle/bicycle_373_41633_83104.ply,co3d,12008929,3756327d486ab11675460427dbb0fd88cc3043612310470959ada4996991b73c
0140,co3d/bicycle/bicycle_373_41840_83504.ply,co3d,9154246,0b6e4bfc0f723200b0494e6c88f83446b8a4f5397b8c3751c9d2b5eb8507266f
0141,co3d/bicycle/bicycle_374_41883_83638.ply,co3d,20811361,bcf498babccfb324f0acf647f54a7c407a7b3a4f5489b84948111feb112316de
0142,co3d/bicycle/bicycle_375_42824_85767.ply,co3d,3135703,75ba99a01ea5f4c0827e04605fdb348aad493c5e04a8f23b3d4a291b046253d7
0143,co3d/bicycle/bicycle_379_44386_88391.ply,co3d,8823874,585f130a8cf8eb3299e2b7ecadf9b010a734b19b86af6483fe4466319cc3f1f4
0144,co3d/bicycle/bicycle_385_45512_91091.ply,co3d,10933222,16ff2e14c98de4eeae086683a7923be7b28bab36569c1c9542246193fe8acf45
0145,co3d/bicycle/bicycle_385_45525_91112.ply,co3d,2517591,3caa399beea7fc40b104761cc901c73da2ab54a20e1d2b88084e959772a2a166
0146,co3d/bicycle/bicycle_387_46794_93125.ply,co3d,4784593,5199373d595be518de9bbd5cbe55a8ac7ec594fbb3c8fc7c4d7372bbb8ac8ae7
0147,co3d/bicycle/bicycle_387_46856_93201.ply,co3d,26460274,07be6768bed281e3652ff94fc73381479461323d3bf45db0287ee16421cff0d5
0148,co3d/bicycle/bicycle_393_48255_95581.ply,co3d,482169,1988e7f6ac623395ea10ea2bc6ca8b540632e55c1fcce0591688b54065bfce31
0149,co3d/bicycle/bicycle_394_48373_95779.ply,co3d,5374354,46f7fa03b4ea16129ac241ff5540fafa52122398ad0985b045afee4301632e23
0150,co3d/bicycle/bicycle_394_48484_95972.ply,co3d,4462969,e0aa43a3c7ac6c5f12177d1d99bd95321bf507cf2b10e40411afa6748746a384
0151,co3d/bicycle/bicycle_394_48594_96096.ply,co3d,6314629,6e0441aefe41adda65a2d97325541e2bcabb7a6f9ecf017b1ef916d9b9b1fe48
0152,co3d/bicycle/bicycle_394_48603_96110.ply,co3d,5513620,1e5bfff42ce74d6e5a41acf9081feb515d029ccffe3e02c0142c899d90072f2a
0153,co3d/bicycle/bicycle_396_49623_97878.ply,co3d,3972892,b5fc717e593b2b71463c9a4ad6153fe91c805883e4240ed36e5f4d3861e24de4
0154,co3d/bicycle/bicycle_396_49661_97844.ply,co3d,6660823,2c7653bfe1490518c994dc7cd6e49acefd0f30b8e07f12aeb46ad0b05c1ba774
0155,co3d/bicycle/bicycle_397_50330_98806.ply,co3d,2120556,c7a7955508e5d8446fd9e7ef04c84ab9a8a7f67ef48b269936a8830e8b51b816
0156,co3d/bicycle/bicycle_399_51135_100331.ply,co3d,3497125,c386afcc412720394cb48cf113b23cadc4ff7c8c7f01a760797dce80a90ed063
0157,co3d/bicycle/bicycle_404_53650_104646.ply,co3d,16041055,bd9d2fcbfe730e9477acc9a7afc791e642b83a8bd5c0b76c23dd1a94506a092c
0158,co3d/bicycle/bicycle_405_53976_105216.ply,co3d,26460274,7bc5201158428a1986f757bfb2c640263cd2d0ab3acaba97ed78d600251dbe49
0159,co3d/bicycle/bicycle_407_55186_106983.ply,co3d,4220104,db37fdaee32de495d5e23d972d178f01d2193c0322190506d110c26cf3a3a733
0160,co3d/bicycle/bicycle_410_55775_108119.ply,co3d,9966919,96445d858cb600163b3a80398d53583dcfcb5c76ac4fbc0b661aa0fdf72d429e
0161,co3d/bicycle/bicycle_414_56880_109937.ply,co3d,3797554,d38e7f50fcba23a5622c4b37a5a39b7dc8b7e5ca1dfb948af98b5b1607e68a40
0162,co3d/bicycle/bicycle_416_57429_111051.ply,co3d,15523465,5e84a434533c0531609519d5ed7534c467bfbac7f4ff07d76e3cb4fb2a398893
0163,co3d/bicycle/bicycle_416_57492_111472.ply,co3d,2592192,4c74542ecff9cb2e144c7ad73f1c51888f8863215418319218f0175824c798f9
0164,co3d/bicycle/bicycle_426_59625_115253.ply,co3d,3182035,c5f85c8a2eadc97b522a15ab0f07571b8a4d8e8ceaf8e861bacc2c5d7926136f
0165,co3d/bicycle/bicycle_426_59670_115584.ply,co3d,23013940,edc2150a5e2074ad78b13b640fdf0350dda77170535685334c90577a46a16045
0166,co3d/bicycle/bicycle_428_60234_117658.ply,co3d,4303318,152e9de0b15577e56713751ee7cf16faa7a9cfbdf785f91b6262c8d7d055605d
0167,co3d/bicycle/bicycle_430_60691_118627.ply,co3d,26460274,fc7980ed309a8b5dfd2c52deaf0aee096937d34815bf87a74bbfad4427f9badb
0168,co3d/bicycle/bicycle_62_4322_11263.ply,co3d,6996298,ac1f4f8a394049bb311a1b806f0df13b8df7c3a39e0edcc28b753eb69860725a
0169,co3d/bicycle/bicycle_62_4324_10701.ply,co3d,14855890,566f4201499e5a777dce5b183ad5022b7d129304cd237b1126271f1f7b194986
0170,co3d/book/book_102_11961_21290.ply,co3d,16353526,db84fedbd8c33b86e14923d86e414ab79b45a2a91d8c0461bf9b9256604e0cfa
0171,co3d/book/book_102_11967_21293.ply,co3d,12862723,87cd652ed51b89f6bb3ccc480c6396da26ecd3bfa69cbed9452753a9e8017d7e
0172,co3d/book/book_119_13966_29106.ply,co3d,13829566,2602faa44c16170580959800961c623a9beca79c0775f84b48f5262807d36a1f
0173,co3d/book/book_128_14856_29634.ply,co3d,4813294,f3b199caa00fa64a7d3ef703da4c8fe22c8419da6ecab5974bb3a6f58c79bc57
0174,co3d/book/book_137_15752_30970.ply,co3d,22202077,4bb1f745f35507e469fb20623e303b300af22a4ae21d13d7dee57b6cb4331e09
0175,co3d/book/book_14_187_757.ply,co3d,4205146,1f3382dad351bf6c2ada446fcbe2d079df04ea074ef897e3fbad3a5aaf55c020
0176,co3d/book/book_160_17589_33123.ply,co3d,9218155,f9b284290fcaf79c222d46279f9df5484922348437e2c6790d17b0e535ccc5f3
0177,co3d/book/book_170_18490_34511.ply,co3d,2410347,692892c4e0e0919400fd1a046876e4cdca8eb8b9f372904ad7f4e8848a7b16fd
0178,co3d/book/book_170_18501_34563.ply,co3d,1686261,0203c4cf8fea3e34efd38cc27ef2bab2124666793375e65fff366c3ff7a24285
0179,co3d/book/book_170_18522_34905.ply,co3d,2480385,f351c0b3425b4fa092b1d0665729ff678bd96fb6d6f718952ab72ff8b8f772d0
0180,co3d/book/book_170_18525_34908.ply,co3d,2212923,1c107fe71b117063ce69602bad6f56b243bf219947426692d08c60811c211c43
0181,co3d/book/book_188_20294_36367.ply,co3d,4387666,56864038111df9c0a0ed13a202d9dd99eddc16d953624a36ac172b5ae00290db
0182,co3d/book/book_188_20296_36307.ply,co3d,32591,8aa1f57ddf0160274b8e8b20eb997574ca5b4c53bf3eb7513fa502ddc0b27f60
0183,co3d/book/book_188_20332_37696.ply,co3d,2728840,2b56ce089c8fd1f0e6147a7faeb89ba4210343a563e0e3d85fffce4998877891
0184,co3d/book/book_197_21255_42824.ply,co3d,20777881,c0f5120fb2ff2d751573d2e7f7f44658c1fbc681d3f3f8a414106925985df780
0185,co3d/book/book_209_22112_44968.ply,co3d,26460274,a2b29693b1ad3f530bdafa4f65b354b7655952fbd98a2ba6a3b7aa1e9858f2e1
0186,co3d/book/book_209_22127_45099.ply,co3d,26460274,170bdcfdaa22a4ff833584655f18d6c0a5b860e6297ed111932cf4b4cbcae67d
0187,co3d/book/book_209_22142_45152.ply,co3d,21002926,db2f0ef9bbc361741992f80a7e2722fc697af8a3b555825f242565eeea7f23c6
0188,co3d/book/book_209_22174_45191.ply,co3d,20090623,77077a92624f4c9b2d89a10cb4f2ca119269a99ee697fd149a89755c8a5e89bd
0189,co3d/book/book_20_734_1377.ply,co3d,1188624,a6f455570cb97f997c74b133b3f1d0b6af99c0f01f56439827ff79596295e714
0190,co3d/book/book_219_23105_47471.ply,co3d,11040520,8cbff5b424cabd32c37edcb92d388bf63496cb492cc6d75e68429a51594ed23d
0191,co3d/book/book_219_23113_47762.ply,co3d,9634414,2e2b376490bfe3751b2949dd3f76830bb4437d59a25aadfc3d2736b0adc77454
0192,co3d/book/book_228_23989_48691.ply,co3d,12072784,f713ace3250fc85e09ddce6663086dbfdc7c97e715291a2917a8cb03cff5a9e2
0193,co3d/book/book_247_26444_50915.ply,co3d,13209160,e2c3c4a283f036e5d03e248d7987695e00998d7c85e68ac95342497f8cf08f3b
0194,co3d/book/book_271_28906_56261.ply,co3d,8753674,6e2df17317134b3e5650fedda9f9753ea2691cd138ecc0fd69921427f6ac6b82
0195,co3d/book/book_271_28914_56359.ply,co3d,10482889,2b192cab8b3584d7c2e3d836b402f5b727faf5e00d9018a913d875561bbc4bb4
0196,co3d/book/book_271_28939_56689.ply,co3d,9723865,307e97e9d5fabaf404fd5c19fcfc568b18a9489baddf1729c7808bcd7111bef8
0197,co3d/book/book_339_35235_64084.ply,co3d,3289630,25d53caf421917b948b69dad81311a5580448af08a231c341b32594a49171467
0198,co3d/book/book_341_35486_65163.ply,co3d,14840419,0407b715a332fe57f101a4c6fd175e39f693f92c5b9bccd259607402224d12ff
0199,co3d/book/book_341_35487_65168.ply,co3d,2320842,c29619c5d395ffc09e21b1526864327eff8a5b7817becb8e77ef18852c3da90e
0200,co3d/book/book_346_36019_65905.ply,co3d,21199135,f0c590fdadd34a9e49b2b93adb84920b2f6f3e5947f7b48ab7cbe7a4c95ecd7e
0201,co3d/book/book_350_36681_68282.ply,co3d,8065255,4233fc9d90d12b70807ea61f05f45691b0d4c66ce135ca853d89932783282121
0202,co3d/book/book_354_37639_70200.ply,co3d,14958652,736ce245ece3ef77b5b4128287af2196a823a02dba5119a80efa80f54357ad55
0203,co3d/bowl/bowl_66_4878_11834.ply,co3d,6564487,53dc78c46e2494b7ff88e01b480316e651c88a42946f5283f7bbebd09e1538a8
0204,co3d/bowl/bowl_66_4893_11829.ply,co3d,16544875,e9f2bcb2869fea9aff524b0235b2f5c06109f127c4f6bec427b603070922557e
0205,co3d/bowl/bowl_69_5425_12731.ply,co3d,943140,f10b6578ccb933480e1dac6683f02d3b7f36b7f994ddedd675676fd1eb71f17a
0206,co3d/bowl/bowl_69_5505_12870.ply,co3d,189947,ca2f0fe0225f76cb804caa4cee0d0a2c520f20df8e88b572679b194ec94caaf1
0207,co3d/bowl/bowl_69_5529_12898.ply,co3d,970059,7117c42b9b309b218ba4662f31b11280f2e0f2bf82c4c4a4f7e398a65e9c03b2
0208,co3d/bowl/bowl_69_5581_12957.ply,co3d,76628,7350afb2e81b4f1385adeed39e20eda39509473528817a2f3c0f52baf1dd0353
0209,co3d/bowl/bowl_69_5607_12990.ply,co3d,924672,2088c0856ef3c2c43868e6c2c85b6f8ef38606a5a8c486b61cd01b851137b707
0210,co3d/bowl/bowl_69_5613_12996.ply,co3d,1377246,bd9018209deaeaa89989502afa1476e33e3313156d28ca46c5096e9974fc9313
0211,co3d/bowl/bowl_69_5655_13042.ply,co3d,2491509,bfdcd208a836608578e0cd64bdb727079c36f060af0452c05d9bf714ef4912e3
0212,co3d/bowl/bowl_69_5661_13051.ply,co3d,586929,7c8fcefffe1414c300f233b98377687bcd62b5850249bbfc2dd3ebb2f095da8f
0213,co3d/bowl/bowl_69_5665_13054.ply,co3d,612930,27adee3ec5f2fb0a0791de377b9f84c94f809faf0daaf332f1e6667dd18d5d7e
0214,co3d/bowl/bowl_69_5684_13093.ply,co3d,1682886,9878589fc776832b6d81872628bdfbf0cc3d397461c62183b3f287fdc800090e
0215,co3d/bowl/bowl_69_5705_13118.ply,co3d,2022492,6bf07ba76fbcd6a7d4e32cd1885b4a49b694412c2f2a520fe3625231aa766fed
0216,co3d/bowl/bowl_70_5804_13369.ply,co3d,23386108,ce816524eaa8bbc734603c79827ec495d303ecde5b570a5ade788b817084a9f1
0217,co3d/bowl/bowl_70_5806_13371.ply,co3d,8138371,750aa065db922c8357362407c25b8d82d7710cf90d6fd85b2b1fde2ebf8850fe
0218,co3d/bowl/bowl_70_5838_13647.ply,co3d,115238,ae7aeb4aefda07f379eb06cade30d7630b805a1d0af8d7b85eab873d43bafcf6
0219,co3d/bowl/bowl_70_5879_13686.ply,co3d,808626,4e0d80d5961c7a0a875d15066910c2c1d9991ec3cbd522f1370a7f55be888f4c
0220,co3d/bowl/bowl_70_5889_13703.ply,co3d,1042932,550b2a270eeffa8ddcf24705124f7c184cf9a9c5a648a46e602f0fc7e927c6e0
0221,co3d/bowl/bowl_70_5906_13721.ply,co3d,1023465,0ba730a3fdb1e17aeabff64eec6e728fb7f2d7deb31ad9889a0254944087dc70
0222,co3d/bowl/bowl_70_5947_13764.ply,co3d,1490646,102df979a15ff54df82bf7bf1802773a67fe7344d0ca953b92c801e44fcf183f
0223,co3d/bowl/bowl_70_5958_13775.ply,co3d,944814,ba51e221099448b3113c5876f225027351aed3f7cbd7ea12351bd0d3a77a3272
0224,co3d/bowl/bowl_70_6022_13844.ply,co3d,1505334,0461800eca78c4bbfd88cf1349ba4445e389952ade27fe9475cba2b407ecf5e9
0225,co3d/bowl/bowl_70_6043_13866.ply,co3d,1516701,28694e7f9863a26779e421798c92e253020bbc4a4950dbcdc1cc61d7ea912027
0226,co3d/bowl/bowl_70_6076_13900.ply,co3d,1612443,e294193245f3f371b7e746b27d00e626d35536a659a9a22644aa4118498d3883
0227,co3d/bowl/bowl_70_6079_13904.ply,co3d,1308315,a6727a846c96178534a0d402e152fb2f0dc8466ba42bb6dfcba0aec047c4bb4f
0228,co3d/bowl/bowl_70_6091_13917.ply,co3d,669819,0c1064e09e350bbe73be0826f129245ded5e093f7cc654ae4ca5b78d6e25a055
0229,co3d/bowl/bowl_70_6098_13927.ply,co3d,1066314,0af596332d0c9215deaad61cb6152701f4886eee61b22f760cf5e715f2c85e2c
0230,co3d/bowl/bowl_70_6124_13952.ply,co3d,2228664,63fce342047babe9f5153d0574bfa2ce81eae77ee10844cb465d4bd95696b69a
0231,co3d/bowl/bowl_70_6133_13962.ply,co3d,1562277,1b70db25cc9aeeada772046f4cb27bd1860d5b368399567b50f8363e0d44ef30
0232,co3d/bowl/bowl_70_6166_14042.ply,co3d,833115,9dd764fdded3b61fe0cbbe0ed15f606b48af91decf55ba7b32c9e2263dbe40b1
0233,co3d/bowl/bowl_70_6202_14078.ply,co3d,1185546,58ce7feadfde836082180a253c0c31b7a49600a7786f099b32ffa2a8deea4275
0234,co3d/bowl/bowl_70_6212_14088.ply,co3d,994845,1918c5105e5ca8707851e8dcc4304c1e8e1d0b5c63497a0cc996593c3b1570ac
0235,co3d/bowl/bowl_70_6229_14106.ply,co3d,1011234,6b8267858eb626131b58eb1edcb235ae50f04d28b79dcdab829b0a15be8cad5c
0236,co3d/bowl/bowl_70_6243_14120.ply,co3d,777306,ac7df9fb3bdddbd629ce2b718c7ec62b5ca8ba271c2a41f6d97d33cd6c00630c
0237,co3d/car/car_167_18183_34821.ply,co3d,17019562,ce5bd2ed4e694977f3b5c201682079f427101f7548d6e83e11948e11ac9bdcc9
0238,co3d/car/car_167_18185_34809.ply,co3d,3813106,4f989f3be294cce6dd0cc33636da2e4595ed4f2a0699b4afd6f94adbeef3b7f5
0239,co3d/car/car_194_20899_41094.ply,co3d,6899854,3672713363d660a27c27028147f6a450652489489cb40b822a4a884ae6867ad0
0240,co3d/car/car_194_20901_41098.ply,co3d,13059094,0225e2d2f6f290b0b4f6fa8553e7434935cc4cb818f93b1ad3c94206fc18780f
0241,co3d/car/car_206_21806_45888.ply,co3d,6527686,5f8f254e7f7683ec1085797720babccf3373d45a1f3d7636f60a230b6776c9f0
0242,co3d/car/car_216_22797_47235.ply,co3d,8386528,324c6efb445c2a060119087be1f516454aaa5099c3b8a246af3ce3325db5083d
0243,co3d/car/car_216_22801_47487.ply,co3d,5684044,694276f406ec08cfd3ff84a8f0eb5c08ee0b5f7c740b4bbab26db10e7324e082
0244,co3d/car/car_216_22808_47498.ply,co3d,7524904,5c5e1186bcca4515789f9c5a65d31c7a26c955942e85d7e8a4bfbabfb7445202
0245,co3d/car/car_216_22830_48436.ply,co3d,7469230,eb534acb58fe9f65bbabdfc79c2a85425655b1197e0a9d302cecc4a6db1412ba
0246,co3d/car/car_216_22834_48450.ply,co3d,4763344,ee60ff121af34cb6625782ea66070e372eaa4ba31daa2f820f838e242dbb01a7
0247,co3d/car/car_250_26743_53473.ply,co3d,26460274,8d66cfabf6ccd069e648ee42d0607f6ba608d40102278aa731b6e62c43ba7a0f
0248,co3d/car/car_336_34852_64130.ply,co3d,2649621,7a0c3d26b0ac642cce99713b9e7f5aabb7d2eafca269cd250ce146ae6ef338dd
0249,co3d/car/car_340_35306_64677.ply,co3d,26460274,af6c0e26fa0f33b4d8200ffc10d36cfd966522210dfc383befb2ec33cd1ede75
0250,co3d/car/car_352_37110_70251.ply,co3d,8770819,4292d186247cb8d9ca8eef159e6ec24b94f2e80d0ca3a40b4d05e119a61287ce
0251,co3d/car/car_408_55499_106795.ply,co3d,9319783,bcf1cbdd32a12d0c756fed019418cdd1a0c2c7046915402db48d938ac506ccfc
0252,co3d/car/car_411_55957_107666.ply,co3d,22651708,19edbf09fbae69e0b978c2a188232d1631553853e21aee36822a70aea66e5315
0253,co3d/car/car_411_56047_108401.ply,co3d,8044843,e188f84c1ffa24c45bef896e18c1c176148b861f799a335a3b1d7d32eedfed5b
0254,co3d/car/car_415_57050_109683.ply,co3d,22368397,4153fae1022a1c81a32a2cad4d646c2f10ee2b0441efd42f18a2e4bc6ccffd85
0255,co3d/car/car_415_57125_110159.ply,co3d,9960628,7a10b55a97c738c93885fa2372a636a9b737e3498c597d5e122e8b6055335456
0256,co3d/car/car_417_57569_110786.ply,co3d,13181674,eee8b93d82cc2362988e72ebcf9df951b8df8f6b6bf6939a1ffc139b25174b53
0257,co3d/car/car_417_57648_111091.ply,co3d,23395612,ab71d35c3eaab4269a461ee5cc6c6ff686fafe9e4b2e6f1b9c02a35a36e732c6
0258,co3d/car/car_417_57812_111624.ply,co3d,10861105,bbb9e70991a8c895a3c9b7ed204491fc8044eb267c0f08b8036920fd6128c57b
0259,co3d/car/car_421_58407_112553.ply,co3d,5485432,18a5d336cd51a8f2312b09096320ba99063a5cc8b3982cc9208d2a7fc279ab2e
0260,co3d/car/car_423_58901_113905.ply,co3d,3526879,4852d567fea941001c7bb2780e385983d1ba83ecc1eb97f0e6cac876202995ac
0261,co3d/car/car_423_58917_114123.ply,co3d,3920323,63531fa6d993ce09084dd685681913dabd5f1b31d45992ec0fc5cd6e67f5d364
0262,co3d/car/car_423_58947_114398.ply,co3d,15221389,94cedfdbd1d24a8730b52f9f8ee09cd34212f36b555c60a3bbc09027941fdbbd
0263,co3d/car/car_425_59333_114717.ply,co3d,15801484,3979a4676ea9343640e6c82da2da7739c3fad322c1e283f621725c277c48f5ee
0264,co3d/car/car_425_59364_114982.ply,co3d,5146501,5ba1cecda12cad9c84650a5077cac188e7d9c2711a54647c702a61f637f343be
0265,co3d/car/car_425_59371_114987.ply,co3d,5520721,2e052e574116001ff7d9a61814b7c670885fe25bfb4382aced719d910e2c98d3
0266,co3d/car/car_427_60011_116111.ply,co3d,5187784,1e3f4afd8ec5335d9a185aca6e6f1a0dfafba89b58ece6c67c73e5d9d6629e85
0267,co3d/car/car_427_60020_116337.ply,co3d,20559451,61dfc6822caf24087a60332cff709bdec1309acba16570fb2c295aaef3bcffc5
0268,co3d/car/car_428_60155_116998.ply,co3d,2231283,51bb9de8f0eee0ed6bcc77bfaab6fb2633feb12cbbff2448105634df51d5bd34
0269,co3d/car/car_429_60414_117303.ply,co3d,3132274,02f7baf69bb02fafd77a0bdd48d931f1912e8d9363755df8616fb51af1be377a
0270,co3d/car/car_429_60443_117575.ply,co3d,5515348,76aebe7ec22f166da1fdb9189e3506d7835d1fe282790743a3a28f0bdbda382d
0271,co3d/chair/chair_108_12868_22877.ply,co3d,8836942,84a0cf61b293759a358e7522d878cc25932428c9e74926e5d801f230dc15ed18
0272,co3d/chair/chair_159_17478_32935.ply,co3d,205337,86f2dc550876a25c33ecc1cb1391f4e347309f08f878182b9c52bde69dc91e5c
0273,co3d/chair/chair_187_20197_37269.ply,co3d,24387214,6438bd08f30d97708266a53281f48dd182a17392e2271c3f732a03490f672080
0274,co3d/chair/chair_208_22032_46328.ply,co3d,16802860,f0fb9d09ab8804d4c0f5a3348b41196ddece7292c04ddb670b75c066256d2433
0275,co3d/chair/chair_218_23003_47536.ply,co3d,14775727,45fcdd7efcc4c676a4e89aa92ef849a25920a41dac0b054fcfa0aa22cde65226
0276,co3d/chair/chair_218_23009_47763.ply,co3d,5470852,2adf2923a3ff046fdae788a266b246ef206147544250b6898cdf19da6cab903f
0277,co3d/chair/chair_252_27040_53495.ply,co3d,26460274,b0f8f42d496db9b292bb58aeb6434bfdc5f13bd7a34c4efb74d156c59c6b54fa
0278,co3d/chair/chair_252_27055_54483.ply,co3d,26460274,6eca1ec818b9bca1a69bac2ca55001b1d3c262611c6c4dc43a97df2400e8d05a
0279,co3d/chair/chair_306_32198_61421.ply,co3d,20231914,dc65e4bed3b0575430e18d322989998cd4e4df42aa645f582dc21ae838588b56
0280,co3d/chair/chair_372_40858_81146.ply,co3d,2995249,12296e587fd7ed15c881e71b5e279b7637caec1cd9084b274e6eafd65e823738
0281,co3d/chair/chair_372_41313_82375.ply,co3d,2237655,d0ccfdf5968dafe655ebdfd88296b8ae99844d901b12a1b2b041b7cdd6323165
0282,co3d/chair/chair_373_41423_82694.ply,co3d,26460274,a61c09323a84d2637f5bd6c9f69e8213265391d7b8c9efb3e5b27d4d090622d6
0283,co3d/chair/chair_373_41638_83124.ply,co3d,10236352,079270ed2e3d4f6cd6c7671c79b52474129edad1072b29b944928f4a00294eaa
0284,co3d/chair/chair_373_41640_83125.ply,co3d,11255845,604fe4bc47c7f803bbbfd8e35da37424987443e7dc2bdb5fc1c9dc5c4e6795e9
0285,co3d/chair/chair_373_41839_83551.ply,co3d,4859734,8d501ef87ee84ab242238e7dde5d3148049a76057da99690b319e8ad473aa600
0286,co3d/chair/chair_374_42037_84103.ply,co3d,11415226,97b6033ba84699030db1e321830c40b321bc3a2381ebe2215bbb935457a7ea4b
0287,co3d/chair/chair_375_42769_85623.ply,co3d,5544886,eb2d3495cba61a0011b39e4343cd54cdff1459fd83da617405f4b4e469a6c251
0288,co3d/chair/chair_379_44467_88715.ply,co3d,12481726,445bb76bb3736d84c5e50ec2e91cd0a258bceae52d9371ae14fc4a6f81ed4685
0289,co3d/chair/chair_379_44660_89004.ply,co3d,23900836,2463ace66d73ae2e9538cb37a865ba6536851f466598d88c377b09c7f3402d39
0290,co3d/chair/chair_380_45214_90438.ply,co3d,26460274,1abb8484ac57a93bfbcfc08a1e923a7189fdffca462ff6c68d7341faf4122d3e
0291,co3d/chair/chair_385_45826_91565.ply,co3d,1630452,dc81c78d2fa6f9860d864fa772d8063fd79dcd329e145d220d888db8de2cf831
0292,co3d/chair/chair_385_45843_91587.ply,co3d,1437672,62e314c849c2db5405fe51bd7b0fcbb282b02392085a07adf52906a2a937c423
0293,co3d/chair/chair_386_46115_92065.ply,co3d,2850637,f537b318c95bba48794340f979fca76b12a17ab88206d3bb95c8e93c0c675a6a
0294,co3d/chair/chair_386_46352_92395.ply,co3d,3276346,945877d4225a1bdb17b906c79ba2b03bb58da98e73c1ebfe46f7d6f9ca4fc868
0295,co3d/chair/chair_387_46782_93112.ply,co3d,9161887,fccdd529e69b178c53ff505b10a6a3c0adad16729c8cffdc116c36f10ea39063
0296,co3d/chair/chair_391_47045_93682.ply,co3d,1649784,ceb893135f9da48f27e7a93f50c1ddced821b5051c1a1d958d6013ae32a017b0
0297,co3d/chair/chair_392_47589_94613.ply,co3d,1944165,c503544db37d13bc5ed4b01e2ca174ddebbd97a70c6647e6dd4dd04af0bca545
0298,co3d/chair/chair_393_48116_95431.ply,co3d,3432352,eaf4079cc509a7926f3029253815c1466788bd6344653c4cfef422d81ddede70
0299,co3d/chair/chair_394_48470_95893.ply,co3d,26460274,ec6ffe95cc4534bf3859c5b28fc38d861d0ffb4aebea303748362dbb6faea4b8
0300,co3d/chair/chair_394_48732_96378.ply,co3d,12165016,9a02ef081fca1337ad40586026fa0ec0fbd6ca988100b9be30376c14347c0701
0301,co3d/chair/chair_395_48877_96751.ply,co3d,956586,f489b3c710355602f82d7ea79f766692f1b6f1e740f7f0628e97832f8db0bcb3
0302,co3d/chair/chair_395_49189_97201.ply,co3d,880689,d23a24651bedc46264b2e4a182feec0936cc307e60d9bdebc78f3544f6df39ba
0303,co3d/chair/chair_62_4323_11208.ply,co3d,21372772,1c619c44bd8573064bf134148af48a6fb2eb74349f122f4dcb665b90581f2daf
0304,co3d/chair/chair_94_10349_18873.ply,co3d,3682534,f7217927013bfb19bdb65e38a9641ce642e0ab6ba17e36cc0d0e5c38a8ef7d79
0305,co3d/cup/cup_14_167_1083.ply,co3d,1396254,a3df0b87985a426905583a1f1fe82f3299d42627b732087fe69f2827226a285c
0306,co3d/cup/cup_20_692_1363.ply,co3d,150500,3a285e2219b4695592e8079fcae966db55dddf906616a248971937f204833b1f
0307,co3d/cup/cup_20_699_1398.ply,co3d,2101980,25990e4ceaaf3e195580cf18e69f9ca790b115b68a2b0e411faa59a3f3665dcc
0308,co3d/cup/cup_20_722_1367.ply,co3d,393420,c3ddf5a86931f023dca405ab553c836da1a9a4db3570d3d22f9dc38b0092a93b
0309,co3d/cup/cup_20_735_1524.ply,co3d,5183194,234298dc4df5beb593cddac80f6182ef951b80a84d0b3fb8f6994f8f64512467
0310,co3d/cup/cup_28_1012_2890.ply,co3d,2933743,68199a7a0c1e92bee418fd7f9a0e880b49df2df5662e721b02061b311b54ac44
0311,co3d/cup/cup_28_961_2790.ply,co3d,7086289,4bd6944cf03ba4fa6b38e8de61e6c17ecfec885b0436b2fceb24c1bf12de66f9
0312,co3d/cup/cup_28_985_2856.ply,co3d,578343,8babe10e0e69a513c9c5b35b39a64effc730065750ed478197cbc59bc4e1528b
0313,co3d/cup/cup_30_1131_3368.ply,co3d,26245,55ab1e8df92ec108c236630dcfbad7167c3d7769e770b4dfcc04f69acc18214b
0314,co3d/cup/cup_30_1181_3482.ply,co3d,322707,6478dafbd758e14e9eb8d3746a74823c914bebde15a692dce89aa2b764af74f8
0315,co3d/cup/cup_31_1244_3768.ply,co3d,12322507,0a03eeccf1f241980e68c3d4b92db26799c1b7640d366a09be161dc154f6e280
0316,co3d/cup/cup_31_1251_3739.ply,co3d,165566,d0d50f108fff76bf171da88f7a2f47923aadf1ffab14cef69e6bb9ab2b8b78d0
0317,co3d/cup/cup_31_1257_3748.ply,co3d,1712505,08df4d56744301ae162dd61dd57950547d92c56f1732206cc0da55dc8befd070
0318,co3d/cup/cup_31_1303_3998.ply,co3d,262037,0907b101771f6d0cd18e2bc906d71f4cdab580217a5b91078664c087932969a9
0319,co3d/cup/cup_31_1323_4173.ply,co3d,3558469,89bb6dc1d3c694e94711686544afbc793c201b7ddd646949e564ef395c086e39
0320,co3d/cup/cup_31_1343_4074.ply,co3d,1703001,37c9a635c313f16b23e35816478f02f4bbe8ab657d346d3be257831827ed8f3f
0321,co3d/cup/cup_31_1371_4199.ply,co3d,2749657,d78d9ee8fbd6850a54df46057f272be70e6674e30a69c4525fd200a1783b4850
0322,co3d/cup/cup_34_1449_4510.ply,co3d,5530684,4d908df5c4b65ab32e3babecc51b3968e175206221aad5d78b0247e4903cfcd3
0323,co3d/cup/cup_38_1703_5093.ply,co3d,804981,504b0a454f82126e8c1db8b337f8b4c080e99d996e6d7e3356886d11322e449a
0324,co3d/cup/cup_38_1704_5094.ply,co3d,504363,37263ab14fe44e9ec403d021a68141eb5d99a543432a4658ab87e78f8fd41887
0325,co3d/cup/cup_38_1714_5114.ply,co3d,819831,621a449665d44ab26c3e875ab6e98b92b922997adcac8aa013902b3318f680f7
0326,co3d/cup/cup_396_49628_97790.ply,co3d,2682075,f6815e04c236d53c6ee5b123d82ab877b5d4bdac52f22100afd6c3853fc4bee6
0327,co3d/cup/cup_396_49651_97831.ply,co3d,2610525,04d873ebca8b28f7e8d012e4e395e43925ebd9d1ba4759d729f90094a129b9c0
0328,co3d/cup/cup_397_49956_98357.ply,co3d,2525340,0c638bbfe34ebf1e9594cdfd2f563b757c9c217f2df4ae39f931121353d74d56
0329,co3d/cup/cup_399_50876_99807.ply,co3d,12219691,5aba70c28b3c9d6a29125a04d81db6eea84cb02efbdababfb7c1d96359c64b05
0330,co3d/cup/cup_401_51930_101778.ply,co3d,619518,4213ae47be832d8082503d80adef9681f7930f06d7197b0c463712dd97d940c0
0331,co3d/cup/cup_401_51947_101871.ply,co3d,12796087,07c1e83fb5d3a48bd23b13555c61d5b67cebc6963c6de90e1e71bf0acf16f91d
0332,co3d/cup/cup_40_1879_5824.ply,co3d,1233336,11f764d6353618e0e1adedc6c498f9f6cc98fa5d43f7e405ecf61d5d0720523d
0333,co3d/cup/cup_40_1881_5753.ply,co3d,2959339,e2dea2b506ad866f531a0c0c014bddd74cd27eaf3158623960a7dc0014a723d4
0334,co3d/cup/cup_40_1887_5778.ply,co3d,404409,de4b2f21139cb78b810753ce6a995fce1930b842dee6e81074d0bf56a96462aa
0335,co3d/cup/cup_46_2535_7468.ply,co3d,1087833,ed8087d01df8a87d9e3aa6ab258728714a3559ae088ee04310934ea15e44747c
0336,co3d/cup/cup_46_2542_7480.ply,co3d,265304,595f895a07495abf61bb0cbcc582619f77809e68e4a98c7c402722c8e776d9e5
0337,co3d/cup/cup_46_2545_7603.ply,co3d,16780963,b67fe7f97e4b24dde3a858ae7e4369c246ddec5febf127765012579b04612cb8
0338,co3d/cup/cup_46_2551_7489.ply,co3d,199127,fd049985a44d862db8b788a30f66990abe993810e2bd93fb13a8da1ed017d65f
0339,co3d/laptop/laptop_112_13258_23186.ply,co3d,23417401,383ac50f6dd60d18bd16fe1c39378573c063a135cb8dbe27ac7d2e41ce71aae8
0340,co3d/laptop/laptop_163_17903_33591.ply,co3d,942573,e155da614b53b0b1a1a70692fc5b4de4e15b5b5d6f31e908ad10baeb164eaa72
0341,co3d/laptop/laptop_173_18781_34032.ply,co3d,10102972,e9d6679cf499f7f1251c546c08d997714987aa7be5a8758b73850693b104e33c
0342,co3d/laptop/laptop_173_18799_34583.ply,co3d,19979113,2b7aa85d8f6345a72cf5f94b67d9203146105b430ce1c6ef37db89704a462cf7
0343,co3d/laptop/laptop_256_27670_54559.ply,co3d,4332154,a7eb8d05ad9943d16a3e4051919c99d2ae881089f24d560cd71655353056c82f
0344,co3d/laptop/laptop_274_29348_56044.ply,co3d,3901450,87965a68e268c7babe74be608dee32f16b3eb214b19deabf2d9fc8fd75cca8c8
0345,co3d/laptop/laptop_310_32779_60492.ply,co3d,20546761,6874ee46debfb3f00b3924b5da13a9c01c82ad9b2312ef2c4431872633387c3a
0346,co3d/laptop/laptop_341_35503_65233.ply,co3d,26460274,9ed0aa632548cf7bc4a3f4300fd6359029345daf8f929f1742e2b1f1d87b7e8e
0347,co3d/laptop/laptop_372_40947_81629.ply,co3d,1097040,3c39b464b53e6f939ce152d7a26c1615151ecf0e0d7ab44e5f909e7c545a53ba
0348,co3d/laptop/laptop_372_41147_81937.ply,co3d,8092336,01a2815e19fa2db688269cb35e2c41574f9d14b10cd7956ba4281959dde14473
0349,co3d/laptop/laptop_372_41244_82161.ply,co3d,2604315,14fc1c2e5c9d21a89be3171fc256e588827b415c66ae41b86dafaf8f217af910
0350,co3d/laptop/laptop_373_41386_83133.ply,co3d,2745526,190c734ab078cf202c886055afa313a4d619660aa44348f09ac2f8ac8b8900ee
0351,co3d/laptop/laptop_375_42510_85186.ply,co3d,13721593,8918fe40eefd6aaa5e81dd2e8b5abdbcc674907897ac7429c47e3f521d56d467
0352,co3d/laptop/laptop_375_42576_85306.ply,co3d,12513073,13d2ab61281b21e2585d494f503d4198235d1c9062618ed4750019018a4c8290
0353,co3d/laptop/laptop_375_42785_85646.ply,co3d,4319248,94d8e7c294f270c80b7ef83e188053e6e180aab2cc9e78531ad79c22d8af9efa
0354,co3d/laptop/laptop_377_43501_86610.ply,co3d,4260199,9e335900acf91627e404ab3876f6f549da11cab6878f656fecf383ad2ddb9cf2
0355,co3d/laptop/laptop_377_43711_87031.ply,co3d,8624398,0d6a5d7e2288b2ca3942dd433d5aebce089470689df0d1203824b003c948c203
0356,co3d/laptop/laptop_378_44140_88015.ply,co3d,2644950,9e799c42cc05c61bb4a9fd1a827703069ec9a75cc6e051257fd2d1e428316685
0357,co3d/laptop/laptop_379_44809_89343.ply,co3d,3311635,9e8672bbb64e4022021e1fa69d3b777edc494300325883a4b850cdac906804a2
0358,co3d/laptop/laptop_380_44987_89965.ply,co3d,2788888,2a6b24acb26980eb4ad8e7743774bfdf0831d02abe959897f6f7d6c2d193450f
0359,co3d/laptop/laptop_380_45100_90310.ply,co3d,1765803,8fc8c200aae3458889ff2009e6d463533bea070d9624498d3d04cbc1ad5301a3
0360,co3d/laptop/laptop_385_45767_91484.ply,co3d,26460274,f81107daed1aedb7c5b5a98c1d61d43a3ab79b59c361f4ba7e128bfba698ad90
0361,co3d/laptop/laptop_386_46088_92012.ply,co3d,3911683,a1103132a3c88b197250f5795e6dd032a303c9a6b4bd78e232b14b507ce33c43
0362,co3d/laptop/laptop_387_46444_92627.ply,co3d,19406740,2030278c72aa40cf0beb2ca7ba175b4949134481c21fad71a885f9ddbf445980
0363,co3d/laptop/laptop_387_46651_92927.ply,co3d,18417244,79c83fd5c7618bcf523eb0d69842bc4d633c0d9b1a8af70bdacb1eec2c0bfc22
0364,co3d/laptop/laptop_387_46662_92941.ply,co3d,3466939,79703a2982633dc80d11747939f4475867effd5381c810e3487b0272bf44e2da
0365,co3d/laptop/laptop_387_46813_93146.ply,co3d,3351487,ff5b85f430ec7b8d7a077880441eedc737fb03a2b6d5b0ba89f1ec1f1b2eab7e
0366,co3d/laptop/laptop_391_47338_94112.ply,co3d,1394850,ab4fd7f970d6e992815e8a900407e28c95e547e07b87a59cfd7c2949b3a55cc8
0367,co3d/laptop/laptop_394_48493_95957.ply,co3d,2001486,3fef81638c4a8b45240dac27a0dc27af28f90cbb5c0834de35337106f1ff88d7
0368,co3d/laptop/laptop_395_49111_97099.ply,co3d,6733048,c47edcc3c17d04fb1d0bc364bf840fb37eb8e53dcefa71036fb98358b68b4d74
0369,co3d/laptop/laptop_58_3355_10203.ply,co3d,4662688,64052230181cdeb3a242d5eb68c59df5cfa1213cd23c8a63ec333c18e44b0d3a
0370,co3d/laptop/laptop_62_4325_11270.ply,co3d,5213920,5e81024923c69d54b272b45780be587ba0e72be3992c6826e24c875a98b40731
0371,co3d/laptop/laptop_62_4331_10677.ply,co3d,1513785,aa60c257ff25f6ba0ab0d9bea6c301b95f94f41d584cdb9a183e63aa5e82c364
0372,co3d/toyplane/toyplane_190_20485_38424.ply,co3d,2746903,6c029f98707a7441a142fcc86fb302b563d816149e10101c2813875c2ffd258f
0373,co3d/toyplane/toyplane_190_20493_39384.ply,co3d,13603738,635ac8ec82879dee676e853da92cfe3cfde6bd8a32e87ea20270ca0468453925
0374,co3d/toyplane/toyplane_199_21386_43613.ply,co3d,8645998,9ef20f49230ff78ab76b0f475c209a3122c72aee5a80d9a0b69f6aadf18c9ade
0375,co3d/toyplane/toyplane_221_23295_49050.ply,co3d,1159869,ae455a889ec545ffdb819a926c5eb6073ce2330f45254a3319751989e8869f52
0376,co3d/toyplane/toyplane_255_27510_55367.ply,co3d,124877,d46bd2525c048f55bcc3c1cf6ad9e56684382e230e7e9fd1a9edff5490b09cef
0377,co3d/toyplane/toyplane_341_35560_65483.ply,co3d,3009667,4cc08fc848c242791d34ac2657ead0563e14dd938eb0b9bd9fc4b76e9adc5928
0378,co3d/toyplane/toyplane_372_41068_81773.ply,co3d,1438995,9bd9ee81bbf6a9ac42ffce56d8c882e507b933fe08ec68449533f60cf925d8de
0379,co3d/toyplane/toyplane_373_41519_82890.ply,co3d,3966628,8f8c7aa8887bde7934ebcb46e6173672428151b1f3033da24f330b5db24e0d42
0380,co3d/toyplane/toyplane_375_42646_85487.ply,co3d,3418555,aabb995528a5db6ece3cfaa2065f181524652a6e41c5afedf775c5b9fa8c4730
0381,co3d/toyplane/toyplane_375_42843_85763.ply,co3d,2174421,fa91f4f3a4090d24d180f591cd2c39059468d93e636cf1eebf08304b095989d4
0382,co3d/toyplane/toyplane_386_46150_92123.ply,co3d,12401671,eba54f0cfa9f970f8c5b6eb10137d6031bd5feb8c6913ebe5f877b4a7b248eda
0383,co3d/toyplane/toyplane_386_46303_92328.ply,co3d,12288028,3bef6900e67ffedd8289f4fd162bf9af3d9374246618e26ae6af2b9a14548d30
0384,co3d/toyplane/toyplane_394_48374_95780.ply,co3d,1500420,82a28aa7905c53a94b1da1537cf891c892421eeb82130e0192060663c0d349c0
0385,co3d/toyplane/toyplane_396_49504_97633.ply,co3d,2300322,4b4ffa9cfa116a42c729cba3e27805201561a0c8a70f73116f9730d236f471fe
0386,co3d/toyplane/toyplane_397_50018_98443.ply,co3d,1908039,cc3fc77bd7fa448a9c9eb9706314540bd88439d3e3c1bd84d444b2a7f2632373
0387,co3d/toyplane/toyplane_399_50966_99987.ply,co3d,17894011,6f59e19c298778c9c2a38db864e1a307162c4069fc5974e19bea01c5aa281300
0388,co3d/toyplane/toyplane_401_51935_101794.ply,co3d,9080293,33a0462c77090e9819b51061afb1f4ff7b82b2cd886c0e9c6cc50fd9b6abd872
0389,co3d/toyplane/toyplane_401_52145_102231.ply,co3d,11435611,4cf8eb8238f70591c5c83f97ee5b4ebed7688fa0e38bd0dbe306651aa51715a4
0390,co3d/toyplane/toyplane_402_52471_102882.ply,co3d,3733402,f60a29128fb57bdb95c5fc362fe1e330911f36e0a62d6929418df3f3f565b3bb
0391,co3d/toyplane/toyplane_402_52498_102886.ply,co3d,400116,f75a9d03eff6406ef568fc7874e5fd48952f2f10b3b2203a181797aa768ae5b5
0392,co3d/toyplane/toyplane_402_52610_103050.ply,co3d,2301186,4d802137094bca83a91b91e53eaae6f301c5ad77038200153897b81c56bba15e
0393,co3d/toyplane/toyplane_403_52933_103359.ply,co3d,7173580,8784f348e7dfaf5993ef10e0a9a33fce586a18ee5799d9c7b9552cd35e539305
0394,co3d/toyplane/toyplane_404_53503_104316.ply,co3d,3856495,a9e5dba74754470f379eadb2469fe9bf07eae500ed7e4863c1e2c6563e5eb81e
0395,co3d/toyplane/toyplane_404_53720_104765.ply,co3d,2469720,eefd2f5681c78eeedc38b3293300e985f62f244422ff6c7ce568779fa877ab9a
0396,co3d/toyplane/toyplane_420_58331_112930.ply,co3d,1294437,b025e355677216c377ab841e44739c50f5f5cb81a75baa0e5bf5a7d01512f334
0397,co3d/toyplane/toyplane_420_58332_112993.ply,co3d,55622,0c8b1eee4a1979d0506ac986f9ee9fb91bfa314d062b0589c37b8251d7ac3acf
0398,co3d/toyplane/toyplane_420_58343_112950.ply,co3d,4495504,cb68019f80bd11bb1c37b83013c567bb45069da1ee88dc1cd0670415fea2fc04
0399,co3d/toyplane/toyplane_426_59804_116487.ply,co3d,1870455,e4850ff922869c157aff64b4b661cc7cb9e2589d68c8a595ca78f0e9e3c9e6f8
0400,co3d/toyplane/toyplane_428_60139_116850.ply,co3d,6595429,19bfa9caf2f55e513fa7730d133b5ef483d9e75d3f5a6940c2e0aa09bd75c058
0401,co3d/toyplane/toyplane_430_60652_118278.ply,co3d,283314,14a75bbb01e4e8ae9210f82dfdd88b46be0016c583a6817c2b803cbc20d1111b
0402,co3d/toyplane/toyplane_430_60717_118939.ply,co3d,5053810,9b8f86da2c9d7191c670218ebecc67660dea44809272a66364c772895c0f2c4a
0403,co3d/toyplane/toyplane_77_7901_16266.ply,co3d,16892689,938d7398f15781f1e8551ebc71f88d519137eeb9984dd330aa3effc6b08c3b92
0404,co3d/toyplane/toyplane_77_7950_16420.ply,co3d,4626778,df49b9ff2d805d38f3ec797398293ecc17ad5d02017d189caf1efb6885a93417
0405,co3d/tv/tv_28_929_2774.ply,co3d,171317,4653e825c48b98c9e26deae68e7d8081a5131f1553610a09b07b716764bcc4c9
0406,co3d/tv/tv_28_940_2112.ply,co3d,1965765,d0e7356b4d5a7a0f62ceb3d9cd1edfd2f40ab6e7cdf12c526c5ff5641ae94b61
0407,co3d/tv/tv_28_951_2618.ply,co3d,1064019,e0d1994a05fdb0922968db650b35fe7a354206956224c39fe78ff4f0bd9a732e
0408,co3d/tv/tv_28_967_2810.ply,co3d,148016,f80bb1a120fada457a35b10bd1826c53fed75d4883246c48f494f85f7f0dc761
0409,co3d/tv/tv_28_984_2853.ply,co3d,449715,7ad74b39df6d1446b59f814cb0cbea73f3bab758a1573747bf86912583eb3578
0410,co3d/tv/tv_30_1120_3348.ply,co3d,2397549,b7f33844d2ce376280584c4387098a096f100b9b35cdc83829b49871f3f4b011
0411,co3d/tv/tv_396_49386_97450.ply,co3d,10035688,bf317f63533d44942700a3c4377751a708f02474ccf1b6769de1d696fc22c797
0412,co3d/tv/tv_396_49452_97531.ply,co3d,11076835,1ce55a0ad406467ae83c440666dff8ac659dfc9bb2e9f7d05f20ed2970fddace
0413,co3d/tv/tv_396_49557_97699.ply,co3d,1319763,ad563d83fcd389ce5feae4e4976997080e52027b7be66b17593283bd48e1d733
0414,co3d/tv/tv_396_49581_97726.ply,co3d,9477382,e44bde92d082ba48a69e07fc833609a8905fb95576687e2ed714e56d5bdada75
0415,co3d/tv/tv_396_49630_97794.ply,co3d,2597592,cfd5b9ac2e2cf9f1cb84214f03c3e7ca89e52978fb80483abfd94928ba11292b
0416,co3d/tv/tv_396_49697_97892.ply,co3d,503013,7ef0736bbbf92d2f62631b5e4a2ddde022370eed935601ba66d82a4ca5b3ddd5
0417,co3d/tv/tv_397_49980_98389.ply,co3d,16483180,a5deb46d332e9c0a970c91608f7cef24bd6404c3e14163de4388276ab2fb54e2
0418,co3d/tv/tv_397_49994_98417.ply,co3d,15335653,9aeb78e952e40b75af8cc415993d2a588384de7901779ede75dd14b29d873585
0419,co3d/tv/tv_397_50106_98543.ply,co3d,510492,ed6afc50c1a3e3ada72e103d1c8ee0b8b3eff3a64b82d4d6b7b2b9c7993c0965
0420,co3d/tv/tv_397_50126_98564.ply,co3d,4283581,33c56e40af2d175659107c72402e33c4657b8f43bf4dc3dfd5f99528d3886575
0421,co3d/tv/tv_397_50305_98781.ply,co3d,1883064,01d5a4122292e8e0640e6d6e683395744ff2d27c7acd18db68061cc63e2ccc2a
0422,co3d/tv/tv_397_50319_98835.ply,co3d,3206092,b61d0e4ba1a081ccdd9a6e695fba5bd6dc7f5dcab09ea7ac20d31751ce227de7
0423,co3d/tv/tv_398_50377_98938.ply,co3d,1426008,86797b7eabe57a67a6732f8232893639d29cb42624209dba449afec01b1af862
0424,co3d/tv/tv_398_50419_98956.ply,co3d,324894,e0c959889e9247d4ad5a88dafea7db735b02072903a1b6df94c5bf37f140e199
0425,co3d/tv/tv_398_50447_98995.ply,co3d,4607770,0149dfdb4b60a7321dd812a4db9e6fda87e3466bab07c4ec8c89b45d4fe5f8d4
0426,co3d/tv/tv_398_50481_99038.ply,co3d,3241003,392b33817590f3e926cfb754465f3f32cff430162e9b9ccc7b7b12734d285b53
0427,co3d/tv/tv_398_50483_99041.ply,co3d,5688796,c467f3e8b739bb00a2feb25f180987158297fab3565024e465298e535b1b7f3b
0428,co3d/tv/tv_401_52103_102180.ply,co3d,850881,e6800c4a9ecf0033c536493f1a390f1bef618cb1a04b5277c3b228c3ae1f0d0f
0429,co3d/tv/tv_48_2704_7985.ply,co3d,632208,11d67723bbec8e14e7d2fd0a7a00695cb45093e91a598a1a201743f49e36a01c
0430,co3d/tv/tv_48_2742_8095.ply,co3d,7956796,c2ec60f93829b3cb45c7bd179e21f024e8f94c018f860c327f36fab49f11a866
0431,co3d/tv/tv_48_2757_8246.ply,co3d,7761748,01eb4461e78f621875d8a2859ff86a72575c832d67eca890ac0fbf08b66c1446
0432,co3d/tv/tv_48_2763_8316.ply,co3d,5998756,7af3dbf9a792667bf88a069c53bd06d4d2d64c6e8418c27e103f332190a99bdf
0433,co3d/tv/tv_50_2968_8917.ply,co3d,3648622,fce3d528f54f8c854a2ca8da4514e6a651e924659825404b61507451bb3a9ca1
0434,co3d/umbrella/umbrella_112_13309_25708.ply,co3d,26460274,d72b7e5135dfed2b8e91f6b6e8d8d3346ab3ce60c8ea2d337fbb8b5b7c573ed9
0435,co3d/umbrella/umbrella_222_23425_49044.ply,co3d,872913,bc2897562f0f31b0d638980bf2ebff74285933f38e2c22a5215b1b1d726721ab
0436,co3d/umbrella/umbrella_256_27682_55364.ply,co3d,20881399,75cf7115eb5696f7d31c3350083e491f71210d69cb467052973828ac3c08cfa9
0437,co3d/umbrella/umbrella_350_36837_69061.ply,co3d,7462750,435f6c748f5559f01fc0b38d0a642e29c2590ec2f85c57cc743e441b166d171c
0438,co3d/umbrella/umbrella_373_41448_82858.ply,co3d,2312391,e7e0ffcc00a8a584cb40ab65630ae393ded76eb0ea766e29ff3f57949ab076d7
0439,co3d/umbrella/umbrella_375_42673_85481.ply,co3d,19060411,d23d1707f020d196c5ce8c6c1178ac4c12c89f1fa836a7642276902bb672f6e7
0440,co3d/umbrella/umbrella_377_43554_86999.ply,co3d,6017332,c1410aa16eb91c350944f1407486e6228557223429a8e6169c37cd28d6a9fae0
0441,co3d/umbrella/umbrella_379_44442_88515.ply,co3d,2421606,5b5fedc96835801dad32177276df4ad9dc6cfa5062569191ccac60a5040a2767
0442,co3d/umbrella/umbrella_379_44505_88883.ply,co3d,9736663,754688bb10f366c9860e071236a14a04a0f85b98f12b0bbba45b508e33549440
0443,co3d/umbrella/umbrella_379_44713_89105.ply,co3d,26460274,9cf821c43eca2564af3c2000f85d204329140b4a01eaad6d763ad3e9d4fb16a5
0444,co3d/umbrella/umbrella_380_44878_89626.ply,co3d,3741691,349f0c8a042b5d4d87d886eba3a69b06ebe55fbeb039cdbeda9d19b5ea9c1159
0445,co3d/umbrella/umbrella_385_45598_91212.ply,co3d,5527336,30cbcce5355179a642945df83bac053aaa3c67af745f6e03581130ea6626303a
0446,co3d/umbrella/umbrella_385_45649_91301.ply,co3d,547374,9d8f8d58eb07fc7c9cbd2b5d4c7d7c0da03cf5232ba1c9f2dc73e2d47c1073b3
0447,co3d/umbrella/umbrella_385_45650_91382.ply,co3d,7541374,cb3fa8cd3bb297573f70694f1589cc4f18d0274647072e94b3b5f03560224004
0448,co3d/umbrella/umbrella_386_46313_92339.ply,co3d,165215,f3bee8fdbd62ac89f8f86328bc9241e12530c3af8fcba70a3dbb2a3d91ec4b51
0449,co3d/umbrella/umbrella_391_47170_93858.ply,co3d,519267,fa88f8aab9d7d494e56282d681e1ede9e4274a6cf23c7796bf34925ab7cf558f
0450,co3d/umbrella/umbrella_394_48792_96507.ply,co3d,341148,838ad69f519e7aa78c212dca7788fd3bf9ffdaf399fc82598565b9a94b8d7421
0451,co3d/umbrella/umbrella_397_50099_98534.ply,co3d,5456623,ceb776303d83c598cc1704a5326993630d8314f446978d2d20d661ec4cc1efa9
0452,co3d/umbrella/umbrella_397_50251_98716.ply,co3d,26460274,6d533b7671fa7ef5f89e622f45888769fb21b76dd873c223a934b77903dffc67
0453,co3d/umbrella/umbrella_398_50384_98900.ply,co3d,13037062,f12f94dd994a6f5cdb512bcf1d83127ba2135d25d2dd7d7250d0bf085f681da8
0454,co3d/umbrella/umbrella_398_50772_99640.ply,co3d,26460274,0a0680b78d19e846174491faad115675693753972cc7ec93c3a01ae450dbc567
0455,co3d/umbrella/umbrella_401_52063_102129.ply,co3d,1532253,55bada8a0a961aa804fa83491f49192738d2bb3a2e73f1f2b21479c6fd062a30
0456,co3d/umbrella/umbrella_401_52230_102369.ply,co3d,2088183,61745b5be20bfdb9921a30e58b6fb439144c824004c51bf075a8a158357c2775
0457,co3d/umbrella/umbrella_402_52632_103091.ply,co3d,5194453,3002fda2199099b84e0a06ff495eff185666ec429c3e12ce5fb65b3cdd99f790
0458,co3d/umbrella/umbrella_402_52637_103092.ply,co3d,9749029,e6f67f2bf5e394404c8ed9283b3bf9b57d2a577b6d6ed1f1358f42a4216c5c18
0459,co3d/umbrella/umbrella_404_53793_104919.ply,co3d,3350353,83c7667cbcecf70dc097a1100ba9e1e1114acf8e471c34d83bfbd307e935d502
0460,co3d/umbrella/umbrella_406_54421_105670.ply,co3d,25134763,a7d7e61088006fb6355698d4e64b474f1c69c5c5944f5722a3cc5d338095eb69
0461,co3d/umbrella/umbrella_422_58666_113651.ply,co3d,10176142,f1739d233d409650475c32700b77cf7ffababb59eb027fa2b35e967bfefbfcab
0462,co3d/umbrella/umbrella_422_58668_113653.ply,co3d,7763881,fbf4a634dbc109929ea227fa4a1846597c5b4faf8cbf90a4e7dbfef3f75724c6
0463,co3d/umbrella/umbrella_428_60185_117278.ply,co3d,26460274,45abbb6e3182923eb41d78c12f2b83945abeab6728e9f0900d2e9593cfd7b2d8
0464,co3d/umbrella/umbrella_430_60629_118127.ply,co3d,6505141,af9f063107dcf9cb00c6c004e2b181d7f6e380f292ccda1c1f7b3175b88eb126
0465,co3d/umbrella/umbrella_430_60658_118431.ply,co3d,2968060,9765513102e0af1aa0d552fc94951f7591a33dc77e7af0d556d252c03bde1087
0466,co3d/umbrella/umbrella_430_60661_118448.ply,co3d,26460274,cd085ad9524b55227397979d40c6dbb00c3071c8575229c1af796ba4accc5663
0467,co3d/wineglass/wineglass_109_12971_23739.ply,co3d,1817805,d839fb1989126c5e3ea8e2b715a8d7aa8c3f901a7b68d7785161580d148b02fa
0468,co3d/wineglass/wineglass_219_23092_47170.ply,co3d,4079083,cfec0669c4ffa8eccbed51f440a8a919829eebde86b92b2653ccfe45111df4b3
0469,co3d/wineglass/wineglass_247_26513_52349.ply,co3d,54461,054c50367a96857538c392c23e799d197a71d2b1909c14a7d32176b9dbbdf35d
0470,co3d/wineglass/wineglass_253_27192_53554.ply,co3d,6290896,c8afb784c08b026ae9bb547a0b193f4a8014c82464e21cfaa42403c3d9f98244
0471,co3d/wineglass/wineglass_253_27207_54274.ply,co3d,10998859,43eae1ff54989a2665c3d9110e90f6a168841f45706e24c846de42e59664e84b
0472,co3d/wineglass/wineglass_253_27243_55388.ply,co3d,5400193,1dc7f304ccf02539f35094405fbc22443428a7bb8a3db70953e60a9c2748877c
0473,co3d/wineglass/wineglass_262_28098_53405.ply,co3d,6952693,16b281f048ee3d80ce313c7040ae2ed4f42bd9118ba24778ba351a7ce51657f7
0474,co3d/wineglass/wineglass_341_35573_65528.ply,co3d,5424736,95460694ebb74e90bc29c45a5f17e3076aeb457661c73313824575fc3081d565
0475,co3d/wineglass/wineglass_350_36708_68420.ply,co3d,8166721,efaaf84905f4ec8ef3badaf8c5264d402425ac1c8993e8b751e21b6dc2ccaaa7
0476,co3d/wineglass/wineglass_353_37323_70286.ply,co3d,201125,48d1344192c015f02ba60d80b764c3dc4db5976a7a801c1567c0876ebfc613d8
0477,co3d/wineglass/wineglass_373_41406_82646.ply,co3d,2648406,30be1207c47a90a97ce3856ef28f4354556445c6116d107c85cbbd00e46e6b96
0478,co3d/wineglass/wineglass_374_42248_84566.ply,co3d,3188218,6405f1830571b1b6ec58d198311e44ad7cb430aae36c4a4f9ab7ff6bf1bfd74d
0479,co3d/wineglass/wineglass_375_42730_85575.ply,co3d,7576312,86298a064e007b20d5538d047735762a0d92573fd6e05a73db41f92f58f5c6a7
0480,co3d/wineglass/wineglass_375_42798_85660.ply,co3d,1436511,7e498111702b64713e88e201c067a521be654e783d9d7f7790c15fa3c6897df1
0481,co3d/wineglass/wineglass_377_43357_86233.ply,co3d,7759156,8fe8fd164ef3008c5997f0fc2612ead57a6b1a6a94b3afea7891cf12f93c1b41
0482,co3d/wineglass/wineglass_391_47013_93643.ply,co3d,1673112,0844bb7e9d52e68c3824192fb4b36cc56bf233b4ceae9363fb7a258aaf2d781d
0483,co3d/wineglass/wineglass_394_48839_96571.ply,co3d,355323,8f2b0d499bb86d76ba61e675758adae26b764c9a1e08bc34c3ab9eadd8b07ab3
0484,co3d/wineglass/wineglass_398_50461_99009.ply,co3d,198776,f53bfa54270bcb5cdac90fcec4333476642bc5491cc54b950d8a9c8410ce7476
0485,co3d/wineglass/wineglass_399_51199_100532.ply,co3d,3100360,6664fa28eff397f50036e73f86a9f3d6a3a73f9d18d1f0ee7445f09337b123f3
0486,co3d/wineglass/wineglass_401_52175_102264.ply,co3d,1882524,9d89cb7b5c22f8c90fc048f3e5910a339b05cdb8d69ae17f01c8496792d2e6d4
0487,co3d/wineglass/wineglass_401_52304_102421.ply,co3d,3061372,cea07cfa26bdcb39425cb9004430540e650d0281ec157c96a5ef5c0256c13f84
0488,co3d/wineglass/wineglass_403_52886_103218.ply,co3d,5202823,daedf9ff948bf0048c58ace841853fbe3c3338462d95a872a2dfedad6328a516
0489,co3d/wineglass/wineglass_405_53934_105154.ply,co3d,510654,c2a42a25433a02f539f20ada10e04b61a2b999b1a679d61993cc97749ed0e930
0490,co3d/wineglass/wineglass_405_53941_105184.ply,co3d,4410427,e806943fcc23f2881181e5e1fc683e2d9ddecde194db0be1bf5e8589c103d33c
0491,co3d/wineglass/wineglass_405_53999_105306.ply,co3d,3846964,9bbf88adbca77029d8402b5e4a4a1a7278193c39aab4cd895c078a201fd3140f
0492,co3d/wineglass/wineglass_68_5155_12204.ply,co3d,5992897,7f213c12c4fb1e63e48c2331bf4cd38ce70be5c6b14cb6300ac345fc012a0429
0493,co3d/wineglass/wineglass_68_5157_12012.ply,co3d,486921,2477b32136e4bb8de7ba408981175ea766f415f9eae3b0faa7fbd21a1c97810b
0494,co3d/wineglass/wineglass_68_5221_12293.ply,co3d,223832,799db4f38d1bdee08cd93474c137fa37d7b43b16db3b08f28ed49d795248a5cb
0495,co3d/wineglass/wineglass_68_5308_12434.ply,co3d,151040,7a8b11f0b1c441c72c9320aaafcd47153d3b60782dc0bbb0c6e63d778689695a
0496,co3d/wineglass/wineglass_68_5319_12447.ply,co3d,122231,8eb8bf596f18d643b0522220791e08bcb6dfe9013a0e855f80cf515aa805228e
0497,co3d/wineglass/wineglass_68_5320_12448.ply,co3d,571620,2f2f9f75db2c7b478aa4d3398b9ac2b7a02ea8766f36a7e6e1eb2b6cc48cd3e7
0498,co3d/wineglass/wineglass_68_5324_12452.ply,co3d,141914,b186c4e8701ba5e93c07c27910275484c0ce0e7e9810be74cb6039f98ea94c70
0499,co3d/wineglass/wineglass_68_5325_12453.ply,co3d,25057,161351e4f9813a967f9bf86ff56a1e00666d2aa15639b83509baf9739aaac72a
0500,LiDARNet/Bed/Bed+baiyin_room08+27.ply,LiDARNet,3152956,6b9b046319b121d2929c8143ec76979de73a666949bc21086ab088f5ce5e731d
0501,LiDARNet/Bed/Bed+cloud_01_room05+13.ply,LiDARNet,36708776,335f5cf48a32dbc39c681e837413171b83eb82f417d30df49fbe567d6c9e02c2
0502,LiDARNet/Bed/Bed+cloud_01_room06+16.ply,LiDARNet,11106,f744a685eb477aa285b73b85f1107bf1b3bf12a016e88e49ac39347dcc5da76d
0503,LiDARNet/Bed/Bed+cloud_01_room06+17.ply,LiDARNet,36085152,188cfa48fc6b9243a417bbcdcde3fcc33f8ff7d9f79c010f12f1e50855433ed2
0504,LiDARNet/Bed/Bed+cloud_01_room08+14.ply,LiDARNet,49089955,483d81cf74a6547d40310ee2bdb04cb09cb99c5e23c95ec6b3313c9e81c9619b
0505,LiDARNet/Bed/Bed+cloud_02_room05+12.ply,LiDARNet,20001823,d90b20dff9f8ec323308e7727e08e58297e1d0102667f86d13ebd5a2a3587aed
0506,LiDARNet/Bed/Bed+cloud_02_room06+15.ply,LiDARNet,21360351,36c528be37d706768e7c28440d43711a8d5dd80f10aae7b967376fbe8ba15349
0507,LiDARNet/Bed/Bed+cloud_02_room07+9.ply,LiDARNet,42148604,219535d1c550af80df7d65b27e614e6d9c4395c5eaf810e08f55da506f7cfc98
0508,LiDARNet/Bed/Bed+cloud_03_room01+9.ply,LiDARNet,23368359,1c54a6f3301755a8c4b94dba0fd0a925b03a73eec72de5e4f2f402af563e6229
0509,LiDARNet/Bed/Bed+cloud_04_room01+11.ply,LiDARNet,17686542,ff9fd8c89f6544d95fac460c48c6d292f133f0621012ccc3b9552b08b85f3c77
0510,LiDARNet/Bed/Bed+cloud_04_room06+11.ply,LiDARNet,16333372,836a3746c09483f72538223ab8dfc54a802453f68f2a2c20730418815878c942
0511,LiDARNet/Bed/Bed+lasa_room01+16.ply,LiDARNet,4907063,f1c62537c090d6674fd972b72c4280bcf7d147fbd408cf54b1285c0a9883a75c
0512,LiDARNet/Blackboard/Blackboard+air_room09+41.ply,LiDARNet,2077559,bb225abc8d1bd5a85ebed01f0d78e0399eacc1940ce7de082f3c083c906a7fad
0513,LiDARNet/Blackboard/Blackboard+nongye_room01+37.ply,LiDARNet,16054059,d9e8c5d91022d6b3b6ae7fc68e0f288baeff8f4688fa1ec967e6c4cf789add7e
0514,LiDARNet/Blackboard/Blackboard+nongye_room12+22.ply,LiDARNet,283883,1e081f5b81ea67a5f555beee849fd15fb9cbdf23867ac2cf454c77f9c904891b
0515,LiDARNet/Blackboard/Blackboard+nongye_room15+32.ply,LiDARNet,449735,63aeb19d07bbcb4bbe92b8ebb2dbf7421b6dbec068642e3065b15c07fda1eae4
0516,LiDARNet/Blackboard/Blackboard+qiangsi_room03+32.ply,LiDARNet,11762457,8599640f6251da52fd632eb94a464660c54c55906b4c68518cb21b67a31d60d9
0517,LiDARNet/Blackboard/Blackboard+x1f1_xianone113+75.ply,LiDARNet,17630784,d4d25cbdc49bac6f352c8b6de428a21bc61c9e96d415d4a12e751ce33d939571
0518,LiDARNet/Blackboard/Blackboard+x1f2_xianone209+66.ply,LiDARNet,13476627,83eee08ebd6cf5c4959289051b6adc880a5e4c3f32ea0db1dc49668032f99c8f
0519,LiDARNet/Blackboard/Blackboard+x1f2_xianone209+67.ply,LiDARNet,11407249,f241527d5ea95f20c3ecbdf1a9abffcfb62a013bf3d621242c60ae4406057f00
0520,LiDARNet/Blackboard/Blackboard+x1f3_xianone303+79.ply,LiDARNet,15680630,ad6169e539b16cb2999f89756b037561df90a25abbd7407c8dc5697439491ea2
0521,LiDARNet/Blackboard/Blackboard+x1f3_xianone315+79.ply,LiDARNet,17614851,ce4a756a754f4cd0e46b0f03d1075191366de59bf8431323292fa1d080645b0e
0522,LiDARNet/Blackboard/Blackboard+x1f3_xianone321+81.ply,LiDARNet,13767182,bec864c79f0255c0b1b1f71f66f53a79e9d26fc5edd4362b18b991893f92297b
0523,LiDARNet/Blackboard/Blackboard+x2f1_xiantwo102+79.ply,LiDARNet,2845680,c59cc693b284884f42de18da25eab717be95617509b3bed954a97544b77ee111
0524,LiDARNet/Blackboard/Blackboard+x2f1_xiantwo109+28.ply,LiDARNet,14108335,d1b5931a37261440e08ef6b1eff1cf584501fcba335297569e205976b0d309ed
0525,LiDARNet/Blackboard/Blackboard+x2f1_xiantwo116+45.ply,LiDARNet,12630061,ec09a123fd2f6b539b897f9f47a0a62ecb7331510485bfdf90ba76cfadf61d8d
0526,LiDARNet/Blackboard/Blackboard+x2f2_xiantwo207+121.ply,LiDARNet,3942719,7c5f9a855cebad6d8af24b7cfc88ea09845f8351cfa67e7d4a0262f802f77ff9
0527,LiDARNet/Blackboard/Blackboard+x2f3_xiantwo312+73.ply,LiDARNet,17023482,a0235279598547721c784f7e7a6fbb4d1980e91579dfae3cad333dc1185694f5
0528,LiDARNet/Blackboard/Blackboard+x2f4_corridor06+14.ply,LiDARNet,33382771,1c0e715222a287192033dee7bc889f35917ee5f0dabeb933cfda97f941a67e5e
0529,LiDARNet/Blackboard/Blackboard+x2f4_xiantwo419+31.ply,LiDARNet,17064648,d58ab8f70cd99aa461fc35931707283976907143bfbbbf46b7c6a85196537e48
0530,LiDARNet/Bookshelf/Bookshelf+air_room05+32.ply,LiDARNet,2514497,8ec7631dfd91dd4a6dd4a1a52bcf1701a19b2b3a972f334b044c4b187bd39a41
0531,LiDARNet/Bookshelf/Bookshelf+baiyin_room01+25.ply,LiDARNet,2943142,4ec7c11e267e9e7b8cc28ef536c42ab27decd2da12045c670c90545519bb7c17
0532,LiDARNet/Bookshelf/Bookshelf+baiyin_room01+28.ply,LiDARNet,5224841,c37f5af6046b94644a68e9e9b27794bb9ab2fb14437305449f6aa765a400b5ac
0533,LiDARNet/Bookshelf/Bookshelf+baiyin_room01+36.ply,LiDARNet,3358758,31960d7774181245bb424ae75fe223f5c74ef2684dd8d154aff01e3a8666f480
0534,LiDARNet/Bookshelf/Bookshelf+baiyin_room02+24.ply,LiDARNet,19790059,ffc12e1779fe2f7ad61198596cdd519081d542119452352d773694f3d47130a2
0535,LiDARNet/Bookshelf/Bookshelf+baiyin_room07_part_00+57.ply,LiDARNet,1156836,7ab56c376dfe8a60a248dbae1999073d6153410c3fdc452fc8198cbcc889f169
0536,LiDARNet/Bookshelf/Bookshelf+baiyin_room07_part_00+58.ply,LiDARNet,1068328,2f2d3ebeed7ca7b78fecc1c517d46860bc041f34bab4725277bd2640eb333900
0537,LiDARNet/Bookshelf/Bookshelf+baiyin_room07_part_00+63.ply,LiDARNet,1279231,6ae5bd2b8d3a25bea1529b7d66f75ac91528d809c79ca1d1dd56cefaec3e919c
0538,LiDARNet/Bookshelf/Bookshelf+baiyin_room21+39.ply,LiDARNet,6839033,ff777a375dff5eb259b93645997fb3f51536064ccbf62341de4bdf78d9c101d1
0539,LiDARNet/Bookshelf/Bookshelf+baiyin_room21+40.ply,LiDARNet,3368353,19ab3bd185c551b01aeecc03fe48fecefb03e7a02d1df44fbb1b1c74230e3977
0540,LiDARNet/Bookshelf/Bookshelf+haowei_room05+18.ply,LiDARNet,379792,b379f034535cedc2ff06fb93fea9069368a183ccd39ea6dd8426b141fda2882c
0541,LiDARNet/Bookshelf/Bookshelf+lasa_room15+24.ply,LiDARNet,7835020,38fd2fdf34b64cf3de72887ac0c82e095e5137374fc5eb796c4ada266b7bef5a
0542,LiDARNet/Bookshelf/Bookshelf+lasa_room29+60.ply,LiDARNet,38831930,1ee2a2d7964ab0e888649f02a598808c62f8793229da8bfe6683c7121d25046a
0543,LiDARNet/Bookshelf/Bookshelf+lasa_room29+66.ply,LiDARNet,3770577,449fdf5132ad9ef8741fc0015f5464f9814dac9d436415ffb994b1cdd5e3b662
0544,LiDARNet/Bookshelf/Bookshelf+lasa_room29+69.ply,LiDARNet,10094464,9c87b9e6381befb1ff150c4881d852e99e96f904a3dad4f50b7abe8d61e97b1b
0545,LiDARNet/Bookshelf/Bookshelf+nongye_room02+42.ply,LiDARNet,5479461,3d8348e0aa575b97ff5360672bf0d146f37c89cdf92c000cfda67251fec02520
0546,LiDARNet/Bookshelf/Bookshelf+qiangsi_room08+12.ply,LiDARNet,4002944,d3fce259a41a4329f79a72efd4219bf2919cc93f49ec1dd6597d5a15e38da9e7
0547,LiDARNet/Bookshelf/Bookshelf+vr_room03+29.ply,LiDARNet,6082947,be2639183e9195e525e750096ca4516cc194be7badfafcb636309c5fad1f0ad1
0548,LiDARNet/Bookshelf/Bookshelf+vr_room18+13.ply,LiDARNet,28753281,ad35cd9259b64b160b3cd004b245bd1e197f4aaeb9d0dc2077a7bcdc9cb74b5e
0549,LiDARNet/Bookshelf/Bookshelf+x1f2_xianone208+27.ply,LiDARNet,9326217,113bb001d97e005492e479d78ad89caf9754e7a203a6570f41edb434e34cb07f
0550,LiDARNet/Bookshelf/Bookshelf+x1f3_xianone309+81.ply,LiDARNet,394495,ad7e58082e58bf29bf5417eb504da5a8b41fc4ab5f345df8cf818e069b94331f
0551,LiDARNet/Chair/Chair+air_room10+27.ply,LiDARNet,219909,969a167f15fb9914c3fd6e5b791e6035a1e1764fb6c628f4e999d7f47db6f9c5
0552,LiDARNet/Chair/Chair+baiyin_room04+17.ply,LiDARNet,768142,d39c0bac0e36a62c47b48bd3fc50bb12f31586037a10776604c2f423e9f3354b
0553,LiDARNet/Chair/Chair+baiyin_room04+19.ply,LiDARNet,9910905,2bedbdbe51eeaf681fb00a61c7d08c99ae7fb2da0f1a3ae2def55f5e5fbf6747
0554,LiDARNet/Chair/Chair+baiyin_room11_part_01+67.ply,LiDARNet,429616,875df26bd6e54638d17756b28d99cd90f7b080e13c3fc41b6baab248be8c11d0
0555,LiDARNet/Chair/Chair+baiyin_room15+33.ply,LiDARNet,1133458,41c119053597f862903ea087aefb1475281bc1c2dadec7209789d4cd49145abb
0556,LiDARNet/Chair/Chair+baiyin_room15+34.ply,LiDARNet,414172,7e46c1a20c866a91aa9a70fdaca77ec3888ed8d1346aab990e01d3ce08de6081
0557,LiDARNet/Chair/Chair+baiyin_room16+10.ply,LiDARNet,1685463,a1de874936be8052d9fe58cf13be078de14017efd6143db08c177e5f9c51fca8
0558,LiDARNet/Chair/Chair+baiyin_room25+40.ply,LiDARNet,977527,d50e76fc5cf4248c393ce147a0008e3efc5306c6e43f1da894a525c89820d085
0559,LiDARNet/Chair/Chair+haowei_room05+14.ply,LiDARNet,366116,324fd01eeb11d83d7be5016250753eba59bbc093ce6d6fb02719017c132bbbcb
0560,LiDARNet/Chair/Chair+haowei_room09+19.ply,LiDARNet,13218,4f090811ab825d64177d203f496ec61b48a15e27513954861a83c064525ee80b
0561,LiDARNet/Chair/Chair+qiangsi_room05+55.ply,LiDARNet,798940,e679af8fbae312869bcdcc777cbe3ab54ec02c3501f5b73dfb1ee4ad7d7553f5
0562,LiDARNet/Chair/Chair+x1f1_xianone101+47.ply,LiDARNet,1027198,4d44a92ff61a1b1461c112fc6cfa36a1c8e6a0888370b23763eb320bf5e2e0c6
0563,LiDARNet/Chair/Chair+x1f1_xianone111+35.ply,LiDARNet,38051,9b0027c6c0e9a630ea4dab2f687a9a961d544b7ea01c9534f72789369b0cf673
0564,LiDARNet/Chair/Chair+x1f1_xianone113+46.ply,LiDARNet,334676,0c31eba1a79f06ed9b6fd8fa83c754b2bee5e2f7d220e218601b7ca822612f55
0565,LiDARNet/Chair/Chair+x1f1_xianone116+20.ply,LiDARNet,212257,5cfb0c7ee7820402d1b362a0854c9546737ca368a70f5dc1f3eed7bb0818b501
0566,LiDARNet/Chair/Chair+x1f2_xianone201+43.ply,LiDARNet,397816,9ee092f21dc0d62e768a5777fcd2a82052708aeef88ffa8097eb4ba39f9bdb3b
0567,LiDARNet/Chair/Chair+x1f2_xianone201+54.ply,LiDARNet,325820,660e0749d86740845328f398cfef0352878dc50f5470c3e790bd7a8d914a64a0
0568,LiDARNet/Chair/Chair+x1f2_xianone203+36.ply,LiDARNet,1029666,5811c1103bf7c02e44b65d852be42fa703c7fc0f9b901588f39c604d284adbbf
0569,LiDARNet/Chair/Chair+x1f2_xianone206+77.ply,LiDARNet,631508,343f392a952b7e3cb5040a8170bf6c74dad984bc56baa11ff9826ba73ee6518d
0570,LiDARNet/Chair/Chair+x1f2_xianone206+88.ply,LiDARNet,440134,cc28fe59e363c03224e264a62cb23dc12b1d2c0bdc978712e9fc6c3598851038
0571,LiDARNet/Chair/Chair+x1f2_xianone207+76.ply,LiDARNet,208860,dc7deac438172d72a9463759735853659a5f63b1e691d3ea5514fff478fe5f2f
0572,LiDARNet/Chair/Chair+x1f2_xianone207+85.ply,LiDARNet,1694590,d7065c8beeadfc6d9b81aad88eaeed29e80e60b8b85877578c79a66a6fdb90e2
0573,LiDARNet/Chair/Chair+x1f2_xianone211+42.ply,LiDARNet,401781,d4761a785340dab2e6e979ce34e47dc308b11ebbc02d096c7ebc2a3f9069d89c
0574,LiDARNet/Chair/Chair+x1f2_xianone216+56.ply,LiDARNet,392724,0476d4bb53f0a8b7950f50e11d6c50c11fe13027b504bbc0b6914d2dedeedaa5
0575,LiDARNet/Chair/Chair+x1f3_xianone303+76.ply,LiDARNet,62094,c12c5d53aa5aafcf5bb8f1e32836bec7b0f59eb080e31afeedabd48531d51bc1
0576,LiDARNet/Chair/Chair+x1f3_xianone308+62.ply,LiDARNet,347472,aa2a9d408115e0ba81a2b9dfee19d75e1ab54a7d224a9fd5c0a9249a420d0796
0577,LiDARNet/Chair/Chair+x1f3_xianone309+70.ply,LiDARNet,84618,a00760c49c495d6650e14b35aa5522ab8340b04a47c91e49d422451fc79a4f66
0578,LiDARNet/Chair/Chair+x1f3_xianone313+64.ply,LiDARNet,58747,29c6bb63c7e6eeee19a86ca3cc85a880676f229a7d9d6d43f20df9fbe78bdf06
0579,LiDARNet/Chair/Chair+x1f3_xianone317+36.ply,LiDARNet,355672,91d203c54b365dbc3386f57428601a7328025c300fffb0ae8a30cc775bb686f2
0580,LiDARNet/Chair/Chair+x1f3_xianone317+48.ply,LiDARNet,487543,56a6a32ce951a72c3b348248f57feff1003cfe353195cdc85a8270261bbd6a6e
0581,LiDARNet/Chair/Chair+x1f4_xianone410+107.ply,LiDARNet,286368,6ca91b553d3fb72ecc0ad2c750194aa7cef592122795b90fe20b41afd88a5f70
0582,LiDARNet/Chair/Chair+x1f4_xianone410+65.ply,LiDARNet,758892,89b65ce3bed5d926bd97a27319b61faddc10d8ed6ce372ae96a8cb9adc0dad16
0583,LiDARNet/Chair/Chair+x1f4_xianone410+71.ply,LiDARNet,288210,533fe9caf48b760b5e4c50b1b43fdd1b975ba49428e668c08720be7838afe7f6
0584,LiDARNet/Chair/Chair+x1f4_xianone410+73.ply,LiDARNet,532462,d0156c899c652e0046cd47b2d19356c5455f397cdb96c90f7c7c0a2e086104d8
0585,LiDARNet/Chair/Chair+x2f1_xiantwo101+56.ply,LiDARNet,479910,5fb2f6b3bfffec7a2ff900fad788e8cc6c2717258206a3d4252f3a8053271258
0586,LiDARNet/Chair/Chair+x2f1_xiantwo101+68.ply,LiDARNet,233810,f8bb82d6b15ae4975340ae99728a84e00fea8714ab30b4d10647abe7dc135a6e
0587,LiDARNet/Chair/Chair+x2f1_xiantwo102+29.ply,LiDARNet,148723,4b63a7acf7ce08354ed0b4248d459d1d8cff34c3dc891c1a26e5787eb13a7d55
0588,LiDARNet/Chair/Chair+x2f1_xiantwo102+78.ply,LiDARNet,371743,08e4be76a7178955ebe1f1f7b4d5916ea70e00bd1b264079927d6830e1171178
0589,LiDARNet/Chair/Chair+x2f1_xiantwo103+123.ply,LiDARNet,415833,34910f82d6793e7168b1da739692e0defbcba48c2d19b87268caa0c2f58f5811
0590,LiDARNet/Chair/Chair+x2f1_xiantwo103+75.ply,LiDARNet,124539,44ff2878c3ccdd971591a455914161bee5d94d12543bd80ab09322cf2c5acc7f
0591,LiDARNet/Chair/Chair+x2f1_xiantwo122_part_00+50.ply,LiDARNet,840910,c5e81cd48b218fb92b8196c61500740a8789334fe3a9cb4a502a0e2a71edc834
0592,LiDARNet/Chair/Chair+x2f1_xiantwo122_part_00+68.ply,LiDARNet,926896,3e758114fd877e8a1fbd4cd10ee7742094f8eaef4a65a26358ff016542e40a50
0593,LiDARNet/Chair/Chair+x2f1_xiantwo122_part_01+61.ply,LiDARNet,1276773,9034ba3d32b88d6a7d73856a0f5435d3b635d48f147f664506303cf6b46f7ff6
0594,LiDARNet/Chair/Chair+x2f2_xiantwo207+103.ply,LiDARNet,1663895,57629b4bc84dd125bfbf0f3f987703a07e6a2eb19ef6f3b729fb5f3790f6fbc0
0595,LiDARNet/Chair/Chair+x2f2_xiantwo211+60.ply,LiDARNet,169224,9cca8a45e42a2533bbe3eb788103e24ac0c2897573c8f2bcfc6e3767e2fbb5c5
0596,LiDARNet/Chair/Chair+x2f2_xiantwo213+61.ply,LiDARNet,222966,70afa24c419d1c047c0921f5d1b5ba073344c2413c9195897ca083c131cbf48c
0597,LiDARNet/Chair/Chair+x2f2_xiantwo217+38.ply,LiDARNet,597915,d82ee06ee1c5f3567c40dc1e58a9344159ee1e80a844a12e26b536d8be84004b
0598,LiDARNet/Chair/Chair+x2f2_xiantwo218+131.ply,LiDARNet,269274,470ca4a951aae680eeeca62d0c2a4eb7c791f1bf694253eb43056f856e262762
0599,LiDARNet/Chair/Chair+x2f2_xiantwo218+69.ply,LiDARNet,366715,a2b1b0a6a44310e2d06f55e1d50618d88be0a868eed8d6d2adfc2a7ec7ff0122
0600,LiDARNet/Chair/Chair+x2f3_xiantwo310+46.ply,LiDARNet,924167,84d8a1f721109f93852b8f479fdba0e08ffec4ffec08366a7e6e8b80ce11b2b0
0601,LiDARNet/Chair/Chair+x2f4_xiantwo404+38.ply,LiDARNet,895097,9a18233ebb25014b6a49229ea4a62fb84d246ba8be95be39a65497ce08e2f019
0602,LiDARNet/Chair/Chair+x2f4_xiantwo404+53.ply,LiDARNet,3290669,3552c6daf8dd402ac8be4ea3a8cf108caa6d0d1e380bc6aa84a5471126f1f89a
0603,LiDARNet/Chair/Chair+x2f4_xiantwo405+156.ply,LiDARNet,540925,7aad6c6053ec51f718064ea12fe39e2f1750c06d50dc6cfd078599fd9788178b
0604,LiDARNet/Chair/Chair+x2f4_xiantwo406+111.ply,LiDARNet,328133,87729d739e0bdb1044ef444ed220c77ba232f8cbca4e1286450a188053312148
0605,LiDARNet/Chair/Chair+x2f4_xiantwo406+47.ply,LiDARNet,563165,c930496ff4c1e022b052b9e44cceeb1afe7354ee1b26c09a1800290134b57d4c
0606,LiDARNet/Curtain/Curtain+baiyin_room10+37.ply,LiDARNet,5037613,ffb80589079ebb84692ace5c56f053b09eed246d844be9974160b4d02ab38fd1
0607,LiDARNet/Curtain/Curtain+lasa_room02+17.ply,LiDARNet,3256191,3fd7f393e4427a73c984fc7b87086c51e0aa9d436b943e94787ce9e503b8c871
0608,LiDARNet/Curtain/Curtain+qiangsi_room05+26.ply,LiDARNet,2931453,c4592d7d8226946c30e4c8267d7df9dc90d6bc9bd6c9242a7425ec51ed8133f7
0609,LiDARNet/Curtain/Curtain+qiangsi_room11+7.ply,LiDARNet,1550429,e365f7cade15410eeb7d8ac8b0cdff093f10aa63c602c6b176c0a06dd8d91ea3
0610,LiDARNet/Curtain/Curtain+x1f1_xianone101+10.ply,LiDARNet,2648261,e3ed0806a0b31882b27b290eba14c4b62e9182be541e5c46cb597db42181c56f
0611,LiDARNet/Curtain/Curtain+x1f1_xianone101+12.ply,LiDARNet,10551496,2a73e59ba398854986793b62c427269085497641b123357924de68b58e69f9ae
0612,LiDARNet/Curtain/Curtain+x1f1_xianone106+23.ply,LiDARNet,5948640,59bf832a0b76d5c157171b896b7a1c4d4b720334dbdb393e00520b321b45f88f
0613,LiDARNet/Curtain/Curtain+x1f1_xianone106+26.ply,LiDARNet,8919612,820017cd441b10dccf94d055f0025dd9c4a27ad80d672da99051677bd192a1b8
0614,LiDARNet/Curtain/Curtain+x1f1_xianone107+7.ply,LiDARNet,2422058,f1f4d8b02ae2cd251953311d62b0f34219aeab3694180477363281be24bafa70
0615,LiDARNet/Curtain/Curtain+x1f1_xianone113+14.ply,LiDARNet,8661163,bf5321164683abdd2ddd4604c4b9f66bee056405efc47164db67ab478b21ff11
0616,LiDARNet/Curtain/Curtain+x1f1_xianone115+9.ply,LiDARNet,5696454,68a6e2b562086215bc87642399bd6894737197d7eddc33269fc56d2b633061e8
0617,LiDARNet/Curtain/Curtain+x1f2_xianone214+12.ply,LiDARNet,632571,7582ff820ca8b155b5c8e1d027697582b7254d2ff8f80a0a275a67ada6f69efa
0618,LiDARNet/Curtain/Curtain+x1f3_xianone302+14.ply,LiDARNet,5023254,0f56804922a33cc5cef173ec0906dd60530ebb730370110a242c82b68c3a55ed
0619,LiDARNet/Curtain/Curtain+x1f3_xianone315+11.ply,LiDARNet,1688872,1378377b8fbba8a0a1b726c675a86478174d0d4f91c71c0f6687091ca4bbcbca
0620,LiDARNet/Curtain/Curtain+x1f3_xianone321+25.ply,LiDARNet,3231535,450688ad3174b5b1bc1981ac2bab123b77934d468a8f9b55ae6a18aed70887d8
0621,LiDARNet/Curtain/Curtain+x2f1_xiantwo103+13.ply,LiDARNet,4987256,a7aab950e9cffe064423ffe244715a2ac551301006e97cadb403b9e45afc36b9
0622,LiDARNet/Curtain/Curtain+x2f1_xiantwo117+20.ply,LiDARNet,1728724,7f4b8f6ecf9033e76af5bb24b2c32c8433fca37db1c7d00a5879de8e8661be12
0623,LiDARNet/Curtain/Curtain+x2f1_xiantwo122_part_01+14.ply,LiDARNet,3491558,01c324beaff1586176c2be07b4cd937143206f630b6bf023ecd42ef6908df434
0624,LiDARNet/Curtain/Curtain+x2f2_xiantwo217+16.ply,LiDARNet,4026831,2da1a474b077b1a56f8af89092fd66844cf1b255d6bfbbda67ebe9017c5326bf
0625,LiDARNet/Curtain/Curtain+x2f3_xiantwo318+19.ply,LiDARNet,668676,92bc40c29c177ef8c56c34ecf93e9f5914e96669ed535bcfa2314aa9bd42dec4
0626,LiDARNet/Door/Door+air_corridor03+6.ply,LiDARNet,1639328,4cfacb4085e8d0b468fedee547026d4bfd8d1431d7696b7b62458cc10dd8ad05
0627,LiDARNet/Door/Door+air_room02+10.ply,LiDARNet,1771107,e10afc943e928b7552b0f55948e8a28617d33e4038b20e6b632d67de04289b02
0628,LiDARNet/Door/Door+cloud_01_corridor02+7.ply,LiDARNet,4998392,6c21a0976b277ba341accc6d4debe7eff0517a01df8d76627a97630190e0c157
0629,LiDARNet/Door/Door+haowei_room06+12.ply,LiDARNet,3333553,3053c35cee1dc597f1d0314cbb65be56883200c5f7e3df9a57ae73b927dd8b17
0630,LiDARNet/Door/Door+lasa_corridor12+9.ply,LiDARNet,3238482,f88b87ddaf016b0479397405f21fbe90707d3ccf15f7a51a6bde067ae8427985
0631,LiDARNet/Door/Door+lasa_corridor16+12.ply,LiDARNet,5966268,31f867ec4951cd5d3c013905c70c405bdb4c7d6e542a28d5eacb1eb740cb250c
0632,LiDARNet/Door/Door+lasa_room29+28.ply,LiDARNet,9777477,972efd6651ce17002e89ebb806a7097e643de62a7c242fed6b9d8365b6a4be13
0633,LiDARNet/Door/Door+nongye_room18+20.ply,LiDARNet,5012182,06694827c775d7c1584d232621f25ef5511e360b54c8daa67da81956aee1d691
0634,LiDARNet/Door/Door+qiangsi_room09+8.ply,LiDARNet,591513,69972a0af1404178c5cc670343b36c02cde20905d7fe4e7dee28d67037aa3145
0635,LiDARNet/Door/Door+vr_corridor03+15.ply,LiDARNet,1821495,7d9ab0ec6c5f1099291e858acb54a3802cd4da8f4267fcc9c6cfb2c396cc6119
0636,LiDARNet/Door/Door+vr_corridor09+8.ply,LiDARNet,1839508,e042989c943259d573c55bbfebd07b15ff553666ec7f42d6052d9893a2991f8c
0637,LiDARNet/Door/Door+vr_room16+9.ply,LiDARNet,11691388,0d64d1b086f5751dde836497afd1cecba7d39f6e8e93c41423614acf737122a8
0638,LiDARNet/Door/Door+x1f1_corridor01_part_04+14.ply,LiDARNet,21467874,c03f6e4444667753b7de07405757b7300d3a15b2189881b99e77932e06515352
0639,LiDARNet/Door/Door+x1f2_corridor01_part_02+12.ply,LiDARNet,11856342,05f728cde8e000c2f939f3d3e0152f5e6c4bbb53fb1a15a9f9bee2882879808e
0640,LiDARNet/Door/Door+x1f3_corridor01+50.ply,LiDARNet,4742155,e0c3145a2608db42fc553ef852d4a18a7b13bf743f61e1f572319991ed5b5423
0641,LiDARNet/Door/Door+x1f4_corridor01_part_00+42.ply,LiDARNet,4653147,8e722ce5ff2ba169296edfac913e31033750af61a400a9820f2efb1bb5d9473d
0642,LiDARNet/Door/Door+x1f4_corridor01_part_00+46.ply,LiDARNet,1716642,1f23be6ec68fe88346f06040fbcc239c08bc5bcecddfdd3327e6914b1b87a4b4
0643,LiDARNet/Door/Door+x1f4_corridor02+35.ply,LiDARNet,7653852,c1f99288c370df15e87ef2ab153e2fac6546caabd2dc3452b57e606597475720
0644,LiDARNet/Door/Door+x1f4_corridor04+23.ply,LiDARNet,67895,7eb3e6491bb85832443e09a181085a47fc53447a8a2b4fd9af4607f5d1d0b345
0645,LiDARNet/Door/Door+x2f1_corridor01_part_00+17.ply,LiDARNet,9474333,91d7fbeb0d17cde7a5ad745bdda09c83e86b5fc84e79d5399bc0c9fa33f459e5
0646,LiDARNet/Door/Door+x2f1_corridor01_part_01+13.ply,LiDARNet,17176225,976ec7b73b4db3526471fe10280fa1f9bb6584c368a35296894776164387d173
0647,LiDARNet/Door/Door+x2f3_corridor04+32.ply,LiDARNet,4684574,5d33152b6084a2abe643e64ec7ab3061b79489f4f3b2808eee0c14b84e28cccd
0648,LiDARNet/Door/Door+x2f4_corridor04+36.ply,LiDARNet,9461655,902a67721695fbb0769e9e95d08116f57dde651f90668e3e92ba79951a4d2d8b
0649,LiDARNet/Houseplant/Houseplant+air_corridor04+4.ply,LiDARNet,191045,485bd92d82c13dc17bf7500bf8b1ce03b9f9959e7ae055bcc2c09d766a91ee03
0650,LiDARNet/Houseplant/Houseplant+air_room09+3.ply,LiDARNet,710190,718b94394ce5e145aa3bc84b43bc6740a0c77e700d83031925f5f27fc62944d4
0651,LiDARNet/Houseplant/Houseplant+baiyin_room04+5.ply,LiDARNet,433753,98c0853c87fb07ef136f5c546a617802d0a19af4db68dbffaff1af6d897052e4
0652,LiDARNet/Houseplant/Houseplant+baiyin_room06+1.ply,LiDARNet,306182,439798aca723943235762271800fab1b9dd43a8857f7c46af83c3cae9a801e90
0653,LiDARNet/Houseplant/Houseplant+baiyin_room06+11.ply,LiDARNet,431698,593ca07c56283ff1bd3f629ef5cb8a96377481aef19affac58353810abc9e98f
0654,LiDARNet/Houseplant/Houseplant+baiyin_room06+13.ply,LiDARNet,438225,7d38997f20b1f3b40c78831d45146d5820d3e29e6afcbe53144643b64064762c
0655,LiDARNet/Houseplant/Houseplant+baiyin_room07_part_00+13.ply,LiDARNet,842310,3fee1bc53c3db844cc14f57557eea00a47aca8e7fd9453d8719d64bc2788f3e0
0656,LiDARNet/Houseplant/Houseplant+baiyin_room22+3.ply,LiDARNet,3064850,585d2e738a6af332fb86daf39ebb658df3749f2abfe887f40f4a43a5c423c2ab
0657,LiDARNet/Houseplant/Houseplant+baiyin_room25+3.ply,LiDARNet,100078,dc9c205196b667ee3b36b80f331eca78e0435488ec4bea907633eaecf64fede4
0658,LiDARNet/Houseplant/Houseplant+cloud_02_room03+2.ply,LiDARNet,943915,84ab318e505dae8a712bab3820a60e00b0f0adfe4150a0f4c6e03a403907c838
0659,LiDARNet/Houseplant/Houseplant+cloud_03_room03+1.ply,LiDARNet,1123872,f8eeb64fad84df58fcb021ae409a68e7ca3385ff6097aeb3748c093575cc6d16
0660,LiDARNet/Houseplant/Houseplant+haowei_room06+1.ply,LiDARNet,4453349,306ad7cc73bde96fc6b90b4d12cbc79d9c7fa5444620f07a96fba980fb7cafd1
0661,LiDARNet/Houseplant/Houseplant+haowei_room07+11.ply,LiDARNet,452380,2f3974698e7dc66cb526d4552647b272fc7b19591e2c7d4fb655be4b06c79012
0662,LiDARNet/Houseplant/Houseplant+lasa_room05+1.ply,LiDARNet,98567,3405fa0f630d1fa8ac6bda3cbcb4e1db490769c50c39623f9df72299ef7fc732
0663,LiDARNet/Houseplant/Houseplant+lasa_room09+4.ply,LiDARNet,225955,4d1ffbf708449751764636ba4cc14f5d70a96acae78e6866c2420a817bd7af42
0664,LiDARNet/Houseplant/Houseplant+lasa_room10+1.ply,LiDARNet,384185,3e05ab370b6643af86c865b4811888e79c32962d622215cc236a3d1fbf4d7595
0665,LiDARNet/Houseplant/Houseplant+lasa_room11+3.ply,LiDARNet,1130718,97fd1fe553a3faa22414357f65f8e57d9829a28b0878ca235f280f1bfc381ee4
0666,LiDARNet/Houseplant/Houseplant+lasa_room14+5.ply,LiDARNet,1276827,bed9f437c50786cd439d35fafd698576095811e7e0a0affb3ebb325f2857d10f
0667,LiDARNet/Houseplant/Houseplant+lasa_room29+7.ply,LiDARNet,424203,60c883bcabaad924c1a9b2fabfa370458e852153f1a3fac0aed6586483e9f3dd
0668,LiDARNet/Houseplant/Houseplant+lasa_room31+1.ply,LiDARNet,209513,80f981822ad71e23ab1b42775bc51e6626a0e35ff8fd95fac982f324769dfc3d
0669,LiDARNet/Houseplant/Houseplant+nongye_corridor01+5.ply,LiDARNet,410332,21fdca783b3778c1f4465b742503defb4aada55f48d200307218daacb855525f
0670,LiDARNet/Houseplant/Houseplant+nongye_corridor02+3.ply,LiDARNet,1669781,d5dcb390afaa42addeb58b94c6c065f132f6cce1d8d9b63b0d9b6367ac2b1f59
0671,LiDARNet/Houseplant/Houseplant+nongye_room13+1.ply,LiDARNet,217728,4f4d2b7de04dc0ef3b06a09278b5427feec131dffc23bd1d7b0bbf20994cf932
0672,LiDARNet/Houseplant/Houseplant+qiangsi_room01+1.ply,LiDARNet,590670,f27911f47b5ef99705f073ca53ebddb078019965113185f11be6bf2024cc1ce5
0673,LiDARNet/Houseplant/Houseplant+x2f4_xiantwo414+1.ply,LiDARNet,128342,3a07f338a98ad9317fb4cdcaa6acaba11ba89a3dcc15b0916f8910d18bbb3db9
0674,LiDARNet/Light/Light+air_room01+41.ply,LiDARNet,204945,421b95d6d0859d279eaaf319f70422b7cfbd038af895ab543b9f1d5de62a5ed3
0675,LiDARNet/Light/Light+air_room02+17.ply,LiDARNet,9737,d930270a4cd480122f7be61e3a5e3c03944338e6a9b244ab29f0e034b22c0193
0676,LiDARNet/Light/Light+air_room02+27.ply,LiDARNet,305762,83f4bb2a17e222bc3b32ed1e8dc1e9a157ca07e936fa67bb75791c8ac06136a8
0677,LiDARNet/Light/Light+air_room02+30.ply,LiDARNet,91161,390aabea848a07c51fbb0ef4f6d04d1b2d16ce071e008327360082bf25813552
0678,LiDARNet/Light/Light+air_room09+62.ply,LiDARNet,131660,b29762814a250ac4d5f4ad13d3cbe07645c34a67e595e614d7261e95677b5929
0679,LiDARNet/Light/Light+baiyin_room21+50.ply,LiDARNet,762573,352fb38ee509e420f77b48fc8eebbd608967e6b2e1fceb8c9065866656817804
0680,LiDARNet/Light/Light+cloud_01_room04+25.ply,LiDARNet,60779,b1c596ae426e4afdf99a04b0b06c12fb54a18a8675e1b1cf54ed52321db5033b
0681,LiDARNet/Light/Light+cloud_02_room04+21.ply,LiDARNet,1794748,d808e4d5880d83c743bd3e233f291a154c13cf12109a2ac15f93bdc395ed0620
0682,LiDARNet/Light/Light+haowei_room08+25.ply,LiDARNet,35423,987018d05309cd7d22b113a2f4ca568a0d460a0c13aa9c07aae4a52672b529e9
0683,LiDARNet/Light/Light+lasa_room08+20.ply,LiDARNet,4925530,dac05ab60cf87c3ef4a72bccc39d5b9b37c1605b109c97e0286f310916a9bc62
0684,LiDARNet/Light/Light+lasa_room25+18.ply,LiDARNet,2619834,b7d2c41d37fb33e83ce3cb87badb48058380b6529054d8a44ebec45c54d84345
0685,LiDARNet/Light/Light+qiangsi_room09+17.ply,LiDARNet,5049973,d4a4cfdb0949ae74fc516f8eaddb8b9e4f32f3d1191c8a1bd14246ed5cfe87ec
0686,LiDARNet/Light/Light+x1f1_xianone108+71.ply,LiDARNet,431227,25c507269a54584730c7ff858226afad6ec186f6f66292c33cad696fa014be68
0687,LiDARNet/Light/Light+x1f1_xianone108+84.ply,LiDARNet,659547,3e8a533e99dc59dd5495f6dde7a387df5d1111638ca9477289ca57631c1348b5
0688,LiDARNet/Light/Light+x1f1_xianone113+80.ply,LiDARNet,422206,27e2ef57364851d763b80a2f9a7dc9270b307c7e858beee8d08fbecaac032887
0689,LiDARNet/Light/Light+x1f1_xianone115+59.ply,LiDARNet,427618,1b24d2ec95636756c1d0ba1404dd40a129f26d7586c38cb3afaea21eb344a3d6
0690,LiDARNet/Light/Light+x1f1_xianone116+57.ply,LiDARNet,565232,614dcecd948a0a212bb4080c36cdee760d101b9adafa757bb9e58a2b572dc3ac
0691,LiDARNet/Light/Light+x1f2_corridor01_part_02+19.ply,LiDARNet,688145,9e6ee3c017daa5aa820329929505bec949739f65223d5142f5c4ab0e5051df8e
0692,LiDARNet/Light/Light+x1f2_xianone210+68.ply,LiDARNet,606856,b2334f488b12f152eca15912cd4c5b387cbd1f720ab3bff84143d237fc56f553
0693,LiDARNet/Light/Light+x1f2_xianone212+81.ply,LiDARNet,391451,9267ca8e4f1eb419e747a99265e9b20636a36da5845b71171735807860eda101
0694,LiDARNet/Light/Light+x1f2_xianone215+75.ply,LiDARNet,1648515,396046cfcbcb9de617335dca35afc65f4c2bb4ee051391bedffdf73aab6fc5da
0695,LiDARNet/Light/Light+x1f4_xianone410+120.ply,LiDARNet,1377055,08b58240745e6c78541a0c41ce91cb640a2347a822692a0dfda81309231e892f
0696,LiDARNet/Light/Light+x1f4_xianone410+122.ply,LiDARNet,3735096,6924be45b445214cfb40538794e225544d7834c2c56a269928913bcd945e4851
0697,LiDARNet/Light/Light+x2f1_xiantwo102+89.ply,LiDARNet,294240,2c22e3c799aa7db9cbf8d99ab0d57c62f4b6aef8766d169d6097b59763cc7826
0698,LiDARNet/Light/Light+x2f1_xiantwo104+54.ply,LiDARNet,411328,5d6a9e353572ecbe8fe6c477dddc32e189def355b619e46274b8c3c69b442233
0699,LiDARNet/Light/Light+x2f2_xiantwo207+131.ply,LiDARNet,376616,0d3f3d165d07f6ced16e62be8ffa8873e4d9b3614ac110a40c02cc7c590fb6c1
0700,LiDARNet/Light/Light+x2f2_xiantwo207+133.ply,LiDARNet,663080,f506763ace6ffb41bb122de6da2ff2c6f1cc9f4ce48af36f4f91006832baa574
0701,LiDARNet/Light/Light+x2f2_xiantwo213+83.ply,LiDARNet,391938,899336e10cd4604b8339f85cde4ccca3953b6040bb2b05d5ebb7cf770669fab6
0702,LiDARNet/Light/Light+x2f3_corridor02+107.ply,LiDARNet,200663,2d460103d3dc1ace1fd016a959b35abc69058fa9a5ae4aa27bac75e1069c349d
0703,LiDARNet/Light/Light+x2f3_xiantwo310+78.ply,LiDARNet,1450377,fa558eef002a2e6df25572d0f7a6c541359c809934f9ed0127494e7c85006622
0704,LiDARNet/Light/Light+x2f4_xiantwo404+98.ply,LiDARNet,1253780,26ae3e33bd9a2a0e8aaba281877af46334e5c8497e4a7c43d76125562e2991c7
0705,LiDARNet/Light/Light+x2f4_xiantwo406+181.ply,LiDARNet,2265712,5d512a85272884b64e45d7901986b1d836dd15a378974b440d5c821b8b1f2b99
0706,LiDARNet/Monitor/Monitor+air_room04+36.ply,LiDARNet,282066,e638271631470ca50067c3f69d47bdd1c1fd3d022570ff437936e856ee8bf781
0707,LiDARNet/Monitor/Monitor+air_room04+39.ply,LiDARNet,392181,6a34dbf6b16cd49a14d0fbddb5c7d4ba5a07e9ad7168d09e32da83d07c62bede
0708,LiDARNet/Monitor/Monitor+air_room08+46.ply,LiDARNet,19370156,7ad3e06e2b75dc09f02348b0f6dc59aad6cc6f8595c86d0e1a47ec10b98147df
0709,LiDARNet/Monitor/Monitor+baiyin_room10+76.ply,LiDARNet,256172,9899aa92940ee230b7eaae687e234d3ff2f80ffbe434a5f5f4caa89a91b7eca9
0710,LiDARNet/Monitor/Monitor+baiyin_room10+79.ply,LiDARNet,300592,10d8ee797f4b16dec48daba29e11d2e9aefce53b8559437f3a78a8672e4db116
0711,LiDARNet/Monitor/Monitor+baiyin_room21+29.ply,LiDARNet,772149,c7f4d3ae86c90b79ce57e73d1f93e157a9f5e2986d653f309e3f6738a16e6385
0712,LiDARNet/Monitor/Monitor+baiyin_room22+43.ply,LiDARNet,522377,4631234a552deccfb3cad8552443222b869fec470d731fac2ac20f198b15fdc1
0713,LiDARNet/Monitor/Monitor+qiangsi_room04+27.ply,LiDARNet,299164,51cc5d20f51712c41f49da428ee250d5e1f0574c09b04623fbe4a9560872b6e9
0714,LiDARNet/Monitor/Monitor+qiangsi_room05+81.ply,LiDARNet,364418,311be963dd6d08084f0fe88c6dae77bc5844673fa9a6de1ecff30605a9376333
0715,LiDARNet/Monitor/Monitor+qiangsi_room06+39.ply,LiDARNet,405500,9197869ba22c98a10d22cd8ead9c3a5e911e6084c656c769c18d4d2a78fc6876
0716,LiDARNet/Monitor/Monitor+qiangsi_room06+54.ply,LiDARNet,685894,9f4313172d79e865c582b4b454f96d9202615dcbea734a77f9c2b76153536e25
0717,LiDARNet/Monitor/Monitor+qiangsi_room10+13.ply,LiDARNet,171994,349cd1b697ff334b039b686196e616360bfb28b6684d6609701343684e443dd4
0718,LiDARNet/Monitor/Monitor+vr_room04+28.ply,LiDARNet,572385,81378d3b1db142ab1a9641b27c810f4a456aac667f81e685d875384978509e7f
0719,LiDARNet/Monitor/Monitor+vr_room10+27.ply,LiDARNet,194482,c3166af421252fb5ca271e85448b81afa8c4a5bd18f1564a8808807b47a10c1d
0720,LiDARNet/Monitor/Monitor+vr_room11+36.ply,LiDARNet,110170,a9281bb6fcee0c16dc2541be24c5a64097cbee087425d743735cc125cdac33ae
0721,LiDARNet/Monitor/Monitor+x1f1_xianone107+52.ply,LiDARNet,30081,8d3cbcd53a1c064b99878c546e1b268cabe0a5f19c51b4d3d825064b4abe8990
0722,LiDARNet/Monitor/Monitor+x1f1_xianone108+64.ply,LiDARNet,366480,2aaac25cced7d6cf6385ef64d8136130d1d8f1a455fcf48499ebea8599176457
0723,LiDARNet/Monitor/Monitor+x1f2_xianone207+118.ply,LiDARNet,364133,0ee582c54792de5e3b90563a3525c93308c0184c17780218f16403c922f9052f
0724,LiDARNet/Monitor/Monitor+x1f3_xianone320+109.ply,LiDARNet,13690,9aaad47bf8fc572698f5fd9fcbd3913d33b841436c67c21c9721202989f58ae2
0725,LiDARNet/Monitor/Monitor+x2f1_xiantwo122_part_01+66.ply,LiDARNet,38197039,bec6f9cd5f42760244c9e5e730405ea3412828a2b99d9adfaf3acc4679ce1165
0726,LiDARNet/Monitor/Monitor+x2f1_xiantwo122_part_01+69.ply,LiDARNet,189928,48523921046f7f73af4d5b7b0835f17d2b2ace24d4691fa11b7be0cf79367091
0727,LiDARNet/Pipe/Pipe+baiyin_room14+16.ply,LiDARNet,439841,5a1ad8536bc30f3f514b263248aac86c5540db3a013d78231604a1131d61e289
0728,LiDARNet/Pipe/Pipe+lasa_room18+5.ply,LiDARNet,6030,576449c2e52d7e584615c43f352c94c1bcd076c0d04aa57d111bba4ade946150
0729,LiDARNet/Pipe/Pipe+lasa_room22+5.ply,LiDARNet,1832429,fbd2f56d0678f51438823f651433b924886ac4b6c401eb2cd56e6a9fc759a576
0730,LiDARNet/Pipe/Pipe+lasa_room25+4.ply,LiDARNet,848594,c640a549a349d29a7400ee78c13c682900f795c770ba7ee299ce16270696c5b9
0731,LiDARNet/Pipe/Pipe+lasa_room26+3.ply,LiDARNet,1862083,588c8fad8bb4598bd7cfbccf42bab592fd4ab73f0b911a17ccb1ad8a90b52b3c
0732,LiDARNet/Pipe/Pipe+lasa_room33+3.ply,LiDARNet,2107148,8cbf5a7c515267da6c5240c6c799fb0f6b9a02e90cf6ca1250e45a25a54e918c
0733,LiDARNet/Pipe/Pipe+lasa_room34+4.ply,LiDARNet,77069,28ba34165b09a77496723582052cd5fe914bc4f2c52f5189714ff35cf2645338
0734,LiDARNet/Pipe/Pipe+vr_corridor05+4.ply,LiDARNet,2580111,5d98e0473035012da005e70685758c854eb62c590176e253fcfe5361065f99d6
0735,LiDARNet/Pipe/Pipe+vr_room05+11.ply,LiDARNet,48511,8891a39e48884a8baceec85b215d89ad336eb6f83e1bfb861f4832f835eea26f
0736,LiDARNet/Pipe/Pipe+vr_room07+19.ply,LiDARNet,6191451,f5d2929d4769508d99a18542f51c600c1e59fb208be7a0cac261c0b0c5f0d128
0737,LiDARNet/Pipe/Pipe+vr_room07+20.ply,LiDARNet,1901239,80de345491e53050600c96b54bf31b07f79dd87791b632173e0d7e97bdcbd285
0738,LiDARNet/Pipe/Pipe+vr_room07+7.ply,LiDARNet,1286793,d3dfc3e5b1de19711eafecf3d5a8f5752a9513287617ee1ba823d4a1b54e2f03
0739,LiDARNet/Pipe/Pipe+vr_room08+20.ply,LiDARNet,862112,f896d0c8c43129db2bbfc4f76ffb846dcf7d90246f39688c73b2357384a29c42
0740,LiDARNet/Pipe/Pipe+x1f1_corridor01_part_04+3.ply,LiDARNet,12289504,ff29faad1ce96384ca71a2a6e49d92fbec18d8ef08e4d5909dba9343393b7ae8
0741,LiDARNet/Pipe/Pipe+x1f1_xianone116+3.ply,LiDARNet,2235557,bd48a3a85f1b3fc4e65d748babecb1a9c8ab7e6a6f312d9686a197b0bb4133a4
0742,LiDARNet/Pipe/Pipe+x1f1_xianone117+3.ply,LiDARNet,4605821,abb0ea01d373e8e7965f972815abbbb6293b787ef861c205312df94c74ef000d
0743,LiDARNet/Pipe/Pipe+x1f2_xianone207+18.ply,LiDARNet,312440,cdfb1f0fc62b917604725c898da5c6e347a2091cab271783c4a0f0e744d981f9
0744,LiDARNet/Pipe/Pipe+x1f2_xianone209+5.ply,LiDARNet,8577720,59e997229afc348eb5a6a0fff3d859b1d0985052df6a7a6187372ed8888a711e
0745,LiDARNet/Pipe/Pipe+x1f3_corridor02+19.ply,LiDARNet,24684384,feec361342bb8c4770f21919e16d393e58dc9c9551c54c530c1308ad221818ac
0746,LiDARNet/Pipe/Pipe+x1f4_stairs01+8.ply,LiDARNet,265349,41b2accd0a6b290f66975a8a47421d18b3f0724a159faede5c0864c85c643cc6
0747,LiDARNet/Pipe/Pipe+x2f1_xiantwo111+4.ply,LiDARNet,1855402,8898634e3a9cdede1e4eb5430bc356937ae0adf34256fe89b840b9b94f566ee6
0748,LiDARNet/Pipe/Pipe+x2f1_xiantwo116+6.ply,LiDARNet,5592567,34b4d1d9b96e6ed7676f500bbf5ee3bbbd27418bc16737f88d15bc05c5af5286
0749,LiDARNet/Pipe/Pipe+x2f2_xiantwo211+7.ply,LiDARNet,3694704,9424908fa3e47fc2f35ea74d83dfbe667ca13cf5bc68fe8aa7036eb456faa2c0
0750,LiDARNet/Pipe/Pipe+x2f3_corridor02+15.ply,LiDARNet,9338239,6248d7a7e8ac5eff08ffaf38193e062f87b92d8ab91e15351ab916b4bd384af4
0751,LiDARNet/Pipe/Pipe+x2f3_corridor04+11.ply,LiDARNet,9121287,eaaaaa7b4593a17335a5903bfe8dd7e7971cabad7d6001dc7365f853df823f75
0752,LiDARNet/Pipe/Pipe+x2f4_xiantwo412+5.ply,LiDARNet,6379,2b76cd81e33945d18b94bde2ce5a1ec76505a073152a68d7146e2c35b8eda941
0753,LiDARNet/Pipe/Pipe+x2f4_xiantwo412+6.ply,LiDARNet,3704,c78a3af15b97be411d513534b812204b303451e6f359cd6995b5589b8526871f
0754,LiDARNet/Pipe/Pipe+x2f4_xiantwo414+14.ply,LiDARNet,2836819,1f4fd79b6c83b2482c4b50a77b6acb87764efee1ee58310d437cc134fede3f47
0755,LiDARNet/Pipe/Pipe+x2f4_xiantwo415+8.ply,LiDARNet,90106,a2adaf032b471fa4430482fc34679c163f321da657c59a3c02384386c92dc900
0756,LiDARNet/Sofa/Sofa+air_room07+12.ply,LiDARNet,2140044,cfb2f11d2f5f769f3e3e354e405e101379780ea19116ad46b4f4143769e550c9
0757,LiDARNet/Sofa/Sofa+baiyin_room10+73.ply,LiDARNet,15315984,a90786dbc802005740272885470eef9f116bc6fbe7348974f369bb5c92a39c05
0758,LiDARNet/Sofa/Sofa+cloud_01_room06+14.ply,LiDARNet,16954843,88655b6af07ed6cfdfe3334dd1dc135e82187f4ae326c0d874c4c733878ca1f4
0759,LiDARNet/Sofa/Sofa+haowei_room06+23.ply,LiDARNet,3494813,9c96c96699ca878e2cabf95427bede08d8cff4b1408ab5a166bf8564bb33ae5b
0760,LiDARNet/Sofa/Sofa+haowei_room06+25.ply,LiDARNet,2253394,63f114c4f4f573591a37b5a650c84b9587017eb20ed3ee4853bf3d37b9e151cc
0761,LiDARNet/Sofa/Sofa+lasa_room03+15.ply,LiDARNet,21116441,258592de5c0dfd1f8926c9a452aee5b1059d1cdfe1816ce3dd72e2d70bbf8b2c
0762,LiDARNet/Sofa/Sofa+lasa_room06+39.ply,LiDARNet,1457423,ca8a9535407c8d7b6c0453bd8d95693d70f865bd06e15a888b03f68e76e96aa3
0763,LiDARNet/Sofa/Sofa+lasa_room07+31.ply,LiDARNet,5434540,17dda0c9fbe3f9e2d56a69f95251fb9ed36d9384f14835ad9c16d894f47fa373
0764,LiDARNet/Sofa/Sofa+nongye_room05+12.ply,LiDARNet,3677802,5b956433d1419ce823b1762d596658fa160a75bd3cfc7b49868e18cd881c2788
0765,LiDARNet/Sofa/Sofa+nongye_room05+13.ply,LiDARNet,8720798,bbfd800f444c39c250a6569db384c24d0d79e43f91191202d9288d9eb0260136
0766,LiDARNet/Sofa/Sofa+nongye_room12+20.ply,LiDARNet,4410160,c2282fe145b718cab577ad64a6004677903b6149bbb9b75f15f6764edc57743f
0767,LiDARNet/Sofa/Sofa+nongye_room15+28.ply,LiDARNet,29340,a59390819cd3cd9f89ccdc1a21777db8399261504aa2380587a38be6ee8f8040
0768,LiDARNet/Sofa/Sofa+nongye_room15+30.ply,LiDARNet,3282834,e4ad3746e370db954a0c95edff3b629c608383049c605cf91e63d81fabfd87d8
0769,LiDARNet/Sofa/Sofa+vr_room02+30.ply,LiDARNet,7196938,17358e00ad60737f60b3dac7266b25a72509b44a5f788ac8f0a88377ea0bb823
0770,LiDARNet/Sofa/Sofa+x1f2_xianone208+24.ply,LiDARNet,2449407,fd33d74990b30caa4a4db60c8aef96a0b99f7c729d973efa917f0308c3dceda6
0771,LiDARNet/Sofa/Sofa+x1f2_xianone208+25.ply,LiDARNet,1968432,a543d0a4603fc97a823f536fc3b4374cd01b8b3ba6450c96d310e63be3c21357
0772,LiDARNet/Sofa/Sofa+x1f3_xianone326+27.ply,LiDARNet,1920570,9d40edaf31c5d8ab65ef83ea6d06c6af6f0c049d7a43fcb8f0b50c3dd2165853
0773,LiDARNet/Table/Table+air_room04+21.ply,LiDARNet,26177929,516b26ccd13419bb7866e593fd2870ad5afc7b94a81c9dac2ebe5fec58a18474
0774,LiDARNet/Table/Table+baiyin_room08+20.ply,LiDARNet,1436277,c8a25877f3b360ff7e08e3e9ff5327851d280803105b827c46fc4e73de4ab0e5
0775,LiDARNet/Table/Table+baiyin_room11_part_01+21.ply,LiDARNet,6860037,df6af0d23102f6b242961d97c9be08e1343844f5969f2fba828070870f7f7048
0776,LiDARNet/Table/Table+haowei_room06+13.ply,LiDARNet,1192313,24e057e75a645990fec3d9f3ecab804cf73e58da6bdbc2a381b389097f9bf655
0777,LiDARNet/Table/Table+lasa_room04+22.ply,LiDARNet,1277816,fc492ef619fc5d07c6fbfa5b4f7e353f6c8b9fb6c406dc4a0e2d7d9ae12d6815
0778,LiDARNet/Table/Table+lasa_room08+12.ply,LiDARNet,843402,f77d847bc666d30169518081a2b9a136f54732bda9bf09c20be99cd948a02a2d
0779,LiDARNet/Table/Table+x1f1_xianone101+18.ply,LiDARNet,1451686,3ddb4e3381682ac8c9f484dd753df611baa4aa543785b86bc65f7ab65f23e80a
0780,LiDARNet/Table/Table+x1f1_xianone101+20.ply,LiDARNet,4594461,67032174fa3558c6a0f9964bd8894c11ff58f8dfaadfda302e9a1b6525e7d1b9
0781,LiDARNet/Table/Table+x1f1_xianone107+19.ply,LiDARNet,4444720,a0e46480c9336399c6d22547794ece2ef17c5669db80a7ef2a2c6dbac132dc3c
0782,LiDARNet/Table/Table+x1f1_xianone108+30.ply,LiDARNet,4383227,b3e5957b027126717af131765e2f0412965860f5dc5164127ce83396002809a4
0783,LiDARNet/Table/Table+x1f1_xianone113+29.ply,LiDARNet,2813078,c1eb94b961f6559146579095189568cb04b1c75cd73b91c4dd42ed804e56ab9c
0784,LiDARNet/Table/Table+x1f2_xianone202+25.ply,LiDARNet,1146257,f678915164503f54e929b353f0e10934588a17e01fc0176ea98d3f257fa98b6d
0785,LiDARNet/Table/Table+x1f2_xianone206+25.ply,LiDARNet,2086813,775f96954d0c1b93c7e966df23b7d064e87d22a1fa0c2bbfcc7f31b6a3d2943b
0786,LiDARNet/Table/Table+x1f2_xianone212+35.ply,LiDARNet,724098,9643749aa3097df41b4d74b0c7a33ae24e51c9c52cfd681e94ef7967be0c4693
0787,LiDARNet/Table/Table+x1f2_xianone213+38.ply,LiDARNet,511141,f7db787fe7819d331667cd84d5e4753544e3ef6c359410f9ce333f497213f658
0788,LiDARNet/Table/Table+x1f2_xianone214+33.ply,LiDARNet,856352,fe03d9d6c5006b51e7da2d2b2a5dacfcc559729f356efb244d34355f635113ce
0789,LiDARNet/Table/Table+x1f2_xianone216+23.ply,LiDARNet,3701351,c31c29cda76430e4eba8bcf6dac9ae241d6476dcb5a70ff817367bfaee9169af
0790,LiDARNet/Table/Table+x1f3_corridor01+63.ply,LiDARNet,4710146,e3978188e3e30e5d21c528bc1e53f5d1d6d63af9e9edb98c308e3f2e7afc918c
0791,LiDARNet/Table/Table+x1f3_xianone303+27.ply,LiDARNet,621888,ac0ea33cbfbe9d6a3712ead99ea92b9d80550da25d4b6c4b67a84c9cdf71140d
0792,LiDARNet/Table/Table+x1f3_xianone313+21.ply,LiDARNet,1046005,1eded2813de4ab9c57a424e7b02a6bb4e8fd91b36f077ad2c4d9a3528c07ef3e
0793,LiDARNet/Table/Table+x1f3_xianone316+25.ply,LiDARNet,545930,48a7651f87d5cc89816b419f247c731e71332da3e97ddf1a143c68a99bab0ac8
0794,LiDARNet/Table/Table+x1f3_xianone317+17.ply,LiDARNet,1621586,28a5b20226063baa1d580312d8d806ff1fe51689e1a7e4f661fdf4814abdb4a4
0795,LiDARNet/Table/Table+x2f1_xiantwo103+17.ply,LiDARNet,2321533,02a45f92c9b116881c18a1a251ca5213154633d1f60ec87262da5aecdb8a5851
0796,LiDARNet/Table/Table+x2f1_xiantwo104+15.ply,LiDARNet,1459783,e2e44dfdefbe6d9262d88c4b7ec187c5034c125217c0f5872164faf85a9d9785
0797,LiDARNet/Table/Table+x2f1_xiantwo109+16.ply,LiDARNet,1664727,ce6bed2efc33f447c48489414036073a57caaabdc682dcb244731f7d0ca127a6
0798,LiDARNet/Table/Table+x2f1_xiantwo110+47.ply,LiDARNet,1919459,0bf5d65c0286443a341b118360f834fc182dcbc0e9373589ec79b211343457f3
0799,LiDARNet/Table/Table+x2f1_xiantwo111+35.ply,LiDARNet,1818243,5acdc9034433bd150035fa161fbfe0f3f15d0b42ce0e1d941d479fc152db6637
0800,LiDARNet/Table/Table+x2f1_xiantwo114+19.ply,LiDARNet,1353738,272eb76bfdcacf6c786d80b86ba54da79e3b31bcc70e331c051e948c0ad2eae7
0801,LiDARNet/Table/Table+x2f1_xiantwo116+33.ply,LiDARNet,1443969,1c2150717859e48faa3ca9cefc66e3bea4455362308fa826062d4d9be8041019
0802,LiDARNet/Table/Table+x2f1_xiantwo117+28.ply,LiDARNet,2610364,66bbb56e21bb1d606165a6279a39803f1c6040a13432a107b82a59af04110908
0803,LiDARNet/Table/Table+x2f1_xiantwo117+40.ply,LiDARNet,2666535,c863b19d70f396c4f7698483a9a19b07ebf31835cb86e8b1f15c9131de46e6b6
0804,LiDARNet/Table/Table+x2f1_xiantwo122_part_00+33.ply,LiDARNet,3005907,7dac922e7c1714efefd761354215192c7ded10a0b14ef3f03968940e978a086f
0805,LiDARNet/Table/Table+x2f2_xiantwo207+31.ply,LiDARNet,895494,40f3ec59cad559fa392daf982f92a6ced4a2087a5eda2dc73aeb22ecef6d6646
0806,LiDARNet/Table/Table+x2f2_xiantwo207+52.ply,LiDARNet,2048988,ac003b06501af2d8f5bc973b721c3e892750f1d5ea7336847abbecb0e9bbdb8b
0807,LiDARNet/Table/Table+x2f2_xiantwo207+58.ply,LiDARNet,2522923,4f24cf81a3b836d7d74e32a4243d41cbf2a77127ed2541782363c8a003495f1b
0808,LiDARNet/Table/Table+x2f2_xiantwo212+38.ply,LiDARNet,2094964,8de9b5be0c4e7aa9aed38330e214e772dac52e2fc9bf0d59d20644ec65fb67dc
0809,LiDARNet/Table/Table+x2f2_xiantwo212+41.ply,LiDARNet,815911,c4a2ba14b2b9a7e22bbe43a9364acd0a69f6ea1399c1a9142f317b5ad5e1f15b
0810,LiDARNet/Table/Table+x2f2_xiantwo212+42.ply,LiDARNet,819887,8d8045d8590157600a9a6cef4b22848aef1696543a11555f2e03d9452074dc6b
0811,LiDARNet/Table/Table+x2f2_xiantwo212+46.ply,LiDARNet,829375,041fdbd7448f257adaf12bfcc0ba436845645a0a04c6fca3f5f26f84a25a42c6
0812,LiDARNet/Table/Table+x2f2_xiantwo213+48.ply,LiDARNet,414071,083a16d033e02ea890ae15b0daa01541ff7f75294c94869a624c1bf7f60446c9
0813,LiDARNet/Table/Table+x2f2_xiantwo214+41.ply,LiDARNet,795938,1b3a9027fcd7c62f88516072720bf48c9511feae3e69f278bca7ac5ee8944015
0814,LiDARNet/Table/Table+x2f2_xiantwo215+30.ply,LiDARNet,1527233,e8e6281c5e3a1b6e68d15bd2083b0dd390ac1c82180c4337ab5821a0244b79a6
0815,LiDARNet/Table/Table+x2f2_xiantwo217+26.ply,LiDARNet,3624378,8c859279de70950041ede0051a5a593af13e2ead733710b3ad259384cc1c7eb8
0816,LiDARNet/Table/Table+x2f3_xiantwo313+39.ply,LiDARNet,1180286,b7cd8996cb0303922aa0641385b6381c5c98ad06600e3069be3f0cae792c2267
0817,LiDARNet/Table/Table+x2f3_xiantwo315+11.ply,LiDARNet,20740,83b605d24c02375306be2f0d7206b5b16cba869ec19b5b35f6e080d69051561c
0818,LiDARNet/Table/Table+x2f4_xiantwo401+31.ply,LiDARNet,222323,141114327bc3c90e77f960e5ff177da221407d95790341dda933035279a4db40
0819,LiDARNet/Table/Table+x2f4_xiantwo414+31.ply,LiDARNet,1390047,1d7c7059416efcec780edfdb5dc1e23e8fb7802514ee08e84042ecaee87e658f
0820,LiDARNet/Table/Table+x2f4_xiantwo416+9.ply,LiDARNet,3530823,c7ea4b4643b94846f972eac6c81c805378fa4ddd6881b9a6cbc19e664e0cb987
0821,LiDARNet/Table/Table+x2f4_xiantwo418+26.ply,LiDARNet,1877381,5734551947b8b249cfdc2708be1193fa3ce3b9015f06d6136f34060d78aa7326
0822,LiDARNet/Table/Table+x2f4_xiantwo419+26.ply,LiDARNet,3724770,9f33f2df3d7bf3cad05144f617044bc8eaa7c7a61c95e3fe436509f0f9f1921e
0823,LiDARNet/Wardrobe/Wardrobe+baiyin_room07_part_01+33.ply,LiDARNet,28970725,63b8b19f15f859c6025af51dc90071f5f6e391d084d8963f6d382745418f2e37
0824,LiDARNet/Wardrobe/Wardrobe+baiyin_room07_part_01+34.ply,LiDARNet,24993905,7e9702978c13f1958554fd95e4e666d350831f93ad560115f3ca74a79dbb110b
0825,LiDARNet/Wardrobe/Wardrobe+baiyin_room10+102.ply,LiDARNet,8510037,86fab1047d6a5f127bfaf278d6d2f9d5d43b5c3edff04a1847b0b7a89d1693eb
0826,LiDARNet/Wardrobe/Wardrobe+cloud_01_room06+15.ply,LiDARNet,20777699,18037047e9e8b2ebbfff5e49acfda34715572b1ddbbfd58db982fb1371ef82df
0827,LiDARNet/Wardrobe/Wardrobe+haowei_room08+22.ply,LiDARNet,3931303,ff3aea939aaddbc9113c95b9ebdcdd045cadd870e4711ecfe4ec0aa2fba49cde
0828,LiDARNet/Wardrobe/Wardrobe+lasa_room01+14.ply,LiDARNet,6893055,133bbcbc7c0b7864deeaaf96690452c9bfd59bcc281dcdecf6c1e70825ceb84c
0829,LiDARNet/Wardrobe/Wardrobe+lasa_room01+15.ply,LiDARNet,2074427,8809a7ca3f9f43b80373aa3d144a419d393b29ba2405f254eac93cdfc91f78dd
0830,LiDARNet/Wardrobe/Wardrobe+lasa_room04+34.ply,LiDARNet,1899114,9ebd811685fcbba8e8fccf1b12948e24aa1cc27e05d59d84b70a46cf34a47180
0831,LiDARNet/Wardrobe/Wardrobe+lasa_room04+35.ply,LiDARNet,6068594,ec8dd8df6c2b545d916dbf5652ae98abaa14b5c8f53a0446a8f2aa4d0ae3f0bd
0832,LiDARNet/Wardrobe/Wardrobe+lasa_room08+19.ply,LiDARNet,3133846,eb0558fc5a85ecf97cfcf055305764b24390b40bb0e374c9d0dcba748ab1a560
0833,LiDARNet/Wardrobe/Wardrobe+lasa_room10+26.ply,LiDARNet,4613476,5b169c6072b592020b8689531158d66a9f4ff6b1c23680977d5654f0a1c61465
0834,LiDARNet/Wardrobe/Wardrobe+lasa_room35+14.ply,LiDARNet,321075,5eb186bb95c8e0d3c3458e9496e47ccec485e155e27e58fb9cb6624927c981e0
0835,LiDARNet/Wardrobe/Wardrobe+lasa_room35+16.ply,LiDARNet,999342,60a0d12349ce75218a0017031926e740f37f5c2b744cbe83043e741e599debeb
0836,LiDARNet/Wardrobe/Wardrobe+lasa_room35+17.ply,LiDARNet,1380007,46d7916b595f6df0783b1080bb1e45b64bab032a2cdfe3786b03350e1454799f
0837,LiDARNet/Wardrobe/Wardrobe+nongye_room06+20.ply,LiDARNet,9896991,348776622719692630e7bf3d83328a4704ad4c8cc77796528e34f6fbf46edf71
0838,LiDARNet/Wardrobe/Wardrobe+nongye_room10+35.ply,LiDARNet,3067095,eb97f046101591508ff042b14fa8bef363f541ca33fbdb7e2bce01c7d7ac0862
0839,LiDARNet/Window/Window+cloud_01_room07+11.ply,LiDARNet,294203,8ff6e104e3c919d5017d153fba44bbd5e8a4e9dc0aad4de25faba5805595b82f
0840,LiDARNet/Window/Window+cloud_02_room04+19.ply,LiDARNet,2856878,5a0daab69764f3d6dcaba6db69af638dc2d56426134e8d0149b841a7b22481cb
0841,LiDARNet/Window/Window+haowei_room01+21.ply,LiDARNet,1114242,f3142aef87ffef9014952ed28ebbdf4df5782d75f61d5724f225ab5aa1e5806c
0842,LiDARNet/Window/Window+haowei_room07+19.ply,LiDARNet,367152,2cbd2386b776d9762c0701cb0e71010ba62d4b944c8a8b9eb6337a2af1c10ab4
0843,LiDARNet/Window/Window+haowei_room09+13.ply,LiDARNet,873233,f6c4d5eff15e6defabf9a6f49e3b4a2f7d06422f735c44e2c69bbc83a7333a41
0844,LiDARNet/Window/Window+lasa_corridor15+9.ply,LiDARNet,2034183,f653812740418431cace7a200061ff8d915877de13ee204c2ba7e4ddbda03123
0845,LiDARNet/Window/Window+lasa_room01+4.ply,LiDARNet,2389167,4248e4dc6c5b6d6bf20c8f8305c963c77972784f0b6d2b0562ba6773689ce022
0846,LiDARNet/Window/Window+lasa_room06+16.ply,LiDARNet,2102866,cf081e8f4b28e64287e146d55fc6f55c7f09c1cee1f5398b84fceb3875546349
0847,LiDARNet/Window/Window+lasa_room28+9.ply,LiDARNet,3868062,93bea682110b59fcc1c1b7cd3aec4ab45469dfe8d937f0a9ee68a633994f3cf8
0848,LiDARNet/Window/Window+lasa_room30+15.ply,LiDARNet,2623367,f97d6f32fbf772a8ba8af1e99a5fc0ca6fa1890c6329da86e307b510f55e0f02
0849,LiDARNet/Window/Window+nongye_corridor05+14.ply,LiDARNet,3352316,59f371830af940963c88cd5c5f2ff08638a43378e55fb1e035fb18bb630fe9ab
0850,LiDARNet/Window/Window+nongye_room01+27.ply,LiDARNet,1623003,37c026b2c1d98fa01129bc746ba9f54d1f1324d223570cf73ebf961700ffb778
0851,LiDARNet/Window/Window+nongye_room08+15.ply,LiDARNet,845270,a18d09f593c85297c918015c240503c1b153404dddbbe3b31d488d8c3ed3f9a1
0852,LiDARNet/Window/Window+vr_room10+8.ply,LiDARNet,1393944,54b00d80e795b5ac007d78add93e02ade6a248b97325c053fb86c29bb1bec090
0853,LiDARNet/Window/Window+x1f1_stairs01+13.ply,LiDARNet,9440478,cbf50f0528dd5f1b5521af74aa1a4ff037978faa442b976e68aaa5f39d235dac
0854,LiDARNet/Window/Window+x1f1_xianone104+11.ply,LiDARNet,492881,96872f00dcee86b67971e78fc8dfea045be220046b00c8f99c3d0220ad999409
0855,LiDARNet/Window/Window+x1f1_xianone106+19.ply,LiDARNet,24708573,e38fbde6baf3d071033b4bd3ea85b6bf97d71a9bec6fa952eb46937997820d47
0856,LiDARNet/Window/Window+x1f1_xianone111+11.ply,LiDARNet,3430083,dee826b19c0d0d13e27450ecd950e0fc3bd34bad6f9cf5b0dc9e121e33636f11
0857,LiDARNet/Window/Window+x1f3_corridor03+30.ply,LiDARNet,233530,9bd1f4f01ec21af9b8e04377d3419ba1273a754c507b43ef5e6136022365810b
0858,LiDARNet/Window/Window+x1f4_corridor01_part_00+34.ply,LiDARNet,15759859,6e039a4b5cc3716d7f3b4330c83de54c872fb46c6c46991b7c25d9b0455a92e9
0859,LiDARNet/Window/Window+x2f1_corridor05_part_00+18.ply,LiDARNet,4690707,ed0eb971e5dfbcd0b75ea0bc0f832537faa99148baf9ea47a6738bc7f031257c
0860,LiDARNet/Window/Window+x2f1_xiantwo110+11.ply,LiDARNet,2074732,aa400b57fffdfde3240035a0c663875b43de57bc9771a625e94a5c21eeae5c0d
0861,LiDARNet/Window/Window+x2f1_xiantwo122_part_01+10.ply,LiDARNet,74816,af0bb24324a26e709b5f55e8b2312c634763e3fef44b2f7e02c36128ee908cf7
0862,LiDARNet/Window/Window+x2f1_xiantwo122_part_01+8.ply,LiDARNet,552980,1f266ba11963ebf89fee7407347e6644a5cccb4991b197a2a5c1b09b1ce29534
0863,LiDARNet/Window/Window+x2f2_corridor03_part_01+10.ply,LiDARNet,3549253,f4ee0c46a2be823ade6757b12a3ce5f7a492337937f3fec29db8bb0c2317b893
0864,LiDARNet/Window/Window+x2f2_xiantwo207+20.ply,LiDARNet,2331573,54b3ebe9e415267f98e07373d5e907dcf3db784825756593f61a0830acfd4126
0865,LiDARNet/Window/Window+x2f3_corridor02+75.ply,LiDARNet,1146880,33971eabf1a3e0e14d266f78d0d3ed518333f9f8c7f8c7ad8f3536606835ca59
0866,LiDARNet/Window/Window+x2f3_corridor02+80.ply,LiDARNet,1262757,c2de96e4a7f8c84612aeb57b21c90360e0dbbd54feef90960eda2ceb2c7c3dea
0867,LiDARNet/Window/Window+x2f3_corridor02+82.ply,LiDARNet,586374,e374c2d0f715447ad02e7318355267b71f1a864afaf2e99a0f37fc7faa8f828f
0868,LiDARNet/Window/Window+x2f4_corridor04+13.ply,LiDARNet,2345764,3a1292337987a0179e6d3f755adb13c02c79d91d02d8383a45fad7fcab02ad01
0869,modelnet40c_processed/airplane/background/M40C_airplane_idx2055_background_1.npy,modelnet40c_processed,12680,ce164dc7b19aacf6d875afdaa47feb958bda4cbc5d742a7182e04b68bf6caa77
0870,modelnet40c_processed/airplane/background/M40C_airplane_idx2055_background_2.npy,modelnet40c_processed,12716,b58f0cdf673835a37e0569a8c41b750361a61c9d5f4656f644521391a853b7f7
0871,modelnet40c_processed/airplane/background/M40C_airplane_idx2055_background_3.npy,modelnet40c_processed,12764,dd3d8c617b00fcdbbef8a6cbfaf57a61dec2d2cabd8e060ad041d6587b28e76e
0872,modelnet40c_processed/airplane/background/M40C_airplane_idx2055_background_4.npy,modelnet40c_processed,12824,1fc5edca4ced876d065fde876d2fd0560bda44ad02c6283f3640828f57a5bd3f
0873,modelnet40c_processed/airplane/background/M40C_airplane_idx2055_background_5.npy,modelnet40c_processed,13028,797e217cd775d9a75f7bd179ffafbc288635843033a58b2b8453cd3e76dc4dc7
0874,modelnet40c_processed/airplane/cutout/M40C_airplane_idx2055_cutout_1.npy,modelnet40c_processed,11696,7f327c56b421300305c9554f463500f5df9bbb611fccc0d2bbfe11f494b878af
0875,modelnet40c_processed/airplane/cutout/M40C_airplane_idx2055_cutout_2.npy,modelnet40c_processed,11336,3d8e376c709cb783d12d65f4eb163c2331033727b575e69c930fc0f3f4a241f4
0876,modelnet40c_processed/airplane/cutout/M40C_airplane_idx2055_cutout_3.npy,modelnet40c_processed,10616,3785d0db4a7da49327e9075a597a94f589a57ff12a4007f36283726b60aea313
0877,modelnet40c_processed/airplane/cutout/M40C_airplane_idx2055_cutout_4.npy,modelnet40c_processed,9896,93678a5b47ed7c993c22bebc990cc013ee96ec6315ae252c4efaddef142855ca
0878,modelnet40c_processed/airplane/cutout/M40C_airplane_idx2055_cutout_5.npy,modelnet40c_processed,8816,676b37d06a181516e804dde0bcdbf6266164b9ae573645d76c3431c0cd23b059
0879,modelnet40c_processed/airplane/ffd/M40C_airplane_idx2055_ffd_1.npy,modelnet40c_processed,12416,1e4c3d4122c50b8dbdad5e4ecbec274f3ccbbf317be5ac08b142a47ce40e80ca
0880,modelnet40c_processed/airplane/ffd/M40C_airplane_idx2055_ffd_2.npy,modelnet40c_processed,12416,efb1f5fc2aa7d5e0876801781878bc7ddb297ca05200de00a9104927421b8812
0881,modelnet40c_processed/airplane/ffd/M40C_airplane_idx2055_ffd_3.npy,modelnet40c_processed,12416,7242f455386f100bd020f1b71a29cb9f25508fd616cc836da6218dc98c137dcb
0882,modelnet40c_processed/airplane/ffd/M40C_airplane_idx2055_ffd_4.npy,modelnet40c_processed,12416,07c6b1e7a40474f41d16e835bc8d007bafb6f285aad01df510c398a2aba29fa1
0883,modelnet40c_processed/airplane/ffd/M40C_airplane_idx2055_ffd_5.npy,modelnet40c_processed,12416,b2709532ce17513fc534e093765334cc738c8411e070fb4dbb3f12647f49b358
0884,modelnet40c_processed/airplane/M40C_airplane_idx2055_REF_0.npy,modelnet40c_processed,12416,621bcb6c753222cb43c3d48f64194f379f858644f60f8a33e9aa0b90714a0ee2
0885,modelnet40c_processed/airplane/gaussian/M40C_airplane_idx2055_gaussian_1.npy,modelnet40c_processed,12416,75673f85f8b901ac69bceaf4948be37c9d4bf4124cc0ea968f36ead5d344aca0
0886,modelnet40c_processed/airplane/gaussian/M40C_airplane_idx2055_gaussian_2.npy,modelnet40c_processed,12416,e638ca581f1861e098bf93050d28fdfae7c8f3ed79a031a948c603e907093dce
0887,modelnet40c_processed/airplane/gaussian/M40C_airplane_idx2055_gaussian_3.npy,modelnet40c_processed,12416,c4f6ea5a213bffd53d872b92fb3ebf212709771108e440caeffb12527e5cf7d9
0888,modelnet40c_processed/airplane/gaussian/M40C_airplane_idx2055_gaussian_4.npy,modelnet40c_processed,12416,19e6e2d81453f6698ba6084ebba86750d3b3d2d9d86ff938700a25321bb9071d
0889,modelnet40c_processed/airplane/gaussian/M40C_airplane_idx2055_gaussian_5.npy,modelnet40c_processed,12416,c08e76dc10cb44174fb1870af8b73b61737b621a903fa18c485adb26faa0189d
0890,modelnet40c_processed/airplane/impulse/M40C_airplane_idx2055_impulse_1.npy,modelnet40c_processed,12416,339564d9bb8b058b2146c40844f21824849106b14c88825fdb17356974703c47
0891,modelnet40c_processed/airplane/impulse/M40C_airplane_idx2055_impulse_2.npy,modelnet40c_processed,12416,19aa3a95909fd2b95df3b455714cbd2f2a5d2ea16a40bdb181170047a55434f8
0892,modelnet40c_processed/airplane/impulse/M40C_airplane_idx2055_impulse_3.npy,modelnet40c_processed,12416,0723dd7dff48147862ed48f3db41bf3ae7ee5b1404c469214aa3f78c5398eabc
0893,modelnet40c_processed/airplane/impulse/M40C_airplane_idx2055_impulse_4.npy,modelnet40c_processed,12416,ba27bfe30473ff9424dd894f333b1aa4b9ea86e9319fe2e2235af138b74b40e9
0894,modelnet40c_processed/airplane/impulse/M40C_airplane_idx2055_impulse_5.npy,modelnet40c_processed,12416,4a3a699b9b0ec78d7bbd1aa94e8dcf4ffbae8a7eba7e882a7482496578aa31c5
0895,modelnet40c_processed/airplane/inverse_rbf/M40C_airplane_idx2055_inverse_rbf_1.npy,modelnet40c_processed,12416,6f76b24116210cbd0f1195609edd16b0b50e1e4f5a4380ba45dc8e053e84aefd
0896,modelnet40c_processed/airplane/inverse_rbf/M40C_airplane_idx2055_inverse_rbf_2.npy,modelnet40c_processed,12416,8494ed352d6b1390cf42e5f22d89d331f8cd80bea645cf3519d1d51a631a1358
0897,modelnet40c_processed/airplane/inverse_rbf/M40C_airplane_idx2055_inverse_rbf_3.npy,modelnet40c_processed,12416,994457cb52ae6194c7d444ad46a18f7cad5882c51fb6c49964e51560dac24298
0898,modelnet40c_processed/airplane/inverse_rbf/M40C_airplane_idx2055_inverse_rbf_4.npy,modelnet40c_processed,12416,6c05d0fe6e874a8834cd5d97e3f6eb6ca931a794ffa930d3795411db28d1599b
0899,modelnet40c_processed/airplane/inverse_rbf/M40C_airplane_idx2055_inverse_rbf_5.npy,modelnet40c_processed,12416,75fba7010aff1747594c5c282f36e0677c95560e380bf3e5229506c677cb78ff
0900,modelnet40c_processed/airplane/lidar/M40C_airplane_idx2055_lidar_1.npy,modelnet40c_processed,9344,a36e68a45fbd9b320802f32fc7d7b32a9dfc2bbe6ac1c7c34cc23a1987aea9a1
0901,modelnet40c_processed/airplane/lidar/M40C_airplane_idx2055_lidar_2.npy,modelnet40c_processed,9344,be8e52f0b14cf8e4917049cb8eb095fc291fd23dd676d47a2c48bd1360de5151
0902,modelnet40c_processed/airplane/lidar/M40C_airplane_idx2055_lidar_3.npy,modelnet40c_processed,9344,5799fd888900baaed900d28dc61092f1d1b320886e4321dd967444dd7acbb1f6
0903,modelnet40c_processed/airplane/lidar/M40C_airplane_idx2055_lidar_4.npy,modelnet40c_processed,9344,e59665e4302d8ea3db56e3c8c11992afffe1265c218f4ca5ebd14dbce1f5a33b
0904,modelnet40c_processed/airplane/lidar/M40C_airplane_idx2055_lidar_5.npy,modelnet40c_processed,9344,29070571a28196aacce408f415ad5964d63dcbc5b948caded37099e468c42295
0905,modelnet40c_processed/airplane/local_density_dec/M40C_airplane_idx2055_local_density_dec_1.npy,modelnet40c_processed,11516,48125780c37c47f258b6014f503df1ca7e9103199b5be104c172c08f5e60c455
0906,modelnet40c_processed/airplane/local_density_dec/M40C_airplane_idx2055_local_density_dec_2.npy,modelnet40c_processed,10616,7c61e7980c7695c53deb65e40d188a271bf19ffa8b6256a5ed68a6884037baa0
0907,modelnet40c_processed/airplane/local_density_dec/M40C_airplane_idx2055_local_density_dec_3.npy,modelnet40c_processed,9716,8aa69b107b28a1ef09d18702fa1122fd005df6b21c6e58acc5427fcce90bdce6
0908,modelnet40c_processed/airplane/local_density_dec/M40C_airplane_idx2055_local_density_dec_4.npy,modelnet40c_processed,8816,86ec992efd572f208c0b79597f82f1130fb5f04dc2711ef12c20a7b85f30a873
0909,modelnet40c_processed/airplane/local_density_dec/M40C_airplane_idx2055_local_density_dec_5.npy,modelnet40c_processed,7916,e2dd46e3f2dcdb98a55b05c947cf544fbe33073a603da98a9693932bfdfd89ca
0910,modelnet40c_processed/airplane/local_density_inc/M40C_airplane_idx2055_local_density_inc_1.npy,modelnet40c_processed,12416,700c41ff8a1c097bbbc168b1e9fd006d62e249c14cf7f8552ada4d0f6d59df32
0911,modelnet40c_processed/airplane/local_density_inc/M40C_airplane_idx2055_local_density_inc_2.npy,modelnet40c_processed,12416,278b4280b23a88128d33593e5a42fca891e9ecf4e17b58058a182378d04ff180
0912,modelnet40c_processed/airplane/local_density_inc/M40C_airplane_idx2055_local_density_inc_3.npy,modelnet40c_processed,12416,9541e7169cdb6e984ea6d9f5adb1432a1338400091fa4b381b43dc61edd8fe92
0913,modelnet40c_processed/airplane/local_density_inc/M40C_airplane_idx2055_local_density_inc_4.npy,modelnet40c_processed,12416,8cab01074fd8d29077d01705881b7262c3a7084251d3db55498b3849c7757452
0914,modelnet40c_processed/airplane/local_density_inc/M40C_airplane_idx2055_local_density_inc_5.npy,modelnet40c_processed,12416,0fd7fa2133d6707ceedb5ea66cd1d7eed025ba2061da4527ef1ff19d71d79b1c
0915,modelnet40c_processed/airplane/occlusion/M40C_airplane_idx2055_occlusion_1.npy,modelnet40c_processed,12416,5cb41b0bc92176fd41d805d827fefe488311aae1bec1efa505fbd3d74fb80318
0916,modelnet40c_processed/airplane/occlusion/M40C_airplane_idx2055_occlusion_2.npy,modelnet40c_processed,12416,7010e06b0670201b8d524da60cfdec980f770d16bec37b11c84736c4ae120c7c
0917,modelnet40c_processed/airplane/occlusion/M40C_airplane_idx2055_occlusion_3.npy,modelnet40c_processed,12416,9a4428874d0ca21bd3330323c87974008bc5367396f73a8e27f80f5ef07ecb04
0918,modelnet40c_processed/airplane/occlusion/M40C_airplane_idx2055_occlusion_4.npy,modelnet40c_processed,12416,881b7942b82818cf3e9db6cb152ddd230c15db84ccd739c56d8190fb52f7bad2
0919,modelnet40c_processed/airplane/occlusion/M40C_airplane_idx2055_occlusion_5.npy,modelnet40c_processed,12416,e0352a231b76ae1e049c166548e135eb3e69d72d5fec992c920b2175145ed92f
0920,modelnet40c_processed/airplane/rbf/M40C_airplane_idx2055_rbf_1.npy,modelnet40c_processed,12416,65932bc24be38bdc40e610cb6cd8f695273af740acc5d6e48acc45da0ece1d2b
0921,modelnet40c_processed/airplane/rbf/M40C_airplane_idx2055_rbf_2.npy,modelnet40c_processed,12416,a384cd2ce019f1552a0ba2899cadc27cae60b44a6fccfb49682a001de9d27884
0922,modelnet40c_processed/airplane/rbf/M40C_airplane_idx2055_rbf_3.npy,modelnet40c_processed,12416,d9013c08c83997e0c903cfbaab13392d3a39129fa6348354da47fe1a351f37fd
0923,modelnet40c_processed/airplane/rbf/M40C_airplane_idx2055_rbf_4.npy,modelnet40c_processed,12416,bd677d781ce494aaf91dbe06324e5816435b1275ab74a01a2411e5f3df2535fb
0924,modelnet40c_processed/airplane/rbf/M40C_airplane_idx2055_rbf_5.npy,modelnet40c_processed,12416,eafd8f2ca40e91ca54fda671949ac7a82282febbee08f4109eeb95f20f9f10a1
0925,modelnet40c_processed/airplane/shear/M40C_airplane_idx2055_shear_1.npy,modelnet40c_processed,12416,933c8a1dee2fbfcc371bd39ad03329f326ede976d9912e5f885b278a4df3a8a4
0926,modelnet40c_processed/airplane/shear/M40C_airplane_idx2055_shear_2.npy,modelnet40c_processed,12416,13d967501a0d2c43237a25a59a4d794c839c36f0e6c7ff8606e4e16bb9dad654
0927,modelnet40c_processed/airplane/shear/M40C_airplane_idx2055_shear_3.npy,modelnet40c_processed,12416,225368a7df8c087417d94910b0af24d5d65b6cb78534b59e98555cfc7886b935
0928,modelnet40c_processed/airplane/shear/M40C_airplane_idx2055_shear_4.npy,modelnet40c_processed,12416,2372ba1299b35b253b47dcb547f36a26e9036e8d33d468870bd7e1a508497301
0929,modelnet40c_processed/airplane/shear/M40C_airplane_idx2055_shear_5.npy,modelnet40c_processed,12416,a630bd8b2ecf66165b6dee5a20b7c345deeb5abaefe0e2fa1cf13e7b2e5d357e
0930,modelnet40c_processed/airplane/uniform/M40C_airplane_idx2055_uniform_1.npy,modelnet40c_processed,12416,fb673e4d967a2362810e3ead3a31836a6723b2543a5ead93f67080a323c986a4
0931,modelnet40c_processed/airplane/uniform/M40C_airplane_idx2055_uniform_2.npy,modelnet40c_processed,12416,ca130b55d765e559df68d3c5d8466dffbc1b051bf8fa6906c2cf82f8626925fe
0932,modelnet40c_processed/airplane/uniform/M40C_airplane_idx2055_uniform_3.npy,modelnet40c_processed,12416,f9f9e8b91b97c90017182cac8dc6103bf47622e9bcb6ccc64def6674389554d2
0933,modelnet40c_processed/airplane/uniform/M40C_airplane_idx2055_uniform_4.npy,modelnet40c_processed,12416,d0677badccb23c7bd1f6d49f82fd7a6f0c1b112606a689a3904214428a8ec610
0934,modelnet40c_processed/airplane/uniform/M40C_airplane_idx2055_uniform_5.npy,modelnet40c_processed,12416,483e06a869eb176ec3eae927fb7191b1fd283f2239e8bd9d5a909e523d12b196
0935,modelnet40c_processed/airplane/upsampling/M40C_airplane_idx2055_upsampling_1.npy,modelnet40c_processed,14864,5733f608e9e8f126a19cffa6308fcf343670d4992a1d25a7f4e68deb04802104
0936,modelnet40c_processed/airplane/upsampling/M40C_airplane_idx2055_upsampling_2.npy,modelnet40c_processed,15488,25a0d676854bfbc905b8016524256173bace71aefe91bf3e3ff57eeb8d199c00
0937,modelnet40c_processed/airplane/upsampling/M40C_airplane_idx2055_upsampling_3.npy,modelnet40c_processed,16508,2adfbb7eb040a8d50256533065eaed66216bd330ef3cd4a890774714efc163c4
0938,modelnet40c_processed/airplane/upsampling/M40C_airplane_idx2055_upsampling_4.npy,modelnet40c_processed,18560,3c5dc1e6845fd620bc6cf72e8589b811bb470af4b33103951be5cf68fd7624a3
0939,modelnet40c_processed/airplane/upsampling/M40C_airplane_idx2055_upsampling_5.npy,modelnet40c_processed,24704,33a736274f28fd6e70d01a2107d523201b9144a262c3da8d0fe1a011b455923f
0940,modelnet40c_processed/car/background/M40C_car_idx335_background_1.npy,modelnet40c_processed,12680,aedbd11df2a72a91fbe16c973c715dc20e8b9662904a88a8219a8492882e8b15
0941,modelnet40c_processed/car/background/M40C_car_idx335_background_2.npy,modelnet40c_processed,12716,02631e44899276503e84514091fc0c17d18ac7dd0e8d9577c4574815f5235d6c
0942,modelnet40c_processed/car/background/M40C_car_idx335_background_3.npy,modelnet40c_processed,12764,5473eb842e9b262e88a991436203bedee2c6c846bb82c83ac69ab0d4cc1ce33e
0943,modelnet40c_processed/car/background/M40C_car_idx335_background_4.npy,modelnet40c_processed,12824,72d4ab60a5c3d2a533a7cd401a3f94e78bb65135c3264e994441d50212cb893f
0944,modelnet40c_processed/car/background/M40C_car_idx335_background_5.npy,modelnet40c_processed,13028,be1e115fde89ce7a7a0b2cc8c947a11ebaa06fcbc8bd911daf95122f2354c4d2
0945,modelnet40c_processed/car/cutout/M40C_car_idx335_cutout_1.npy,modelnet40c_processed,11696,d14c29e05e985a1ab0722337f8033dd39a5b7f33da2fe58633113322b8ba20a7
0946,modelnet40c_processed/car/cutout/M40C_car_idx335_cutout_2.npy,modelnet40c_processed,11336,dd1817b5eeb2de241cba86cdf8d8b09ab0bd7b23965efabc8dd456118c5c478b
0947,modelnet40c_processed/car/cutout/M40C_car_idx335_cutout_3.npy,modelnet40c_processed,10616,1fbafe8ba970cf9a5641c653c7aa25f8446b07b60812860ca3bf03128a11afc5
0948,modelnet40c_processed/car/cutout/M40C_car_idx335_cutout_4.npy,modelnet40c_processed,9896,297f2712309c4d6143f5e08298255e28dd68a5ecb69ce2245b5ba75d31416b8b
0949,modelnet40c_processed/car/cutout/M40C_car_idx335_cutout_5.npy,modelnet40c_processed,8816,2911c4c8039aee9b86139d7d15164f8ed6a34a1228e10dcb70b293150ecc842a
0950,modelnet40c_processed/car/ffd/M40C_car_idx335_ffd_1.npy,modelnet40c_processed,12416,7918762296a678f57dc7e9f2156f1e50095cb72ca0b4b547796ac6b101f2de6c
0951,modelnet40c_processed/car/ffd/M40C_car_idx335_ffd_2.npy,modelnet40c_processed,12416,72941d34254969b17e0952869d7c169a8e817050bd0437c2f87235d9c67bb052
0952,modelnet40c_processed/car/ffd/M40C_car_idx335_ffd_3.npy,modelnet40c_processed,12416,456b4f4b4f6614da10c6b416f581d89b84470ff63f3b52288fb59a01fd130f68
0953,modelnet40c_processed/car/ffd/M40C_car_idx335_ffd_4.npy,modelnet40c_processed,12416,b6ae07317772338182bfacc18d942b16014b71d96d36774762d6d4fb7c9dbd10
0954,modelnet40c_processed/car/ffd/M40C_car_idx335_ffd_5.npy,modelnet40c_processed,12416,a24c61ada0662fab88a0063e1467ee85c54999121545cf2efc70881aecfd6049
0955,modelnet40c_processed/car/M40C_car_idx335_REF_0.npy,modelnet40c_processed,12416,ca8dc166c74170501d5ea79aef8d477c18fd636c6d052eaebf6244314697bcb5
0956,modelnet40c_processed/car/gaussian/M40C_car_idx335_gaussian_1.npy,modelnet40c_processed,12416,37a005cc8034ea577660a7ddee44d8049054dcc2ae65d39a4aa6a888da50bdc6
0957,modelnet40c_processed/car/gaussian/M40C_car_idx335_gaussian_2.npy,modelnet40c_processed,12416,856ce05a43d478115777bbce491b426816c438b098e8c745342a96e636c25138
0958,modelnet40c_processed/car/gaussian/M40C_car_idx335_gaussian_3.npy,modelnet40c_processed,12416,3ed76183a61b89bd55c61238642d441038f1f0f7ad7ebe91f53fa95b38a3bdc1
0959,modelnet40c_processed/car/gaussian/M40C_car_idx335_gaussian_4.npy,modelnet40c_processed,12416,601704b91bef4d63759609657c5032a051ae564fed50cf2d3ee45a72c6f05896
0960,modelnet40c_processed/car/gaussian/M40C_car_idx335_gaussian_5.npy,modelnet40c_processed,12416,c848fb9cff198a933ee6b47acdeec1d1a279cc4f4c7a7ad4fa46997056113e1f
0961,modelnet40c_processed/car/impulse/M40C_car_idx335_impulse_1.npy,modelnet40c_processed,12416,fd8a6a57708a96a7f2b482bddd0624c508b9862c9f9f952c4f5db972d050239f
0962,modelnet40c_processed/car/impulse/M40C_car_idx335_impulse_2.npy,modelnet40c_processed,12416,8fc696891aeee16000c4297fbaa54f1dce70078353c8081af578192ad14f3e69
0963,modelnet40c_processed/car/impulse/M40C_car_idx335_impulse_3.npy,modelnet40c_processed,12416,d82d55e0ea40852b3c22ec87a3b5ce42dbb190c6a45c25caf9b3e2a5561781d9
0964,modelnet40c_processed/car/impulse/M40C_car_idx335_impulse_4.npy,modelnet40c_processed,12416,883e8be1a0480cd9ada5624b3ecaeb2fd929da0ec449052494b0f183230cd4b4
0965,modelnet40c_processed/car/impulse/M40C_car_idx335_impulse_5.npy,modelnet40c_processed,12416,558102e3b2215f69b1a833a168aa94b6240a63f947218f524ee47155a93a7307
0966,modelnet40c_processed/car/inverse_rbf/M40C_car_idx335_inverse_rbf_1.npy,modelnet40c_processed,12416,75538ea97525f1379a0312116c48f12cad1e3355e53e2a3e20f77ab05c37b9c7
0967,modelnet40c_processed/car/inverse_rbf/M40C_car_idx335_inverse_rbf_2.npy,modelnet40c_processed,12416,d4b49e0ee35fe15f082a30c483e51eb16539dc3809fd2873628f1378810b6594
0968,modelnet40c_processed/car/inverse_rbf/M40C_car_idx335_inverse_rbf_3.npy,modelnet40c_processed,12416,93b2e2c0e308c88e62065764cbd49a03dc422c0bf7ca7e5de5a830da8fe8a7a5
0969,modelnet40c_processed/car/inverse_rbf/M40C_car_idx335_inverse_rbf_4.npy,modelnet40c_processed,12416,377c56e0f2139ed7ae8b52bfa9b49364f791f5198dd827d1c1e91873997e5efe
0970,modelnet40c_processed/car/inverse_rbf/M40C_car_idx335_inverse_rbf_5.npy,modelnet40c_processed,12416,73594f3babed2aa4a9183c05dc27ce43f05c3b526ee967c0adf14f7a29e3c521
0971,modelnet40c_processed/car/lidar/M40C_car_idx335_lidar_1.npy,modelnet40c_processed,9344,964aac7f705e30580a83274b7169b4aab852e869857fea803ab403275aa8d6b4
0972,modelnet40c_processed/car/lidar/M40C_car_idx335_lidar_2.npy,modelnet40c_processed,9344,7a8c188215577d3e186613802dcf8c90918ca4f8b795b8338a749f2171842bd1
0973,modelnet40c_processed/car/lidar/M40C_car_idx335_lidar_3.npy,modelnet40c_processed,9344,1aa3f1d6ef6b41e908b29ede25f778fb0c4fa36e4d620f8602b8f8b23ce6a0e2
0974,modelnet40c_processed/car/lidar/M40C_car_idx335_lidar_4.npy,modelnet40c_processed,9344,25d360f5a40e34b12d87534f73f237526cf75800f8b9fd8d106bba90b0df9a27
0975,modelnet40c_processed/car/lidar/M40C_car_idx335_lidar_5.npy,modelnet40c_processed,9344,6b621944514ce6ed45bee72b83f885a03665ce49e49970a8892cc8d933fa6af9
0976,modelnet40c_processed/car/local_density_dec/M40C_car_idx335_local_density_dec_1.npy,modelnet40c_processed,11516,ede452711bd83150237c42aa2d14f861e3801a3bd3e465f7d22a7851997b7df7
0977,modelnet40c_processed/car/local_density_dec/M40C_car_idx335_local_density_dec_2.npy,modelnet40c_processed,10616,377380f6f530a4226d1a897456d085ff7cb8d5140ac63f549715fa2af681d908
0978,modelnet40c_processed/car/local_density_dec/M40C_car_idx335_local_density_dec_3.npy,modelnet40c_processed,9716,4503628afd3cd48b88ca55ad79a2cfaec1b67f38745a3a403f12b116e6e50f4e
0979,modelnet40c_processed/car/local_density_dec/M40C_car_idx335_local_density_dec_4.npy,modelnet40c_processed,8816,8e46621083502ec7ebc888514e9fadc113a492b90d5bf033d6b5d8035838691d
0980,modelnet40c_processed/car/local_density_dec/M40C_car_idx335_local_density_dec_5.npy,modelnet40c_processed,7916,4d77ba8563ff3c1bdca77e0d71de1f99889ef8a74dc057c41c9c5151817561bf
0981,modelnet40c_processed/car/local_density_inc/M40C_car_idx335_local_density_inc_1.npy,modelnet40c_processed,12416,c96c8457f6b403263e0e4257693b4c352ece799b4af7f035352cd4c7d1195201
0982,modelnet40c_processed/car/local_density_inc/M40C_car_idx335_local_density_inc_2.npy,modelnet40c_processed,12416,8b05f44622d8baa49ee6588e6771ba37a109a6e0757aea8702ec2bbcadbc6cae
0983,modelnet40c_processed/car/local_density_inc/M40C_car_idx335_local_density_inc_3.npy,modelnet40c_processed,12416,b21eac08248143befa65ecb28ad949900bbb4105def9110357d32cd1d5c5ca70
0984,modelnet40c_processed/car/local_density_inc/M40C_car_idx335_local_density_inc_4.npy,modelnet40c_processed,12416,1b00ca0828a50351907c93ea16195293cf6b78a555faead00c817d546b855352
0985,modelnet40c_processed/car/local_density_inc/M40C_car_idx335_local_density_inc_5.npy,modelnet40c_processed,12416,cae01f37b83a01ebd94e145056cdf40f923c87fbeebaf9e0bfac18d266c69fcd
0986,modelnet40c_processed/car/occlusion/M40C_car_idx335_occlusion_1.npy,modelnet40c_processed,12416,8a025692ec11f80d80e4e7421c80ff45597e8165ee89e286f8d51bb92a293243
0987,modelnet40c_processed/car/occlusion/M40C_car_idx335_occlusion_2.npy,modelnet40c_processed,12416,166061c8ccdf557e4e6e54987be4097259c000b2a3b3b16f9b35c54b28c7a35a
0988,modelnet40c_processed/car/occlusion/M40C_car_idx335_occlusion_3.npy,modelnet40c_processed,12416,10288efdca0382d5dc2b5ceb56c171269a5f8704f2630897580cf10bf8100d24
0989,modelnet40c_processed/car/occlusion/M40C_car_idx335_occlusion_4.npy,modelnet40c_processed,12416,6457874a2ef21963bba2b0526704519aedb5e1cf969d9ab46bb9d4e7b34a9209
0990,modelnet40c_processed/car/occlusion/M40C_car_idx335_occlusion_5.npy,modelnet40c_processed,12416,764b91ab8c8a27052de2a7aa9f92ee11771176caed5759d997d10a176628f520
0991,modelnet40c_processed/car/rbf/M40C_car_idx335_rbf_1.npy,modelnet40c_processed,12416,77289edb1b010c73e9171acc4c692a81dd8f61b7eb96d7c1280bea00ad7caa8a
0992,modelnet40c_processed/car/rbf/M40C_car_idx335_rbf_2.npy,modelnet40c_processed,12416,52ac5fbddf47d70cc150d4c535203d6df452617cb4f49ea9cbcce36d7233d9f2
0993,modelnet40c_processed/car/rbf/M40C_car_idx335_rbf_3.npy,modelnet40c_processed,12416,ffe503ce6145861e80dfce5c0b9c878042b03da4cfe2e2ab9b03b73d1dc27472
0994,modelnet40c_processed/car/rbf/M40C_car_idx335_rbf_4.npy,modelnet40c_processed,12416,fea44b801a1d08e24b8e9e382cc50d90397c1abfe3d78a0810f7ba7635f0e559
0995,modelnet40c_processed/car/rbf/M40C_car_idx335_rbf_5.npy,modelnet40c_processed,12416,97cb4a9d72e20e418bb1467b1627d7276b77d084b6fcb49864b144e03e9482ec
0996,modelnet40c_processed/car/shear/M40C_car_idx335_shear_1.npy,modelnet40c_processed,12416,7dc37e354860f464d4c4d2429aa842fdf3281d29a3e48a2ecb5a0c06f280e5f5
0997,modelnet40c_processed/car/shear/M40C_car_idx335_shear_2.npy,modelnet40c_processed,12416,b1c842293560f13062512dda7e3290dbe37de6711f3fd60535eb252c965b2db5
0998,modelnet40c_processed/car/shear/M40C_car_idx335_shear_3.npy,modelnet40c_processed,12416,358ec8f0c8c7bee8306be3c8b3cc78e96c5804de0f2bf0c714b5b8a7d1e8c0eb
0999,modelnet40c_processed/car/shear/M40C_car_idx335_shear_4.npy,modelnet40c_processed,12416,988765af75c5d35b9f63c90cc18f1eaccb49f94c10aa4a72c86f3247d22bc461
1000,modelnet40c_processed/car/shear/M40C_car_idx335_shear_5.npy,modelnet40c_processed,12416,aa52c7e893d7004e0bc81af5e92ecb36aa6080a1446988074dfe5faf0897bf3a
1001,modelnet40c_processed/car/uniform/M40C_car_idx335_uniform_1.npy,modelnet40c_processed,12416,8126757a964e2e756d22db29b9b1655a2856fb7f2410da240c69d29362cd8000
1002,modelnet40c_processed/car/uniform/M40C_car_idx335_uniform_2.npy,modelnet40c_processed,12416,8e7815b4cc1dcefefa40799f5d078b10ff0cb37f0641f0039fd9746988f9a759
1003,modelnet40c_processed/car/uniform/M40C_car_idx335_uniform_3.npy,modelnet40c_processed,12416,fd2e3a1c3e15ed15a4bb769a7be67068015aa7e1e1e5bd90325baaa926d0852a
1004,modelnet40c_processed/car/uniform/M40C_car_idx335_uniform_4.npy,modelnet40c_processed,12416,4c14c138d4eb8af256893265f9c4fbeb9cad2f3ee3458b2edd93642c23e8b104
1005,modelnet40c_processed/car/uniform/M40C_car_idx335_uniform_5.npy,modelnet40c_processed,12416,da39af9cce9a71c6065ffa46e70e965793dfa74389982feffce6bc4134fba0b2
1006,modelnet40c_processed/car/upsampling/M40C_car_idx335_upsampling_1.npy,modelnet40c_processed,14864,091568a7f396a2179dc1c4e0df5292ff399a2c7129913fadc6a14d136e1905e2
1007,modelnet40c_processed/car/upsampling/M40C_car_idx335_upsampling_2.npy,modelnet40c_processed,15488,267fdf19005a37e86dad7850861286219dd02aa755b4dcbf4b4497bb2e2f3192
1008,modelnet40c_processed/car/upsampling/M40C_car_idx335_upsampling_3.npy,modelnet40c_processed,16508,6b1e54bc13a56e126253c74d3f37171448a3dc817c5b4319f3352c5e07f9a0ab
1009,modelnet40c_processed/car/upsampling/M40C_car_idx335_upsampling_4.npy,modelnet40c_processed,18560,dc4e3bcaf9c7ffc67472d3f908b0b8773be5218dacf280e51dfd3c493f13d545
1010,modelnet40c_processed/car/upsampling/M40C_car_idx335_upsampling_5.npy,modelnet40c_processed,24704,4b2aa6c4f2665f5e94d9178866f5aa793d1f9f1e32c1b8d170c6bbc7f89892b1
1011,modelnet40c_processed/chair/background/M40C_chair_idx109_background_1.npy,modelnet40c_processed,12680,2e3a6b549da6744055bd48bbbdd3a35c3366ee457a88f7b2047b7c14b345262d
1012,modelnet40c_processed/chair/background/M40C_chair_idx109_background_2.npy,modelnet40c_processed,12716,343df9742ac065251ac7e9502901a96167ead6eaadd222abffe94fd4ae99a433
1013,modelnet40c_processed/chair/background/M40C_chair_idx109_background_3.npy,modelnet40c_processed,12764,018d948188724b9fbcf8a7d4f7ef289665368d9c048603e1928adb480e44cdca
1014,modelnet40c_processed/chair/background/M40C_chair_idx109_background_4.npy,modelnet40c_processed,12824,fdcbfe511bdf9ac8708f586e793612c58202f0e7412edd9cfbeca57aed6326a9
1015,modelnet40c_processed/chair/background/M40C_chair_idx109_background_5.npy,modelnet40c_processed,13028,003bd830dfc4437cce546c7151ca7ffff31425dea5d6693f016609a7111f128a
1016,modelnet40c_processed/chair/cutout/M40C_chair_idx109_cutout_1.npy,modelnet40c_processed,11696,79355058e4b41db8148c6605851aa50a4825efb03161cca6f4d6787ab1dfaef6
1017,modelnet40c_processed/chair/cutout/M40C_chair_idx109_cutout_2.npy,modelnet40c_processed,11336,38584621809a09ab98397f9c9235d305f261ace1c3237578520a57493e60d280
1018,modelnet40c_processed/chair/cutout/M40C_chair_idx109_cutout_3.npy,modelnet40c_processed,10616,c87f24e46f7bd89cb512eeb58cdfb37a85cafbe6a41373ac1dcdb440439498d9
1019,modelnet40c_processed/chair/cutout/M40C_chair_idx109_cutout_4.npy,modelnet40c_processed,9896,c640e4fc0d101b8ea46e180a64e0b59e8b4331e01d9787c45ffc664fbaaa3f66
1020,modelnet40c_processed/chair/cutout/M40C_chair_idx109_cutout_5.npy,modelnet40c_processed,8816,a5421cc2c10dedb39f3476f03a4f89ff14abb0a0c3899fa2a29fe0af922be0f7
1021,modelnet40c_processed/chair/ffd/M40C_chair_idx109_ffd_1.npy,modelnet40c_processed,12416,1cfccfbe40db0c31fb09291364e835d3ac48a01493e137dd41d5f30055d7775f
1022,modelnet40c_processed/chair/ffd/M40C_chair_idx109_ffd_2.npy,modelnet40c_processed,12416,fdd9eb3aa58625395079d29b69901ebda10aa28fde30f7ca55bbbc082726907f
1023,modelnet40c_processed/chair/ffd/M40C_chair_idx109_ffd_3.npy,modelnet40c_processed,12416,8bdd26e3d53e78a73b9eef9e735253a2409ab24b5ba0ab5bce7c890adec450f8
1024,modelnet40c_processed/chair/ffd/M40C_chair_idx109_ffd_4.npy,modelnet40c_processed,12416,fd8d1bd01902edb3441fec45d12fdfeb518e145d4e8acd3ada15d2753b4e0204
1025,modelnet40c_processed/chair/ffd/M40C_chair_idx109_ffd_5.npy,modelnet40c_processed,12416,8a887f314d09310082fe590e5e85d7d70c27dd08d474359c9b317eb2354aaa5c
1026,modelnet40c_processed/chair/M40C_chair_idx109_REF_0.npy,modelnet40c_processed,12416,c9beca85372895d1eb8cbeca555116ed4f51a544e02812a5b7e25a34494901ca
1027,modelnet40c_processed/chair/gaussian/M40C_chair_idx109_gaussian_1.npy,modelnet40c_processed,12416,2ef1d3856b7332cfedd596c6582902bbba9071bc199430ab76333665dac1785c
1028,modelnet40c_processed/chair/gaussian/M40C_chair_idx109_gaussian_2.npy,modelnet40c_processed,12416,1d33c7cb7c522106c2287b06b519fd83d151ab959397e4f46e50e821710529b3
1029,modelnet40c_processed/chair/gaussian/M40C_chair_idx109_gaussian_3.npy,modelnet40c_processed,12416,0cd7035f71f6081b80477afbd9d1288188caae675221b4da6578ba7b3b030977
1030,modelnet40c_processed/chair/gaussian/M40C_chair_idx109_gaussian_4.npy,modelnet40c_processed,12416,ce171ef6dc82854a59822a6541913c14fbc2fccf23630ae0b86ff44468fe113b
1031,modelnet40c_processed/chair/gaussian/M40C_chair_idx109_gaussian_5.npy,modelnet40c_processed,12416,6a2df23fec7df0722ea2319aa11f75c7badb05d14fe30f05a652018cb4c56bc9
1032,modelnet40c_processed/chair/impulse/M40C_chair_idx109_impulse_1.npy,modelnet40c_processed,12416,4882b9ad8474229f59c4d5b8ac657c99d44135991950a68bb1be0042f141b635
1033,modelnet40c_processed/chair/impulse/M40C_chair_idx109_impulse_2.npy,modelnet40c_processed,12416,2017a44105aceb274abeb20537a4045304395d8dbaf1c7a4cee962c87fa4cdfb
1034,modelnet40c_processed/chair/impulse/M40C_chair_idx109_impulse_3.npy,modelnet40c_processed,12416,cbb2d8e0289866cf0d4a7ad819147a48f52a3cab8750e5d25519baa870bf8a3c
1035,modelnet40c_processed/chair/impulse/M40C_chair_idx109_impulse_4.npy,modelnet40c_processed,12416,898f8bc3b13ab82661a57b8998194373e6095c07fb7b569ec9968b66cc1983b7
1036,modelnet40c_processed/chair/impulse/M40C_chair_idx109_impulse_5.npy,modelnet40c_processed,12416,46ca17eb976aa2800c84b6f0c4d1c50f1425962230f3e1f5b085ac0d1cfcc523
1037,modelnet40c_processed/chair/inverse_rbf/M40C_chair_idx109_inverse_rbf_1.npy,modelnet40c_processed,12416,a87b81f35a5905ec773ab5943023c3214956d09da23808cdfd40bb538cfadc2b
1038,modelnet40c_processed/chair/inverse_rbf/M40C_chair_idx109_inverse_rbf_2.npy,modelnet40c_processed,12416,f7035612201b029dfeb06f9415ebc840fa2de96ab81dd26960bd56fbdc653fab
1039,modelnet40c_processed/chair/inverse_rbf/M40C_chair_idx109_inverse_rbf_3.npy,modelnet40c_processed,12416,4cb488de6332e12a119bf428cf78bd35b21ac65baf305debcd5aa24a4e0fbf3f
1040,modelnet40c_processed/chair/inverse_rbf/M40C_chair_idx109_inverse_rbf_4.npy,modelnet40c_processed,12416,b4bcbab62711da90b60eede2f0eacf34a034e585a58526033b5514cedb50ed36
1041,modelnet40c_processed/chair/inverse_rbf/M40C_chair_idx109_inverse_rbf_5.npy,modelnet40c_processed,12416,c42926057ed7fa7fc2c2a5694b28d71b2792013b5909796754ee9b02cdbaed40
1042,modelnet40c_processed/chair/lidar/M40C_chair_idx109_lidar_1.npy,modelnet40c_processed,9344,ed8b145785a9c2d197d707f9e2dbbda2f3bb06479ebc12e8364f5c2b23b598f2
1043,modelnet40c_processed/chair/lidar/M40C_chair_idx109_lidar_2.npy,modelnet40c_processed,9344,8bf056bd5b28bc7c9d7f8f0de06a6c89b678722e4a6c6ae88056a2d36ceb4b42
1044,modelnet40c_processed/chair/lidar/M40C_chair_idx109_lidar_3.npy,modelnet40c_processed,9344,b38939b2cbfccee0c799c8be44da1f61e9855e20dcacf2c23e85a0bea8097c1f
1045,modelnet40c_processed/chair/lidar/M40C_chair_idx109_lidar_4.npy,modelnet40c_processed,9344,421cb1ec9fb85e264686e98bf34d5d3263d7f10a829338be225db2c198248646
1046,modelnet40c_processed/chair/lidar/M40C_chair_idx109_lidar_5.npy,modelnet40c_processed,9344,88767acc9dba8ee3d2c63f7c4fcb7f0de1e43980ee7e7c00211cfd6878c00869
1047,modelnet40c_processed/chair/local_density_dec/M40C_chair_idx109_local_density_dec_1.npy,modelnet40c_processed,11516,135be704343d2142860cc09a0c39c6c1f0f4c05d20c1205b112215ad6bafcfc7
1048,modelnet40c_processed/chair/local_density_dec/M40C_chair_idx109_local_density_dec_2.npy,modelnet40c_processed,10616,bb59d00ce08aba3eac2daa69ba54b7e51447e05635c5b6df9b1c56b9d8470e84
1049,modelnet40c_processed/chair/local_density_dec/M40C_chair_idx109_local_density_dec_3.npy,modelnet40c_processed,9716,b26f830447f27dee1194be59e58d6dbe0270b3d0b17b1d2b4d794413a3342cec
1050,modelnet40c_processed/chair/local_density_dec/M40C_chair_idx109_local_density_dec_4.npy,modelnet40c_processed,8816,a9e455c90b8da713d7951924d03dfd4ebdc66332ae2caa34fd84c5574990d109
1051,modelnet40c_processed/chair/local_density_dec/M40C_chair_idx109_local_density_dec_5.npy,modelnet40c_processed,7916,66cbcf0332cb77ee346eb78c7e7f0258207b613c8c28ac4dfedf8e8447f71c38
1052,modelnet40c_processed/chair/local_density_inc/M40C_chair_idx109_local_density_inc_1.npy,modelnet40c_processed,12416,3963159bcec6c4a998ef454a144438a82c44705fa8f9b43eb995c620f71ddd50
1053,modelnet40c_processed/chair/local_density_inc/M40C_chair_idx109_local_density_inc_2.npy,modelnet40c_processed,12416,243fe40b8060779bc9901a05c330003affa6d31871a61e4d649267f370ce0927
1054,modelnet40c_processed/chair/local_density_inc/M40C_chair_idx109_local_density_inc_3.npy,modelnet40c_processed,12416,378a04b63e7eb9cca6ee2f1a55dbbb68ccea471a7419994de474a6bb9cfe30cf
1055,modelnet40c_processed/chair/local_density_inc/M40C_chair_idx109_local_density_inc_4.npy,modelnet40c_processed,12416,14f77397c8a53d468e350affd749b81cfec136f4a51ec63f22f18d73bfd2f5bf
1056,modelnet40c_processed/chair/local_density_inc/M40C_chair_idx109_local_density_inc_5.npy,modelnet40c_processed,12416,f34b84943250f2e5cb00f95176f8a0fb6888e8b0d1156d9004168b1e726e554f
1057,modelnet40c_processed/chair/occlusion/M40C_chair_idx109_occlusion_1.npy,modelnet40c_processed,12416,e8436c10ba2362f4c8f2eb57136116d2d2b66fe7c4fbce5c5756d9a9f2b6409f
1058,modelnet40c_processed/chair/occlusion/M40C_chair_idx109_occlusion_2.npy,modelnet40c_processed,12416,ca7be026e25e2d12e9e8e11deb5975bfde48f24b67978ce6e04638086d37ef05
1059,modelnet40c_processed/chair/occlusion/M40C_chair_idx109_occlusion_3.npy,modelnet40c_processed,12416,4ad8608f8e908674e681c5f3b04272af7f05534cd7b6cf4a0d047125ec7e2bcb
1060,modelnet40c_processed/chair/occlusion/M40C_chair_idx109_occlusion_4.npy,modelnet40c_processed,12416,715ffa8d78afc661e78e3a319719db015f89cb20c3b7d5e14123c5fdbc78284e
1061,modelnet40c_processed/chair/occlusion/M40C_chair_idx109_occlusion_5.npy,modelnet40c_processed,12416,3a861917d99292d5788fc82db0254d4b6c2c0fb67ba3ce57055c78d8c50a9ebb
1062,modelnet40c_processed/chair/rbf/M40C_chair_idx109_rbf_1.npy,modelnet40c_processed,12416,b96d5075967f9ed1e4dd4c0a27d6eb2890bdf903bde474e8f827e1e7beb720b6
1063,modelnet40c_processed/chair/rbf/M40C_chair_idx109_rbf_2.npy,modelnet40c_processed,12416,b70feeba9d9d9c7438a298600ecf2c687047324a989b2352e56d8ffce4da2b7f
1064,modelnet40c_processed/chair/rbf/M40C_chair_idx109_rbf_3.npy,modelnet40c_processed,12416,9df2cd6f57aedc3f5bf2f6ea249bbba85c2dd22ad5d8473a90d3d0c992dd4349
1065,modelnet40c_processed/chair/rbf/M40C_chair_idx109_rbf_4.npy,modelnet40c_processed,12416,cfae23ef66084176eecde9392c8f805bf03713fcad79b2639195b7ebf885c0ab
1066,modelnet40c_processed/chair/rbf/M40C_chair_idx109_rbf_5.npy,modelnet40c_processed,12416,d68defdf10c7d983d978888207d1e6ee96ae2e97ebc9913f0906fcbecd8fd17f
1067,modelnet40c_processed/chair/shear/M40C_chair_idx109_shear_1.npy,modelnet40c_processed,12416,826565b8c54cb818e147d5667917c6940e37fdc9c57f951e9fe230386b4dce69
1068,modelnet40c_processed/chair/shear/M40C_chair_idx109_shear_2.npy,modelnet40c_processed,12416,823092b29f73381fddc75fe4dfb0132bbb87d867bd44829097173020a30aff29
1069,modelnet40c_processed/chair/shear/M40C_chair_idx109_shear_3.npy,modelnet40c_processed,12416,820a31f64dae56d294337a925c4cae1fa477a044136200e7bcf2c25013ae512e
1070,modelnet40c_processed/chair/shear/M40C_chair_idx109_shear_4.npy,modelnet40c_processed,12416,990e273fe7aa295055666d5879c9759ce69b9eec8b5c94ac62c64c6e4d3750c9
1071,modelnet40c_processed/chair/shear/M40C_chair_idx109_shear_5.npy,modelnet40c_processed,12416,1fb054d74d4470322cf1a8ad48390b246527574d99b63ddcdc8cc48d8b95fa36
1072,modelnet40c_processed/chair/uniform/M40C_chair_idx109_uniform_1.npy,modelnet40c_processed,12416,eea57477922b892678a6f0a1b915c0b2cb70593a731a2ad0e25d0ed51b066a3d
1073,modelnet40c_processed/chair/uniform/M40C_chair_idx109_uniform_2.npy,modelnet40c_processed,12416,5075bbd57c1008b4d0b7de0050b918da48a4e2d42f96f4df15cfd7ee610daf4a
1074,modelnet40c_processed/chair/uniform/M40C_chair_idx109_uniform_3.npy,modelnet40c_processed,12416,3861257387402d446bf08d94674b789e607df9be29d95566c3215ae6595b834f
1075,modelnet40c_processed/chair/uniform/M40C_chair_idx109_uniform_4.npy,modelnet40c_processed,12416,c8844b71c195066a137437032ddc66eb25af420efdd77b87d4cb584ed507eab9
1076,modelnet40c_processed/chair/uniform/M40C_chair_idx109_uniform_5.npy,modelnet40c_processed,12416,99576e154422307b20d5bb1f6d1ac25af49e66b707ea54864c3aa177fec642ac
1077,modelnet40c_processed/chair/upsampling/M40C_chair_idx109_upsampling_1.npy,modelnet40c_processed,14864,4fbeac22b3e4bafc3ce7fc9ef4ece0109d6ade7b28f0781a453b0b8f49fb4b89
1078,modelnet40c_processed/chair/upsampling/M40C_chair_idx109_upsampling_2.npy,modelnet40c_processed,15488,c50c2494b744d4431cdf6898492c13972e50622d48ffcba99469055052054cdb
1079,modelnet40c_processed/chair/upsampling/M40C_chair_idx109_upsampling_3.npy,modelnet40c_processed,16508,73ee3a3d312203c561e4b8366a809698c87221bed43725fda70bc971833e7b15
1080,modelnet40c_processed/chair/upsampling/M40C_chair_idx109_upsampling_4.npy,modelnet40c_processed,18560,cfdd109e6133481c057e3417c48b76289cf87f1f75c6115929128a109c6e76f4
1081,modelnet40c_processed/chair/upsampling/M40C_chair_idx109_upsampling_5.npy,modelnet40c_processed,24704,3f94d793cb6189ee696628d0b9943142424261ad2cfe99667743fc230dd61ca8
1082,modelnet40c_processed/desk/background/M40C_desk_idx1122_background_1.npy,modelnet40c_processed,12680,bc60b522a86bc6dc1083acc86d062b151600616775a8d052199dddcf5ea41732
1083,modelnet40c_processed/desk/background/M40C_desk_idx1122_background_2.npy,modelnet40c_processed,12716,4c11775c9a49ecf3ea33160b4878584bf90053d7c628e71a244eeced9c9f464d
1084,modelnet40c_processed/desk/background/M40C_desk_idx1122_background_3.npy,modelnet40c_processed,12764,7eb814d843da9924f1f47ae1979811b611c7d6ecced3a692f45f47a3ac5fe59d
1085,modelnet40c_processed/desk/background/M40C_desk_idx1122_background_4.npy,modelnet40c_processed,12824,a2346a0112dfa528db828b18b08567c9ce9055d10075ba8389218afffe80630e
1086,modelnet40c_processed/desk/background/M40C_desk_idx1122_background_5.npy,modelnet40c_processed,13028,b6b131928dfedab6bfa3064448658db8e86d99c94628019b8f560f5f892e2286
1087,modelnet40c_processed/desk/cutout/M40C_desk_idx1122_cutout_1.npy,modelnet40c_processed,11696,4c1a277713131ebea8f566fa511054e59a3920b19dcb5d239847867162b751ed
1088,modelnet40c_processed/desk/cutout/M40C_desk_idx1122_cutout_2.npy,modelnet40c_processed,11336,e8beea4e69f65bdb12579f9e222b713021c5dddccd4309f91451504c5a4c0da8
1089,modelnet40c_processed/desk/cutout/M40C_desk_idx1122_cutout_3.npy,modelnet40c_processed,10616,3001aa736c9c6e5929fc1fbef0af64ee37d69541e78363b418b5792b659aea71
1090,modelnet40c_processed/desk/cutout/M40C_desk_idx1122_cutout_4.npy,modelnet40c_processed,9896,f39489f6928a1298013addb8979ff5bdd3fd95dfa7f5b0326fe68d693c81eda6
1091,modelnet40c_processed/desk/cutout/M40C_desk_idx1122_cutout_5.npy,modelnet40c_processed,8816,489811b015e73d67a0dc7ccd0d391e2df1a095856be4829e93ac6bfa129363cc
1092,modelnet40c_processed/desk/ffd/M40C_desk_idx1122_ffd_1.npy,modelnet40c_processed,12416,e0960c1d229e39a9aac23326fb4266f3e4b63193fb4f48e4a3dbbc28914b0fe5
1093,modelnet40c_processed/desk/ffd/M40C_desk_idx1122_ffd_2.npy,modelnet40c_processed,12416,1c14ddd068a18914b62d5065f8f84d80920a990075d291684d9f784f955514b1
1094,modelnet40c_processed/desk/ffd/M40C_desk_idx1122_ffd_3.npy,modelnet40c_processed,12416,f1c0efe09ad637d6808354aaa2b17a3c46dbd2d9662bc9f7d86320802f5342cc
1095,modelnet40c_processed/desk/ffd/M40C_desk_idx1122_ffd_4.npy,modelnet40c_processed,12416,c2457bbc20a8754c13bb9722d92ac4571cd65437746ca7e1ea4913e16cfa0594
1096,modelnet40c_processed/desk/ffd/M40C_desk_idx1122_ffd_5.npy,modelnet40c_processed,12416,d03df250da58b4df2d581e87c588bea99965aa3ac10c194b5cee710cfdf4113c
1097,modelnet40c_processed/desk/M40C_desk_idx1122_REF_0.npy,modelnet40c_processed,12416,8a7dc4a715fab32469f84faae9cf837198b8fa4b8a677c399a1dff450149381f
1098,modelnet40c_processed/desk/gaussian/M40C_desk_idx1122_gaussian_1.npy,modelnet40c_processed,12416,f9f2421f0000e4ca74d5cfb5a7736a74a85e004578a208e2c6f5daa96f488c24
1099,modelnet40c_processed/desk/gaussian/M40C_desk_idx1122_gaussian_2.npy,modelnet40c_processed,12416,9e68ac480de60f1858f400fb1e21c0f990ace601ae0c66e02a285cbc18097e2c
1100,modelnet40c_processed/desk/gaussian/M40C_desk_idx1122_gaussian_3.npy,modelnet40c_processed,12416,f429d9a1076ee8e4af4a1404ebf6b629eebe6bb15b7910ca33d00ac5a2a562a8
1101,modelnet40c_processed/desk/gaussian/M40C_desk_idx1122_gaussian_4.npy,modelnet40c_processed,12416,dc9d862bcc2b836e181e4e836905621593956c68d8301c32c9db232e80752e0a
1102,modelnet40c_processed/desk/gaussian/M40C_desk_idx1122_gaussian_5.npy,modelnet40c_processed,12416,712d9ab397e2f23cbd95a7dd920fc5f11daf7bf21b459f6c51996fc926abec1f
1103,modelnet40c_processed/desk/impulse/M40C_desk_idx1122_impulse_1.npy,modelnet40c_processed,12416,f64bf0a10137ed14fd0748646546b22e4f61f2c4299bdb387288fe3107cb98fd
1104,modelnet40c_processed/desk/impulse/M40C_desk_idx1122_impulse_2.npy,modelnet40c_processed,12416,fbc2f53eb49d9b0514336cbd6bc9a516952288ccc62844e956040ed81ddf09b3
1105,modelnet40c_processed/desk/impulse/M40C_desk_idx1122_impulse_3.npy,modelnet40c_processed,12416,4a7505747bb7786de483e641b81bb3399176d25809ee6de6e482dde21a0ff356
1106,modelnet40c_processed/desk/impulse/M40C_desk_idx1122_impulse_4.npy,modelnet40c_processed,12416,b664777c9099507c4e5d27ffdd3b3e678f221b93a7f7cbc289905570b590dbc0
1107,modelnet40c_processed/desk/impulse/M40C_desk_idx1122_impulse_5.npy,modelnet40c_processed,12416,060467e3d0aacd41e43764784ad6515f7e795bb6ef867179766cc7c2a8bfc65e
1108,modelnet40c_processed/desk/inverse_rbf/M40C_desk_idx1122_inverse_rbf_1.npy,modelnet40c_processed,12416,49fe2dcdc7a197b37e304c7b7bf85fe02f263873e6a98d4bc5e9fb8f1d83268b
1109,modelnet40c_processed/desk/inverse_rbf/M40C_desk_idx1122_inverse_rbf_2.npy,modelnet40c_processed,12416,fcfdf03199182d48afb237534f89ddfd51f8b0b8fc9aec381513afc0ea8f5d88
1110,modelnet40c_processed/desk/inverse_rbf/M40C_desk_idx1122_inverse_rbf_3.npy,modelnet40c_processed,12416,cbe07a4c76c497f0e6f2b39cef15a81b3cee77f945c6023c58b51a65bbea3cf2
1111,modelnet40c_processed/desk/inverse_rbf/M40C_desk_idx1122_inverse_rbf_4.npy,modelnet40c_processed,12416,aa9c4d88a2bb725d1dc4b8f2817a7a799ffa208dcb6989271db3409851a00287
1112,modelnet40c_processed/desk/inverse_rbf/M40C_desk_idx1122_inverse_rbf_5.npy,modelnet40c_processed,12416,1c1b13c565a4805f8cc3d083561e30d171478c271df62fd92876acc262f2030a
1113,modelnet40c_processed/desk/lidar/M40C_desk_idx1122_lidar_1.npy,modelnet40c_processed,9344,6877d504019eac0d67f8eeb496ced3aee71a1ca50b98d795c33c7471d3c175ff
1114,modelnet40c_processed/desk/lidar/M40C_desk_idx1122_lidar_2.npy,modelnet40c_processed,9344,97fc8f94a2f78003ac4548ed7b2b02f04044a416d383495fb8279f0dd47a261f
1115,modelnet40c_processed/desk/lidar/M40C_desk_idx1122_lidar_3.npy,modelnet40c_processed,9344,0b935fe8f05f10e827435f18e204f63387df2ebbe075ab5e25b51f7c73569438
1116,modelnet40c_processed/desk/lidar/M40C_desk_idx1122_lidar_4.npy,modelnet40c_processed,9344,f2280c679c606dbc63590e9f1fd81ebe8e4576019e8dba50f1e84f7d47624c83
1117,modelnet40c_processed/desk/lidar/M40C_desk_idx1122_lidar_5.npy,modelnet40c_processed,9344,ef59c01e19ce124ffdc823821f065f99026d1c5ae5f04adc66d85390f10af40a
1118,modelnet40c_processed/desk/local_density_dec/M40C_desk_idx1122_local_density_dec_1.npy,modelnet40c_processed,11516,956ba6439fec376c176c9e5baabea9dad182a543512ad5a5f03cd113f3b2fab8
1119,modelnet40c_processed/desk/local_density_dec/M40C_desk_idx1122_local_density_dec_2.npy,modelnet40c_processed,10616,e9a89076b863043d304a40f4dc9348cbf8700e8ec22fef33669cfe9f5c290787
1120,modelnet40c_processed/desk/local_density_dec/M40C_desk_idx1122_local_density_dec_3.npy,modelnet40c_processed,9716,836776c7335b5ba617072df4c37b82a908fdc7455dd19e80045978a2bf6189ef
1121,modelnet40c_processed/desk/local_density_dec/M40C_desk_idx1122_local_density_dec_4.npy,modelnet40c_processed,8816,1a23148b65eceaec640caf4e116177c840bb74b84c261726e23384b976a77a58
1122,modelnet40c_processed/desk/local_density_dec/M40C_desk_idx1122_local_density_dec_5.npy,modelnet40c_processed,7916,8aa6a5ebf8cb14606b60ad5816fecda99480f7f354d009e02b0a2740760d50eb
1123,modelnet40c_processed/desk/local_density_inc/M40C_desk_idx1122_local_density_inc_1.npy,modelnet40c_processed,12416,a6d5fed2e04f140d6fb1934b13fdfe303db4c529a881c7c20baac8f6a302f4c0
1124,modelnet40c_processed/desk/local_density_inc/M40C_desk_idx1122_local_density_inc_2.npy,modelnet40c_processed,12416,f94464a214da9a4d045951e1717fbce37234712c209ae05e81041bfa3b776e34
1125,modelnet40c_processed/desk/local_density_inc/M40C_desk_idx1122_local_density_inc_3.npy,modelnet40c_processed,12416,f27c34f4e0a0cf992183d4335df1a172da9fe1dc342e6b7bab5e68bc8794c6fb
1126,modelnet40c_processed/desk/local_density_inc/M40C_desk_idx1122_local_density_inc_4.npy,modelnet40c_processed,12416,349429ad99ef3d94fa55d389b437cc10c138e18925054a1e3445611e1747690b
1127,modelnet40c_processed/desk/local_density_inc/M40C_desk_idx1122_local_density_inc_5.npy,modelnet40c_processed,12416,8d51dc297ac9c07003e79ebc4a1d544d79e75228b55b0f6cb3c23661b9945526
1128,modelnet40c_processed/desk/occlusion/M40C_desk_idx1122_occlusion_1.npy,modelnet40c_processed,12416,0994d9a420a3385a9331917bfb542d4057a8f8989962d07eba2d8ac94382f472
1129,modelnet40c_processed/desk/occlusion/M40C_desk_idx1122_occlusion_2.npy,modelnet40c_processed,12416,21ed66aaee1f0fbd7445cf09b9c05397630399b53f5c69595e5a2d436db06475
1130,modelnet40c_processed/desk/occlusion/M40C_desk_idx1122_occlusion_3.npy,modelnet40c_processed,12416,efd7c2cbceb10dece410fd4b10f4a06855aac23ec4aa89505882999a8de0f202
1131,modelnet40c_processed/desk/occlusion/M40C_desk_idx1122_occlusion_4.npy,modelnet40c_processed,12416,e89d9076901d54a32230f53f7fc4973f3194f1c16430a4a46aaee3dd8fbb8654
1132,modelnet40c_processed/desk/occlusion/M40C_desk_idx1122_occlusion_5.npy,modelnet40c_processed,12416,81882ba9d184d35875f2617377c2e75048eeb3fb7910a07762437f93e0f40cfa
1133,modelnet40c_processed/desk/rbf/M40C_desk_idx1122_rbf_1.npy,modelnet40c_processed,12416,2f1d6ddb956136d386beab34edc70d2b28630ffccaafa2ca94e3a5160b26a519
1134,modelnet40c_processed/desk/rbf/M40C_desk_idx1122_rbf_2.npy,modelnet40c_processed,12416,6ae972686f953dc7cc88ac8e3019739318541f50e9a133aa172a5ba8c1b73e68
1135,modelnet40c_processed/desk/rbf/M40C_desk_idx1122_rbf_3.npy,modelnet40c_processed,12416,c6056f66439f29b483d97f39966eaa4e975530c92559fe1b681b354f21883d34
1136,modelnet40c_processed/desk/rbf/M40C_desk_idx1122_rbf_4.npy,modelnet40c_processed,12416,ba0f102faf4cdd261e7500a2a421aca61a9ee08cefcaba1f445de566c6d78140
1137,modelnet40c_processed/desk/rbf/M40C_desk_idx1122_rbf_5.npy,modelnet40c_processed,12416,3b59b0e1d08ccdbc02b9bb103403912be5e44447669272fabdcc30402583f161
1138,modelnet40c_processed/desk/shear/M40C_desk_idx1122_shear_1.npy,modelnet40c_processed,12416,838d847d75f0297bdb3d5a4c4892e1a5fdea4ad1224248d80b3851d2e31b18e7
1139,modelnet40c_processed/desk/shear/M40C_desk_idx1122_shear_2.npy,modelnet40c_processed,12416,cde79056dba04c95030b1fb02d31a6af5728264585f626dcd53dc4e13ea7d6e8
1140,modelnet40c_processed/desk/shear/M40C_desk_idx1122_shear_3.npy,modelnet40c_processed,12416,3422c1a13bc6e44d31a1e22bc2f83847dc9e7fa5f8b45a1b176bd8004ac22952
1141,modelnet40c_processed/desk/shear/M40C_desk_idx1122_shear_4.npy,modelnet40c_processed,12416,f6003a98a152cb8cc5584261742ca44e6bb93e921d5b84e4aba589604de3d6f1
1142,modelnet40c_processed/desk/shear/M40C_desk_idx1122_shear_5.npy,modelnet40c_processed,12416,bbd9a957ee521e0d438c239dd9dcc55214673c8acacb7a05fddb0585de79936e
1143,modelnet40c_processed/desk/uniform/M40C_desk_idx1122_uniform_1.npy,modelnet40c_processed,12416,a071e707ea63628852c8830337a9bb23ea9d5531af453bb073b2bd93d1593b6b
1144,modelnet40c_processed/desk/uniform/M40C_desk_idx1122_uniform_2.npy,modelnet40c_processed,12416,369f41dd25dda1add4827ac6096c8b6a7441e09de2517fbef30113649ed384d4
1145,modelnet40c_processed/desk/uniform/M40C_desk_idx1122_uniform_3.npy,modelnet40c_processed,12416,45ee0e886a20a6700f237d2828fcbac4181f36969cf8eed0295d2e74ffecdfe7
1146,modelnet40c_processed/desk/uniform/M40C_desk_idx1122_uniform_4.npy,modelnet40c_processed,12416,c1d36ce58d74c0d0b2e45dbc7ac3bdbb10de5ff95b7eec45ad04b48616980242
1147,modelnet40c_processed/desk/uniform/M40C_desk_idx1122_uniform_5.npy,modelnet40c_processed,12416,54a41d8cbb60278593c21a8192fc844c28cde17efbcd5a095a1ee5cb92fdff15
1148,modelnet40c_processed/desk/upsampling/M40C_desk_idx1122_upsampling_1.npy,modelnet40c_processed,14864,4c69cbf49c41b4c8f7043a133c36dcf5362fc24ba8e33d5d645fc35bdc3c3138
1149,modelnet40c_processed/desk/upsampling/M40C_desk_idx1122_upsampling_2.npy,modelnet40c_processed,15488,31e3be5902cf8185996e5198c13bb8249b58d752eb714a9641af34d7000f8c18
1150,modelnet40c_processed/desk/upsampling/M40C_desk_idx1122_upsampling_3.npy,modelnet40c_processed,16508,a2ee0b2b43bac1c99042c5c484d3ff4aa59b3319716f091fd7625f09e2c89be2
1151,modelnet40c_processed/desk/upsampling/M40C_desk_idx1122_upsampling_4.npy,modelnet40c_processed,18560,96251a9be82ac02a61589ecac023740f217c3e5c6bec56f66529874a8e972af7
1152,modelnet40c_processed/desk/upsampling/M40C_desk_idx1122_upsampling_5.npy,modelnet40c_processed,24704,5962ae7a6c0b848eca584cd730fdd2c4fd8611e4900027497e499546fd0375b2
1153,modelnet40c_processed/lamp/background/M40C_lamp_idx1086_background_1.npy,modelnet40c_processed,12680,34e46c1a83cc3b2791715cc76cd1aa422f1db0f27318d405b7a4fccc5a90da5b
1154,modelnet40c_processed/lamp/background/M40C_lamp_idx1086_background_2.npy,modelnet40c_processed,12716,3a2552875a7f0bdda21e0e679461186795803716ce2133ffc5d873a2b570f594
1155,modelnet40c_processed/lamp/background/M40C_lamp_idx1086_background_3.npy,modelnet40c_processed,12764,ef7f63421f6d47ad1cab988bd201f8f3ad2793c5581edad562138097cb10e119
1156,modelnet40c_processed/lamp/background/M40C_lamp_idx1086_background_4.npy,modelnet40c_processed,12824,e2bbc06198d25a9ecb15237079321896331c2d24add9347fb6f50ba67735c705
1157,modelnet40c_processed/lamp/background/M40C_lamp_idx1086_background_5.npy,modelnet40c_processed,13028,abf60834f5f962daec01144efd5aaa78562c43d14bcf65afed4c8c6af6ccc379
1158,modelnet40c_processed/lamp/cutout/M40C_lamp_idx1086_cutout_1.npy,modelnet40c_processed,11696,4f52674f93fec3bc330b448600d4e8c4e968908c7dcfa5afdc17c70ae25ff177
1159,modelnet40c_processed/lamp/cutout/M40C_lamp_idx1086_cutout_2.npy,modelnet40c_processed,11336,ec1bc4a0028afc57f8f10752d6709f04adfa498783d3342e95e6ee28628c049e
1160,modelnet40c_processed/lamp/cutout/M40C_lamp_idx1086_cutout_3.npy,modelnet40c_processed,10616,ac5198a56dd90cb72210e66b70c12f08704b5b2ecc1c0aa41f17c4fd908bfb43
1161,modelnet40c_processed/lamp/cutout/M40C_lamp_idx1086_cutout_4.npy,modelnet40c_processed,9896,2a4330bfa41f02f5f4ef77ae0a62a35e7ca7df37cf258c033d5684bc9a55f3fc
1162,modelnet40c_processed/lamp/cutout/M40C_lamp_idx1086_cutout_5.npy,modelnet40c_processed,8816,67cbd0dd9b99f921d60980c5533783ebf9600741a18da3fbe277343a5efc0b37
1163,modelnet40c_processed/lamp/ffd/M40C_lamp_idx1086_ffd_1.npy,modelnet40c_processed,12416,766c03bb981eb75e7a9cc1493982f1f34d16a3d207bc70887e59e24650e3e094
1164,modelnet40c_processed/lamp/ffd/M40C_lamp_idx1086_ffd_2.npy,modelnet40c_processed,12416,f7672ad802dd624da503faaebf56919e76bdfdeecb12c51490f402347ad7cf82
1165,modelnet40c_processed/lamp/ffd/M40C_lamp_idx1086_ffd_3.npy,modelnet40c_processed,12416,d085af9f68bd7d90b72e3c01529d6596078f904f5f5d06202133bebc31e9f1be
1166,modelnet40c_processed/lamp/ffd/M40C_lamp_idx1086_ffd_4.npy,modelnet40c_processed,12416,c1e6aed6c2a9c684e3e903fd0602b0c5183933f2f2b21156348e6cfb8cc46dc6
1167,modelnet40c_processed/lamp/ffd/M40C_lamp_idx1086_ffd_5.npy,modelnet40c_processed,12416,c817739d5b70a8c057ae215c1ee91f50e010a5bc5abd38fcc81a1794bbe054e6
1168,modelnet40c_processed/lamp/M40C_lamp_idx1086_REF_0.npy,modelnet40c_processed,12416,61544a3fc8604b1348ec1c140e8249f2f9a416c935f7f1067b841b5c71795b7e
1169,modelnet40c_processed/lamp/gaussian/M40C_lamp_idx1086_gaussian_1.npy,modelnet40c_processed,12416,6a459a5bcd00f9c93ae3fcecaa63f4b5b5a853837f9053a3fd329cede7aaf040
1170,modelnet40c_processed/lamp/gaussian/M40C_lamp_idx1086_gaussian_2.npy,modelnet40c_processed,12416,0b4e9a27a3c253c3548e907dec82ce19f60a0a95549ea0af0331ee380fe96f76
1171,modelnet40c_processed/lamp/gaussian/M40C_lamp_idx1086_gaussian_3.npy,modelnet40c_processed,12416,3d4c1daa553511b5329e7382dcec0273464dc8d037a904acfd3058ed6564cd82
1172,modelnet40c_processed/lamp/gaussian/M40C_lamp_idx1086_gaussian_4.npy,modelnet40c_processed,12416,d010d928e440e2ca21e20c2be277fa11283399bf600d4c56c10a36ffefcc5df8
1173,modelnet40c_processed/lamp/gaussian/M40C_lamp_idx1086_gaussian_5.npy,modelnet40c_processed,12416,039ff28bc83cc470dd1ff82a8f91a0b1394e7be960c56052ba41a0aa8dcffd14
1174,modelnet40c_processed/lamp/impulse/M40C_lamp_idx1086_impulse_1.npy,modelnet40c_processed,12416,18a2155ad6eb82f81feeca06555a6ee05901325c8970ac8ad954c7b43f505103
1175,modelnet40c_processed/lamp/impulse/M40C_lamp_idx1086_impulse_2.npy,modelnet40c_processed,12416,cb77cf1dd1bdd4105017181489fd6caa5ea82a08344fb21bc20c9c0d1fae2672
1176,modelnet40c_processed/lamp/impulse/M40C_lamp_idx1086_impulse_3.npy,modelnet40c_processed,12416,a57b01f182f9f5a7f61c4958d6ad93fd86b18523b93d4785a10e8a427e0dd139
1177,modelnet40c_processed/lamp/impulse/M40C_lamp_idx1086_impulse_4.npy,modelnet40c_processed,12416,c0aa570798d4380cbe55144f274493ae3d0cf3e5ae5d82846d616b9552d4c33e
1178,modelnet40c_processed/lamp/impulse/M40C_lamp_idx1086_impulse_5.npy,modelnet40c_processed,12416,dd1aa0a9a3a4f4afaeba599a110bf4ae96552e2de94e535ca8430a2dbb17772f
1179,modelnet40c_processed/lamp/inverse_rbf/M40C_lamp_idx1086_inverse_rbf_1.npy,modelnet40c_processed,12416,2d34106b4488d5513459e6da0741e597860df4824d2a75c962ef9101f693d815
1180,modelnet40c_processed/lamp/inverse_rbf/M40C_lamp_idx1086_inverse_rbf_2.npy,modelnet40c_processed,12416,66d3023fbb0ba72ce08dfb7bd31c5d30f2464c2dc0f513ccd56ae9d175f6fabb
1181,modelnet40c_processed/lamp/inverse_rbf/M40C_lamp_idx1086_inverse_rbf_3.npy,modelnet40c_processed,12416,919a988d2a99508beceb2d68a00fe66e0d2e79017284afe68cae89d00dc7cfeb
1182,modelnet40c_processed/lamp/inverse_rbf/M40C_lamp_idx1086_inverse_rbf_4.npy,modelnet40c_processed,12416,1cb9665b00bb4e4f4ba7be2e93db6cc32ff3403777550f6653f68a22e48f7033
1183,modelnet40c_processed/lamp/inverse_rbf/M40C_lamp_idx1086_inverse_rbf_5.npy,modelnet40c_processed,12416,27e4efcef701a0537706178ffc7508e3cee7bc08be9775ba8db27e784628e1d5
1184,modelnet40c_processed/lamp/lidar/M40C_lamp_idx1086_lidar_1.npy,modelnet40c_processed,9344,af8cbee07687a12d5da35533a7b3c86b8193c538a211af26f10f39d91198512b
1185,modelnet40c_processed/lamp/lidar/M40C_lamp_idx1086_lidar_2.npy,modelnet40c_processed,9344,c30263678a37fac5db490774e8e769934ae3eebda189a35fef519173e200703e
1186,modelnet40c_processed/lamp/lidar/M40C_lamp_idx1086_lidar_3.npy,modelnet40c_processed,9344,5a6b7ea83fd784e8f10fb0c79d4a0bf12d7f170435720de850201557f00a2606
1187,modelnet40c_processed/lamp/lidar/M40C_lamp_idx1086_lidar_4.npy,modelnet40c_processed,9344,e6a1bb201b8346232b9eecd0ecb8ffbe03167b5dccac5f220b5f2b2dbd9d39bf
1188,modelnet40c_processed/lamp/lidar/M40C_lamp_idx1086_lidar_5.npy,modelnet40c_processed,9344,0aba330e7685c92f97b861caf49b542adefaac4e5e89077b0ca65fa4b8716bef
1189,modelnet40c_processed/lamp/local_density_dec/M40C_lamp_idx1086_local_density_dec_1.npy,modelnet40c_processed,11516,c68cbc82af9cc9bd4f9a26a66dc136be5c139c132aa463e4cec05f3854fc8966
1190,modelnet40c_processed/lamp/local_density_dec/M40C_lamp_idx1086_local_density_dec_2.npy,modelnet40c_processed,10616,4b53e7280983a6c5afcefbef69d7d2382a12cdf5d5e05c79c3ff70fc1c8bc7ae
1191,modelnet40c_processed/lamp/local_density_dec/M40C_lamp_idx1086_local_density_dec_3.npy,modelnet40c_processed,9716,fb28f5d618a42d770b03a3f02cdb5a86be96441bb47298ba76eb781f93861e36
1192,modelnet40c_processed/lamp/local_density_dec/M40C_lamp_idx1086_local_density_dec_4.npy,modelnet40c_processed,8816,c7c0acb61b388068871f1dd6cf41b7ca2a786ef14667511155a403a8b501b3b5
1193,modelnet40c_processed/lamp/local_density_dec/M40C_lamp_idx1086_local_density_dec_5.npy,modelnet40c_processed,7916,7b2ed1e8741db766e175810a48fb59a101d516a6f17d3b729c49265ba1f4fdc1
1194,modelnet40c_processed/lamp/local_density_inc/M40C_lamp_idx1086_local_density_inc_1.npy,modelnet40c_processed,12416,5485177fa659fb46d39154f0283745c318bf93580ad170d68deb2928ce3f6820
1195,modelnet40c_processed/lamp/local_density_inc/M40C_lamp_idx1086_local_density_inc_2.npy,modelnet40c_processed,12416,4800a0973140592345b5ff4471bb0f485675f33181e0a29f89c4f39bb197889a
1196,modelnet40c_processed/lamp/local_density_inc/M40C_lamp_idx1086_local_density_inc_3.npy,modelnet40c_processed,12416,1d1e462e7de80afdb80d8a422fcadd4bff5ea7009769def251a4b18748313fb1
1197,modelnet40c_processed/lamp/local_density_inc/M40C_lamp_idx1086_local_density_inc_4.npy,modelnet40c_processed,12416,a27b093e2560bca6a96749518f4f9fdc9e38e244c52d89c9ad90a983479bc1fd
1198,modelnet40c_processed/lamp/local_density_inc/M40C_lamp_idx1086_local_density_inc_5.npy,modelnet40c_processed,12416,630436a4d9520db0e7a1591c716228437eb82e101370f8a1960077f2167e4bf9
1199,modelnet40c_processed/lamp/occlusion/M40C_lamp_idx1086_occlusion_1.npy,modelnet40c_processed,12416,84ee0f3189418e67ba58197eef2118b207d66a72b1d90908a35436d4ea72379d
1200,modelnet40c_processed/lamp/occlusion/M40C_lamp_idx1086_occlusion_2.npy,modelnet40c_processed,12416,b809f201982940d751d7a670386079b1f5c6f7f8aa24a183152090d192737ed9
1201,modelnet40c_processed/lamp/occlusion/M40C_lamp_idx1086_occlusion_3.npy,modelnet40c_processed,12416,b00c3039ef2aa8e1af334747dfa652d2e7f399c87cd697d8719aa3857c413ecc
1202,modelnet40c_processed/lamp/occlusion/M40C_lamp_idx1086_occlusion_4.npy,modelnet40c_processed,12416,c38d952f9c04174dbf969f83c7041b8f84e69a755c893a45ceabafd49178ef6c
1203,modelnet40c_processed/lamp/occlusion/M40C_lamp_idx1086_occlusion_5.npy,modelnet40c_processed,12416,b415c2683fa5728f9cfdfa6b5276ac0a0929ce8690aada1f50595489af54e5fd
1204,modelnet40c_processed/lamp/rbf/M40C_lamp_idx1086_rbf_1.npy,modelnet40c_processed,12416,52244b58a3f22cde55a3fdb4923fe209e44e0eb127c86fed39323751421c2d87
1205,modelnet40c_processed/lamp/rbf/M40C_lamp_idx1086_rbf_2.npy,modelnet40c_processed,12416,d986d6b78ed91a8763e90cfde3f584cd631d698161545ab47474eb3ab91a1bcc
1206,modelnet40c_processed/lamp/rbf/M40C_lamp_idx1086_rbf_3.npy,modelnet40c_processed,12416,38352e37e6af56b5395ac2408f00621f601232fac0cab5141c8365abd321370f
1207,modelnet40c_processed/lamp/rbf/M40C_lamp_idx1086_rbf_4.npy,modelnet40c_processed,12416,064fb76cb8e417f6ab2bbbad81771cdf472b5086a1798097a37772a2c715a114
1208,modelnet40c_processed/lamp/rbf/M40C_lamp_idx1086_rbf_5.npy,modelnet40c_processed,12416,94ad0261136c295a3af47c3fff3087f3e03dff6b90754a4447746b1413d93cfa
1209,modelnet40c_processed/lamp/shear/M40C_lamp_idx1086_shear_1.npy,modelnet40c_processed,12416,e6a030f84ef159b3e600fdd52757217130261be53857e692ecc8f09d804d4bc8
1210,modelnet40c_processed/lamp/shear/M40C_lamp_idx1086_shear_2.npy,modelnet40c_processed,12416,51acce34b846b9248ca0b9e2a4ba8f06e20f6ceacb262646ac88b7b147de5f96
1211,modelnet40c_processed/lamp/shear/M40C_lamp_idx1086_shear_3.npy,modelnet40c_processed,12416,2dccc25672e7bf8ef18cc82a7a8d1c0d7bbb31f7298e1594f7630e26fedbbc54
1212,modelnet40c_processed/lamp/shear/M40C_lamp_idx1086_shear_4.npy,modelnet40c_processed,12416,b8152aafa130e67cfed215e867c51c412b2876223481b6038be6578973b5f78a
1213,modelnet40c_processed/lamp/shear/M40C_lamp_idx1086_shear_5.npy,modelnet40c_processed,12416,0ffddfc1f81836e9a2a1e980a389281ce425a31c0b4bfdfbb0a5c074ea0aad27
1214,modelnet40c_processed/lamp/uniform/M40C_lamp_idx1086_uniform_1.npy,modelnet40c_processed,12416,ad4de4511e29fbdf8605eaed2f940ac2cd1e05bd410c59ddd2b4fd31d2a43ddf
1215,modelnet40c_processed/lamp/uniform/M40C_lamp_idx1086_uniform_2.npy,modelnet40c_processed,12416,669f054bf4f882187179c6356339c6dcaacdc0842836956e997ead4b1d5de84e
1216,modelnet40c_processed/lamp/uniform/M40C_lamp_idx1086_uniform_3.npy,modelnet40c_processed,12416,058a9d2349f5c5d9098781bb62930802087907deb615b8862ad1f4bc415e1781
1217,modelnet40c_processed/lamp/uniform/M40C_lamp_idx1086_uniform_4.npy,modelnet40c_processed,12416,98b26ca38c80bf5e9bdbe7648d21043f897929aad71b85d31f83134d393a6ad5
1218,modelnet40c_processed/lamp/uniform/M40C_lamp_idx1086_uniform_5.npy,modelnet40c_processed,12416,8dd87cb1f206174beff38e564047fe6acc5739d6407ce67fd85fb333434cd558
1219,modelnet40c_processed/lamp/upsampling/M40C_lamp_idx1086_upsampling_1.npy,modelnet40c_processed,14864,0b06714c61842eb2d2226b46f571f2cf19df38407d465dbe47d8bcc48b95868c
1220,modelnet40c_processed/lamp/upsampling/M40C_lamp_idx1086_upsampling_2.npy,modelnet40c_processed,15488,2fea783abaea132ff8d94c139a2da4d345e151ae9c699dae407bb40e09e7b574
1221,modelnet40c_processed/lamp/upsampling/M40C_lamp_idx1086_upsampling_3.npy,modelnet40c_processed,16508,b1204d552bdf7d29f40fa8e79d2ae5fc8d5a068e98dd6a6f0bd19b90962a2b1a
1222,modelnet40c_processed/lamp/upsampling/M40C_lamp_idx1086_upsampling_4.npy,modelnet40c_processed,18560,4f12f7f4ad9605c15e8e843ec51d0860a7c126d68f64521a82ab1a9e4aa7b44c
1223,modelnet40c_processed/lamp/upsampling/M40C_lamp_idx1086_upsampling_5.npy,modelnet40c_processed,24704,21c96f758c7c3ca41cee56fe160bdcfa6d7ae58e222327a80e87da895f4a6310
1224,modelnet40c_processed/monitor/background/M40C_monitor_idx687_background_1.npy,modelnet40c_processed,12680,aa6c2740580afe9b981d784b47aa86ae4794a79ee41d71d12ff0dd7fbc1bd1f3
1225,modelnet40c_processed/monitor/background/M40C_monitor_idx687_background_2.npy,modelnet40c_processed,12716,dee217ebf728d4bbd499804b5eee8c42ba247153d94b80a8567951a1c9f8198a
1226,modelnet40c_processed/monitor/background/M40C_monitor_idx687_background_3.npy,modelnet40c_processed,12764,00ec8ae7d0981743e83aca15594df923015030023bf628323a8967216f46b66c
1227,modelnet40c_processed/monitor/background/M40C_monitor_idx687_background_4.npy,modelnet40c_processed,12824,ddda564d238b4ba5e519983cb417ea4eb2953997e7531225852e466b94b121fb
1228,modelnet40c_processed/monitor/background/M40C_monitor_idx687_background_5.npy,modelnet40c_processed,13028,d95d766f09536929ac511ac563237b4c396b670bf3196634db3f5f821791f3fc
1229,modelnet40c_processed/monitor/cutout/M40C_monitor_idx687_cutout_1.npy,modelnet40c_processed,11696,38b41e20412bc7b48c859237c7a83397475fd6f18c81c82aad21fcdf5662cc1e
1230,modelnet40c_processed/monitor/cutout/M40C_monitor_idx687_cutout_2.npy,modelnet40c_processed,11336,04536776beb229a4f4feac8215eb347f5e4d12ca04b4eecd9702258457f4545c
1231,modelnet40c_processed/monitor/cutout/M40C_monitor_idx687_cutout_3.npy,modelnet40c_processed,10616,75ce4720c90689e633032278355c754910c600b517ffc730f598cdcdca46726c
1232,modelnet40c_processed/monitor/cutout/M40C_monitor_idx687_cutout_4.npy,modelnet40c_processed,9896,18658689a5ae95ad7afcbb4136c2d88988463136fcd6d8cae1864f6cc1bbdad4
1233,modelnet40c_processed/monitor/cutout/M40C_monitor_idx687_cutout_5.npy,modelnet40c_processed,8816,b52228335a2235f6d724396ee117809224a5275e22958daf8d7858f39b6cf697
1234,modelnet40c_processed/monitor/ffd/M40C_monitor_idx687_ffd_1.npy,modelnet40c_processed,12416,fa631f50c04dc8596d25646e86f3f3140f49c9b330fddaeb817597de51a8bc70
1235,modelnet40c_processed/monitor/ffd/M40C_monitor_idx687_ffd_2.npy,modelnet40c_processed,12416,224f541e938ff2cac2226be4904f65a8a9387a8a31fc5a7854ff032cae29b7ac
1236,modelnet40c_processed/monitor/ffd/M40C_monitor_idx687_ffd_3.npy,modelnet40c_processed,12416,3f99e57b4c9b7ad2246762ff3ded4f1d273778911c897129e2c031932baa4116
1237,modelnet40c_processed/monitor/ffd/M40C_monitor_idx687_ffd_4.npy,modelnet40c_processed,12416,c66aa8df34ebc55ce09a345d2911c8b3407c4e0858c56c28e7cb1ae93e496af5
1238,modelnet40c_processed/monitor/ffd/M40C_monitor_idx687_ffd_5.npy,modelnet40c_processed,12416,1941ae85b78b2bb17553826dde8d0c683d04db36079cf4e203750eb2aa5cd511
1239,modelnet40c_processed/monitor/M40C_monitor_idx687_REF_0.npy,modelnet40c_processed,12416,efb932233035f6ec1be3299a73c9b75d7a50750a90c614656eacf186a03bd174
1240,modelnet40c_processed/monitor/gaussian/M40C_monitor_idx687_gaussian_1.npy,modelnet40c_processed,12416,287260a9cb48ae04ee52ddcc94cc1ee44971ddef8884f9c7088339f9e4557480
1241,modelnet40c_processed/monitor/gaussian/M40C_monitor_idx687_gaussian_2.npy,modelnet40c_processed,12416,f064542678ac62c34b29a2c287bdb49d647621aaaaee973b2fcd7fc2921d8900
1242,modelnet40c_processed/monitor/gaussian/M40C_monitor_idx687_gaussian_3.npy,modelnet40c_processed,12416,600b0ee31daf828e39d5d9ace534de068dbcffb73dcc55ef340e747a5458b751
1243,modelnet40c_processed/monitor/gaussian/M40C_monitor_idx687_gaussian_4.npy,modelnet40c_processed,12416,b1c7ad3c3d211f69f7bb5393b1c3f5c7f1108c522e9c50df5be1d990ac0ac86f
1244,modelnet40c_processed/monitor/gaussian/M40C_monitor_idx687_gaussian_5.npy,modelnet40c_processed,12416,f5ca5a823b9f8405a82a3df8c4f556a1342377a4a9fbb089e1680a70805846a0
1245,modelnet40c_processed/monitor/impulse/M40C_monitor_idx687_impulse_1.npy,modelnet40c_processed,12416,1b76f285dfd4c18060df1334abad677c4b472f8eba9539f825f04733a5b8b7d3
1246,modelnet40c_processed/monitor/impulse/M40C_monitor_idx687_impulse_2.npy,modelnet40c_processed,12416,9e0944fd0a66ae611cc89fce8737afcb555ee697859d0843855f2fd2e66da8e8
1247,modelnet40c_processed/monitor/impulse/M40C_monitor_idx687_impulse_3.npy,modelnet40c_processed,12416,2f32f76adb11d00f1fee11c8ff25476c3e15da7c9476c57ef41c9d074376cfb4
1248,modelnet40c_processed/monitor/impulse/M40C_monitor_idx687_impulse_4.npy,modelnet40c_processed,12416,1e150ace3a9e98e73b3b75611501d44941ae55caa0f60005a842d95849322c2c
1249,modelnet40c_processed/monitor/impulse/M40C_monitor_idx687_impulse_5.npy,modelnet40c_processed,12416,7f68c5eee85f8bebefe2674f011055bbadaf984f2779fbf0983b7af4a21ebf2d
1250,modelnet40c_processed/monitor/inverse_rbf/M40C_monitor_idx687_inverse_rbf_1.npy,modelnet40c_processed,12416,4ce23308ee7d2832f669497610006dd605e02a82435b5c8ec65b39c661dda86f
1251,modelnet40c_processed/monitor/inverse_rbf/M40C_monitor_idx687_inverse_rbf_2.npy,modelnet40c_processed,12416,f48a50e3d4737b6ac53a7b23eef74bea8d35af08ec2c4a57b41a76632013de93
1252,modelnet40c_processed/monitor/inverse_rbf/M40C_monitor_idx687_inverse_rbf_3.npy,modelnet40c_processed,12416,c15433578dcb54504dad09f7ab0d600cee8aecfb9f03df6d734cbe3ec00412cf
1253,modelnet40c_processed/monitor/inverse_rbf/M40C_monitor_idx687_inverse_rbf_4.npy,modelnet40c_processed,12416,08098f0ae04da3e2c564c5e5c4b8be5fefcc949d939fcf4c90a2c7fc534db130
1254,modelnet40c_processed/monitor/inverse_rbf/M40C_monitor_idx687_inverse_rbf_5.npy,modelnet40c_processed,12416,58664ee2be2c515ad23e98c7ba02b63e1444b91d140f0414341fe5542e271f12
1255,modelnet40c_processed/monitor/lidar/M40C_monitor_idx687_lidar_1.npy,modelnet40c_processed,9344,042222079823faaaadaea7940a443bd9f9e1d2c26808b4e067ea45277c6788f2
1256,modelnet40c_processed/monitor/lidar/M40C_monitor_idx687_lidar_2.npy,modelnet40c_processed,9344,a69b1716331f55d2e564f674097c1d66e6d95a4453c6427ecbcf2a8e72a2db19
1257,modelnet40c_processed/monitor/lidar/M40C_monitor_idx687_lidar_3.npy,modelnet40c_processed,9344,127e8fc0008a532191b6b4591cc5632689799a508b4b4359bbf430b724acd5fb
1258,modelnet40c_processed/monitor/lidar/M40C_monitor_idx687_lidar_4.npy,modelnet40c_processed,9344,31993827a1edf2677d52d861819eaf83816ca8f4592792193a9378e57643bde5
1259,modelnet40c_processed/monitor/lidar/M40C_monitor_idx687_lidar_5.npy,modelnet40c_processed,9344,6326ef63a5255fee830a28d583ab41707d0d24d313753a831aa01b1a545dc1d8
1260,modelnet40c_processed/monitor/local_density_dec/M40C_monitor_idx687_local_density_dec_1.npy,modelnet40c_processed,11516,705cc12b77d914f543f57dc8226992cdb4d1587bfacc26c1daebb7b14c4a67d6
1261,modelnet40c_processed/monitor/local_density_dec/M40C_monitor_idx687_local_density_dec_2.npy,modelnet40c_processed,10616,72a4619f91751f9f4c736d23f1cf7bbf762caf6aa3473239c71eadc37828d091
1262,modelnet40c_processed/monitor/local_density_dec/M40C_monitor_idx687_local_density_dec_3.npy,modelnet40c_processed,9716,e634848dd593cde0b8bf6c88a01f665db78a8973902f0573ac76d5f6f4313db5
1263,modelnet40c_processed/monitor/local_density_dec/M40C_monitor_idx687_local_density_dec_4.npy,modelnet40c_processed,8816,b60dca62757ab286f710a43d7b33ed0fb72b2ffae8ef819403bec437a8a7d39a
1264,modelnet40c_processed/monitor/local_density_dec/M40C_monitor_idx687_local_density_dec_5.npy,modelnet40c_processed,7916,a185d347e2c36a23ff97270b46e2671a6b87b328f2aa0637914b3826e242ddf0
1265,modelnet40c_processed/monitor/local_density_inc/M40C_monitor_idx687_local_density_inc_1.npy,modelnet40c_processed,12416,d51a153868b4ed4de969728b78694f7bde4821fe97eadc7c8a3d0c31df9d3abe
1266,modelnet40c_processed/monitor/local_density_inc/M40C_monitor_idx687_local_density_inc_2.npy,modelnet40c_processed,12416,b832a393d85621d69237f75a8cd17666b56f36dc21a7a54f8e9837063b782e92
1267,modelnet40c_processed/monitor/local_density_inc/M40C_monitor_idx687_local_density_inc_3.npy,modelnet40c_processed,12416,b55116e475ebf1ce2f842525cf1aa456ff584eb9d9c0f7d54000f8ec0e2a5e7a
1268,modelnet40c_processed/monitor/local_density_inc/M40C_monitor_idx687_local_density_inc_4.npy,modelnet40c_processed,12416,7d95eb267f8947cbf7711f3e11012029b237c94bbe5db09c83d82fdcc7677702
1269,modelnet40c_processed/monitor/local_density_inc/M40C_monitor_idx687_local_density_inc_5.npy,modelnet40c_processed,12416,02cd50d3a99f830234d232dafdad5abcbd16b668d2042a25a3f1316687fa6665
1270,modelnet40c_processed/monitor/occlusion/M40C_monitor_idx687_occlusion_1.npy,modelnet40c_processed,12416,976e968319255ce5ef7b73e6d3a896e1e584272a0b258fbc9ce6a7a4c3afb94e
1271,modelnet40c_processed/monitor/occlusion/M40C_monitor_idx687_occlusion_2.npy,modelnet40c_processed,12416,c63ca3e47261df1472399a4391dcc7b6b477455b743c9686f0e3082770e4f13c
1272,modelnet40c_processed/monitor/occlusion/M40C_monitor_idx687_occlusion_3.npy,modelnet40c_processed,12416,5005355f37c7ee52638d1e8d8f1ab71e4be73a41e8027a94360480620c43b6bc
1273,modelnet40c_processed/monitor/occlusion/M40C_monitor_idx687_occlusion_4.npy,modelnet40c_processed,12416,de180f90932aa7f55a1a00cd505dfd672c438b42551b60b10cf6d245733f6f29
1274,modelnet40c_processed/monitor/occlusion/M40C_monitor_idx687_occlusion_5.npy,modelnet40c_processed,12416,38ad697ac31d9ebb12219f585d183f786f7681766b0ceba4811c5f0070dc4274
1275,modelnet40c_processed/monitor/rbf/M40C_monitor_idx687_rbf_1.npy,modelnet40c_processed,12416,b881581bb927676155e6d0255f46a1054df1fc9ff9755d9afa88414da6c1d8ee
1276,modelnet40c_processed/monitor/rbf/M40C_monitor_idx687_rbf_2.npy,modelnet40c_processed,12416,6d9694cfcf15a629a55bfb9c690c89f273efc4d3abc22bb31a959dd10ede0408
1277,modelnet40c_processed/monitor/rbf/M40C_monitor_idx687_rbf_3.npy,modelnet40c_processed,12416,92b23c057635e5a8a46e7d95c5b070c53348df26dcc87a20d2a078040a7178dd
1278,modelnet40c_processed/monitor/rbf/M40C_monitor_idx687_rbf_4.npy,modelnet40c_processed,12416,042b9a669c8732847a87428abb19e95a9b7fe955ae88fcf2cc642818cb8a586a
1279,modelnet40c_processed/monitor/rbf/M40C_monitor_idx687_rbf_5.npy,modelnet40c_processed,12416,5c28ec41e7a2d6c4b6f137663d9fc5f85f73397bdfefbcac6172458df8904144
1280,modelnet40c_processed/monitor/shear/M40C_monitor_idx687_shear_1.npy,modelnet40c_processed,12416,c87f75f959e2bf1afee1f305369d8499b54a42d285206a62e8dea4a6b08a5d6b
1281,modelnet40c_processed/monitor/shear/M40C_monitor_idx687_shear_2.npy,modelnet40c_processed,12416,518bcf260432bd2a4a2a5f7db0a139038df689907a7947b0a040904601904882
1282,modelnet40c_processed/monitor/shear/M40C_monitor_idx687_shear_3.npy,modelnet40c_processed,12416,513dae57b5d2136dd175fed4dd7845808ab3e06fdd94b10e6ae6c6a9121c6872
1283,modelnet40c_processed/monitor/shear/M40C_monitor_idx687_shear_4.npy,modelnet40c_processed,12416,5cae611d51a49868c4cd9d4077e74eb1a7541963fd53d0472a925d05b94a33ea
1284,modelnet40c_processed/monitor/shear/M40C_monitor_idx687_shear_5.npy,modelnet40c_processed,12416,402d7a2270bf843d2a7a9df1963edf2e2d77064c67661db7133745b405ff16a8
1285,modelnet40c_processed/monitor/uniform/M40C_monitor_idx687_uniform_1.npy,modelnet40c_processed,12416,1a55980f14c913ddb83bd49a92e87c075eef96172dc14b60e8ee6a410e0f469e
1286,modelnet40c_processed/monitor/uniform/M40C_monitor_idx687_uniform_2.npy,modelnet40c_processed,12416,e21c1912a09b3acc37f3c94170232b40f45012f772c50418603ec749922bc317
1287,modelnet40c_processed/monitor/uniform/M40C_monitor_idx687_uniform_3.npy,modelnet40c_processed,12416,26f00539f8bc9ba2efa5ca38773a357b39d1560b00ee1fd57b314a3cb1057e53
1288,modelnet40c_processed/monitor/uniform/M40C_monitor_idx687_uniform_4.npy,modelnet40c_processed,12416,bebd42eacea9f2c01a1dabe73c2d60e7eb5022302028bd5397a26f9bbf6e1af8
1289,modelnet40c_processed/monitor/uniform/M40C_monitor_idx687_uniform_5.npy,modelnet40c_processed,12416,32d15d0d9063d6d789379eca32645d2c4bba864cbc4306206ec7e52549c24128
1290,modelnet40c_processed/monitor/upsampling/M40C_monitor_idx687_upsampling_1.npy,modelnet40c_processed,14864,b0b8f5aff15da6cdac7054a7021add0bed67dce62f557ee863b5dfac10f5a8ab
1291,modelnet40c_processed/monitor/upsampling/M40C_monitor_idx687_upsampling_2.npy,modelnet40c_processed,15488,310666e448660b69c1b1eb315e517559ff81f00785744d0d7b62c339f5b3ace8
1292,modelnet40c_processed/monitor/upsampling/M40C_monitor_idx687_upsampling_3.npy,modelnet40c_processed,16508,b2aaebbb980bc7832effd73a021e3fac7b81f41fa6e79c693c53d4d23600494e
1293,modelnet40c_processed/monitor/upsampling/M40C_monitor_idx687_upsampling_4.npy,modelnet40c_processed,18560,0c712036c6985d52dd9c32e15bc025869ee46e703645a6658064d8065786c7b8
1294,modelnet40c_processed/monitor/upsampling/M40C_monitor_idx687_upsampling_5.npy,modelnet40c_processed,24704,b99611d44e34e7ecd67726d0779f0f4ad99c77051a69c5553eea86e34955a5f2
1295,modelnet40c_processed/person/background/M40C_person_idx697_background_1.npy,modelnet40c_processed,12680,33a19c0e126aea3c2f39d434b23a9decfe2cf62cbe406e04da8459f3807aca39
1296,modelnet40c_processed/person/background/M40C_person_idx697_background_2.npy,modelnet40c_processed,12716,643e7f9c0a3e02b1714218cc923a356b062151459badf7471f334edc7664546b
1297,modelnet40c_processed/person/background/M40C_person_idx697_background_3.npy,modelnet40c_processed,12764,2f7785311bc0cb671b6266a2aac9f31d14cbb59daf948458b96163345e58a948
1298,modelnet40c_processed/person/background/M40C_person_idx697_background_4.npy,modelnet40c_processed,12824,fbcbe916a11549e9989ad17bd64a200eb33e150c53ba22131d43c0d04b50912b
1299,modelnet40c_processed/person/background/M40C_person_idx697_background_5.npy,modelnet40c_processed,13028,1a7ac8c91c44fe37b8a0e049ecdffc6f414882268d0c71b2ea45ed269aa26502
1300,modelnet40c_processed/person/cutout/M40C_person_idx697_cutout_1.npy,modelnet40c_processed,11696,04eaa34f229155ee5abf767edf9c2ac22f7aea7766236c16ccbab9c59e698a6b
1301,modelnet40c_processed/person/cutout/M40C_person_idx697_cutout_2.npy,modelnet40c_processed,11336,d6a8609ba34958405866196fb2cb0767b6ca169b2302bf7c55286a6fb00aa2f9
1302,modelnet40c_processed/person/cutout/M40C_person_idx697_cutout_3.npy,modelnet40c_processed,10616,ee16f23daece754d886b77e9e20f434a2102dc3a1a09d02f8d97ed6f739589f2
1303,modelnet40c_processed/person/cutout/M40C_person_idx697_cutout_4.npy,modelnet40c_processed,9896,a49cbb12699f33512144e0e17e315d987d03a7db864b49ccb94e6ee279035c50
1304,modelnet40c_processed/person/cutout/M40C_person_idx697_cutout_5.npy,modelnet40c_processed,8816,0449c41fc3ff0f5cd457164a1e1831e96b48946caf2569a55bd385eeb2b493ce
1305,modelnet40c_processed/person/ffd/M40C_person_idx697_ffd_1.npy,modelnet40c_processed,12416,13b6973a9b286313aa2174e60f768479c6bb09f8848141806e35c665225efc70
1306,modelnet40c_processed/person/ffd/M40C_person_idx697_ffd_2.npy,modelnet40c_processed,12416,2297ce999b019b8e1ac969532425a8198b93fdbea709ab02db37a62f7c0c5ab5
1307,modelnet40c_processed/person/ffd/M40C_person_idx697_ffd_3.npy,modelnet40c_processed,12416,4a1bdef8c0a8ef361e4326fc5f03903e349c574e1f0250b73d4b1d7614e656c2
1308,modelnet40c_processed/person/ffd/M40C_person_idx697_ffd_4.npy,modelnet40c_processed,12416,e8441a633caad4285398a5474d2f7b90dcbf6702f325b88baf9e83ca50268faa
1309,modelnet40c_processed/person/ffd/M40C_person_idx697_ffd_5.npy,modelnet40c_processed,12416,95862c1ce47730770547f29a8fbe792c6147211f0084112af486df60eb728bb6
1310,modelnet40c_processed/person/M40C_person_idx697_REF_0.npy,modelnet40c_processed,12416,637c33de7fc817db621f180e9125e128d9b6e187ddfaa6fbcaa1dee25f6eebee
1311,modelnet40c_processed/person/gaussian/M40C_person_idx697_gaussian_1.npy,modelnet40c_processed,12416,6f1294f526770dafb1bda8a4b5708b8b97d19abf70ea7ca3b0d679050648ec78
1312,modelnet40c_processed/person/gaussian/M40C_person_idx697_gaussian_2.npy,modelnet40c_processed,12416,1451c2dfb5e4bc17caa50e525872c2da2e1841e055f5c95cf52ead3cbde3e907
1313,modelnet40c_processed/person/gaussian/M40C_person_idx697_gaussian_3.npy,modelnet40c_processed,12416,a2cfda5d8087024f7361b0e092c21e456cac6132d15371deca6e75200632de2c
1314,modelnet40c_processed/person/gaussian/M40C_person_idx697_gaussian_4.npy,modelnet40c_processed,12416,7936105a0ad8bbde27106ee0b097eb67f9c4f199442b2b2d798b8a3fcb8788d0
1315,modelnet40c_processed/person/gaussian/M40C_person_idx697_gaussian_5.npy,modelnet40c_processed,12416,7de0a2384d1aff3a86d8272975834a4738a34f1f68577f509eb03b57b2bce53d
1316,modelnet40c_processed/person/impulse/M40C_person_idx697_impulse_1.npy,modelnet40c_processed,12416,d0e0049d3868e4261062e5e03e1ed503c030f764e37f4a5b8face1e107639dca
1317,modelnet40c_processed/person/impulse/M40C_person_idx697_impulse_2.npy,modelnet40c_processed,12416,596d57c9769a14447510391a7ed9f44a9dfd3c14fd68b47f77c131e05b2a51e3
1318,modelnet40c_processed/person/impulse/M40C_person_idx697_impulse_3.npy,modelnet40c_processed,12416,a1a3326a294b3fbb034080275580fea6db549a3128d1f17c01794fab92667b8b
1319,modelnet40c_processed/person/impulse/M40C_person_idx697_impulse_4.npy,modelnet40c_processed,12416,749631bbbaca69e7443cd96044786b028dda2b84fc80efc1bd41c58fcbcdca79
1320,modelnet40c_processed/person/impulse/M40C_person_idx697_impulse_5.npy,modelnet40c_processed,12416,78d6069832a0622de8baeda430913727f1df740047e80768d908f6d469b6ade8
1321,modelnet40c_processed/person/inverse_rbf/M40C_person_idx697_inverse_rbf_1.npy,modelnet40c_processed,12416,d52f6a666b281af80249731765d1c7a9d4f6d6d42041ff1b9576ba6a7e10e68d
1322,modelnet40c_processed/person/inverse_rbf/M40C_person_idx697_inverse_rbf_2.npy,modelnet40c_processed,12416,e6d1eb598d6e8a19279f78f75907288fe1139cd2f67c3b4a2159af2a2c76b659
1323,modelnet40c_processed/person/inverse_rbf/M40C_person_idx697_inverse_rbf_3.npy,modelnet40c_processed,12416,f78ab4dacba1861529084a686c11135fa92b4b20a18f7fbdf73e7c387f0aa119
1324,modelnet40c_processed/person/inverse_rbf/M40C_person_idx697_inverse_rbf_4.npy,modelnet40c_processed,12416,9324fbba6b38ce0633f761166e171c7091f54ecfc287fde75a29ddac416ca9b5
1325,modelnet40c_processed/person/inverse_rbf/M40C_person_idx697_inverse_rbf_5.npy,modelnet40c_processed,12416,2122f6e5d9d5f39740b241a13eb08530ad4bb36e33200267076686b15d3ec3b3
1326,modelnet40c_processed/person/lidar/M40C_person_idx697_lidar_1.npy,modelnet40c_processed,9344,9902b612fa8b6c8f20f8364d558d75820be03c162b215dcd9a2b075c5f475933
1327,modelnet40c_processed/person/lidar/M40C_person_idx697_lidar_2.npy,modelnet40c_processed,9344,4f1c9fe97bc4eee100bf937b5e263aa41e389f5e8784d2bf4d0a5a04975c2c30
1328,modelnet40c_processed/person/lidar/M40C_person_idx697_lidar_3.npy,modelnet40c_processed,9344,54c426545c2bbd71963b413eed1fe34c41841440e1ccb1336d77a93bfae220fd
1329,modelnet40c_processed/person/lidar/M40C_person_idx697_lidar_4.npy,modelnet40c_processed,9344,d24150294c22d529f51572665426f74813a8bf8779cfaff5d65c4ab551cd9969
1330,modelnet40c_processed/person/lidar/M40C_person_idx697_lidar_5.npy,modelnet40c_processed,9344,11f61235df09b54a4b03cd1ddda02c0b9a5d89e9031868ee9238a7dc55b93e04
1331,modelnet40c_processed/person/local_density_dec/M40C_person_idx697_local_density_dec_1.npy,modelnet40c_processed,11516,72c77194756ff2ba22b90eebbaf16bf6c84fc49a289d49182ce3ef5cabef3ca7
1332,modelnet40c_processed/person/local_density_dec/M40C_person_idx697_local_density_dec_2.npy,modelnet40c_processed,10616,67d370ae252d8cbf8946366e377ff724cb8452f391fa312d991ed2b3e3e8bb3c
1333,modelnet40c_processed/person/local_density_dec/M40C_person_idx697_local_density_dec_3.npy,modelnet40c_processed,9716,3f2fed789b5241b59c740492c991019ac7473c85412da780d01bb06c8748788a
1334,modelnet40c_processed/person/local_density_dec/M40C_person_idx697_local_density_dec_4.npy,modelnet40c_processed,8816,e7ef900573a3413c8bb49d0307b11aa848b946df0dd808524c146b16a58afbe6
1335,modelnet40c_processed/person/local_density_dec/M40C_person_idx697_local_density_dec_5.npy,modelnet40c_processed,7916,2782029d1ed4dfe28443f342a8960695999a4f434dffb0801aa0be07f97f8271
1336,modelnet40c_processed/person/local_density_inc/M40C_person_idx697_local_density_inc_1.npy,modelnet40c_processed,12416,722fb13e733ccd16c73b5000c70315dd07a29d2c89952743b8ae17009a47d3f9
1337,modelnet40c_processed/person/local_density_inc/M40C_person_idx697_local_density_inc_2.npy,modelnet40c_processed,12416,a7bbbdcd32e899e89f6399a74403c1c3d5245ac87b77210c5f194d603503d138
1338,modelnet40c_processed/person/local_density_inc/M40C_person_idx697_local_density_inc_3.npy,modelnet40c_processed,12416,8358e1ccd9b6209173eb1979ca56b5b2f3d254cb010e419ce78d95f02d42fbf2
1339,modelnet40c_processed/person/local_density_inc/M40C_person_idx697_local_density_inc_4.npy,modelnet40c_processed,12416,3125a54f4aafc6ace8a76b332b00968d0696cd4fbe8bdef5ee0297f64d4f4010
1340,modelnet40c_processed/person/local_density_inc/M40C_person_idx697_local_density_inc_5.npy,modelnet40c_processed,12416,8ef89ffa138e55d5cce9ff57f029219488a1b806ea50783c681c1d94464bc99c
1341,modelnet40c_processed/person/occlusion/M40C_person_idx697_occlusion_1.npy,modelnet40c_processed,12416,8edc86674ef7f5f42c96d20139749190d0d6bdcc56cae366c1098881daa5dd52
1342,modelnet40c_processed/person/occlusion/M40C_person_idx697_occlusion_2.npy,modelnet40c_processed,12416,964c0a9d07068c998742c04bf6a327057f5040072937ec15563304e8cfb7179d
1343,modelnet40c_processed/person/occlusion/M40C_person_idx697_occlusion_3.npy,modelnet40c_processed,12416,c248245c81ca8bac1265a58d866ba58811a731899a9542e80ce9ac05277339d6
1344,modelnet40c_processed/person/occlusion/M40C_person_idx697_occlusion_4.npy,modelnet40c_processed,12416,8196f8bd4104139c1f5f2280f49979436b9c4c166d5ae1b5e25f23dfb696430d
1345,modelnet40c_processed/person/occlusion/M40C_person_idx697_occlusion_5.npy,modelnet40c_processed,12416,d998500f2d0c96715c51fa7169f5e98e95ad706427a402f2c34e34d1400f0515
1346,modelnet40c_processed/person/rbf/M40C_person_idx697_rbf_1.npy,modelnet40c_processed,12416,80ada5c7ab03b74b79326e26346fb4628329666e0c02df4c4f20b039406c3432
1347,modelnet40c_processed/person/rbf/M40C_person_idx697_rbf_2.npy,modelnet40c_processed,12416,819f8d8ed5d1fbe2d6e30bb441ceed1c470114dca3559b43e01dec584e20bb4e
1348,modelnet40c_processed/person/rbf/M40C_person_idx697_rbf_3.npy,modelnet40c_processed,12416,46fcad8315f9a7db05e65b637f615efd8116b1835c39f5d4ee6f9bf20ea54736
1349,modelnet40c_processed/person/rbf/M40C_person_idx697_rbf_4.npy,modelnet40c_processed,12416,4d286fa1a9ed05e0e9da6305d6ddb53c3b1a09b432eb68d8435ee8f5139cda36
1350,modelnet40c_processed/person/rbf/M40C_person_idx697_rbf_5.npy,modelnet40c_processed,12416,f9020b7d858d2b2a263559bfb5e0d11e6ac481806d1e6eb01889ce0357c43127
1351,modelnet40c_processed/person/shear/M40C_person_idx697_shear_1.npy,modelnet40c_processed,12416,30e990f3da30036094f521041feb7726245932d6feea4a1edc3b6d8399c4bd2f
1352,modelnet40c_processed/person/shear/M40C_person_idx697_shear_2.npy,modelnet40c_processed,12416,9e6754d296f57b8b06e87ebca2c773ab26245b1bc45ee39ec2f59a8ac7787975
1353,modelnet40c_processed/person/shear/M40C_person_idx697_shear_3.npy,modelnet40c_processed,12416,a2d7756b632d17a19574cef76e51afca54d4e396f18fc0511ae39d85feda7966
1354,modelnet40c_processed/person/shear/M40C_person_idx697_shear_4.npy,modelnet40c_processed,12416,9ba19da8c8dcce23f366b69e0117dbe2717582cc0fca05cec87bd78a3ffa686b
1355,modelnet40c_processed/person/shear/M40C_person_idx697_shear_5.npy,modelnet40c_processed,12416,e6fc9071f57c82ead5471054e1fb98a28065360f0e44c5ff4845ae488648460a
1356,modelnet40c_processed/person/uniform/M40C_person_idx697_uniform_1.npy,modelnet40c_processed,12416,0d3cdbbbc7e644ce097497ad79b17025dad31330d5ade6514381ca400d95deb1
1357,modelnet40c_processed/person/uniform/M40C_person_idx697_uniform_2.npy,modelnet40c_processed,12416,6ef6b2b280918972d046409fefd3a55a59981976cb858b5c1f99bc25e105e3b1
1358,modelnet40c_processed/person/uniform/M40C_person_idx697_uniform_3.npy,modelnet40c_processed,12416,d8cb9a2fb54f8271e67b9c18c0fbf830ac4eb7b0849ba2503d3c74fa1a0f17bd
1359,modelnet40c_processed/person/uniform/M40C_person_idx697_uniform_4.npy,modelnet40c_processed,12416,62c105a686c39b69e6b8fbba9be8ba50e74bf328faf2466b4a55b1ba93f7023b
1360,modelnet40c_processed/person/uniform/M40C_person_idx697_uniform_5.npy,modelnet40c_processed,12416,9fe7f45f32759524b18c2c20ecfda5e4284bd4934d46c4745f3c9fdf2673cb74
1361,modelnet40c_processed/person/upsampling/M40C_person_idx697_upsampling_1.npy,modelnet40c_processed,14864,e3a61300fb8e950528a21d11b14628e44eada8795b5b95614c25e96d7d91ff74
1362,modelnet40c_processed/person/upsampling/M40C_person_idx697_upsampling_2.npy,modelnet40c_processed,15488,06864bbde685a1796b926423ea9d4f22ccfe528de729d13e9d05fbf9f99926fb
1363,modelnet40c_processed/person/upsampling/M40C_person_idx697_upsampling_3.npy,modelnet40c_processed,16508,65696b7348c3d45489d37d0d4f04220bfba13d8cf6330cef677678585b920027
1364,modelnet40c_processed/person/upsampling/M40C_person_idx697_upsampling_4.npy,modelnet40c_processed,18560,961bb95484854533dbeb5aa97ef90c6c6f8500b767e0196e05169a3ef3480216
1365,modelnet40c_processed/person/upsampling/M40C_person_idx697_upsampling_5.npy,modelnet40c_processed,24704,6fb9bd1004c1fe8c0f09fdc574cf54fa3b590cc1018d0916155f68a56cd33f28
1366,modelnet40c_processed/plant/background/M40C_plant_idx2340_background_1.npy,modelnet40c_processed,12680,c7fe0f85386e1106adc2d21d946f35f49e0594efac0fef0b8d48c46557afbb37
1367,modelnet40c_processed/plant/background/M40C_plant_idx2340_background_2.npy,modelnet40c_processed,12716,626da866187e98e7f819c67d4442b4db27662e8ed856adc7cfe5a7d92726deca
1368,modelnet40c_processed/plant/background/M40C_plant_idx2340_background_3.npy,modelnet40c_processed,12764,d3b0d34908a77b42fe6c0fc4ef790020c1a058e14414d859c9efc15cf36cf582
1369,modelnet40c_processed/plant/background/M40C_plant_idx2340_background_4.npy,modelnet40c_processed,12824,0a9076e8e9c28a8ea38f047cd74bb4298e8e99cf7cbd91191926e8cb93438d02
1370,modelnet40c_processed/plant/background/M40C_plant_idx2340_background_5.npy,modelnet40c_processed,13028,7e5b5251d229d89866b0841619ea7ef21ea993981de10c0e52096dce079619c0
1371,modelnet40c_processed/plant/cutout/M40C_plant_idx2340_cutout_1.npy,modelnet40c_processed,11696,5eabfcfe4337730a9abe29e932b831c3bdb9443217888baf3d4270f548b30390
1372,modelnet40c_processed/plant/cutout/M40C_plant_idx2340_cutout_2.npy,modelnet40c_processed,11336,ef898fe418fd6a131f67f0307991771ff971d2dc3209295e419a90ca1d96e782
1373,modelnet40c_processed/plant/cutout/M40C_plant_idx2340_cutout_3.npy,modelnet40c_processed,10616,07fa5f7fb0f12d4da66d57d8b9e4b1e3a8d9b3a1a25a07012c8e60a40a7e068e
1374,modelnet40c_processed/plant/cutout/M40C_plant_idx2340_cutout_4.npy,modelnet40c_processed,9896,c86a8e14f89c32b5914a29f48a6e6e74801c50854c8d1483afd69ff4ee9ebad9
1375,modelnet40c_processed/plant/cutout/M40C_plant_idx2340_cutout_5.npy,modelnet40c_processed,8816,87500709c553fb5a4244aee9bbbcac6cfed86c957b948ce246b2d63dcb8354f8
1376,modelnet40c_processed/plant/ffd/M40C_plant_idx2340_ffd_1.npy,modelnet40c_processed,12416,ecbfcbcbc0571a6fed8df847c8568bf55f6cb7422b6c40f85485436f7a90e3bc
1377,modelnet40c_processed/plant/ffd/M40C_plant_idx2340_ffd_2.npy,modelnet40c_processed,12416,6f7e3e69ebd47a06d6b02e9f5dd82f8bd9ca03969137927cbc1893e297a1317e
1378,modelnet40c_processed/plant/ffd/M40C_plant_idx2340_ffd_3.npy,modelnet40c_processed,12416,16a439cac3978f3e6627c0796d105c8974b564f09c6febaa7c2a22f8e0e41de1
1379,modelnet40c_processed/plant/ffd/M40C_plant_idx2340_ffd_4.npy,modelnet40c_processed,12416,ecd9d4fb30277808f4063ef46429509f8698c11a5824be6c23ee73e582bf6467
1380,modelnet40c_processed/plant/ffd/M40C_plant_idx2340_ffd_5.npy,modelnet40c_processed,12416,ca318feb7f2c067bae1cc204511aee4c0fe7cdadc6f975c6a54899b219930ff6
1381,modelnet40c_processed/plant/M40C_plant_idx2340_REF_0.npy,modelnet40c_processed,12416,71d9cf9a50caccdcd5cea0b515cc7908b5c944c2b61044f6cbef8d4c42bfda56
1382,modelnet40c_processed/plant/gaussian/M40C_plant_idx2340_gaussian_1.npy,modelnet40c_processed,12416,cc085475ea29363999aba8b1c70e0916460de70310a0f10840eaa55230d2726c
1383,modelnet40c_processed/plant/gaussian/M40C_plant_idx2340_gaussian_2.npy,modelnet40c_processed,12416,6ffef89da92ab81c120725f0a9b5484637454ebca35922058e08e1f234d0e400
1384,modelnet40c_processed/plant/gaussian/M40C_plant_idx2340_gaussian_3.npy,modelnet40c_processed,12416,f93ebe45d4bebe336824c622b99f2058202a187c1761e3c4cbf8ab47e56fd25f
1385,modelnet40c_processed/plant/gaussian/M40C_plant_idx2340_gaussian_4.npy,modelnet40c_processed,12416,fcd6d69c579c7bfee2a0c28a9a51df658583e81f40598c9084be308eee39c2ec
1386,modelnet40c_processed/plant/gaussian/M40C_plant_idx2340_gaussian_5.npy,modelnet40c_processed,12416,18adb21e7651e7bf6867a2e60f188f8711eb2a4fe9ff7889bdb0c101bc01935c
1387,modelnet40c_processed/plant/impulse/M40C_plant_idx2340_impulse_1.npy,modelnet40c_processed,12416,bb1f36f776f4d6b26c4eca693d455bdb49e4571de7d819b5997456a1cdb4bda6
1388,modelnet40c_processed/plant/impulse/M40C_plant_idx2340_impulse_2.npy,modelnet40c_processed,12416,f2a2460f2c301b80e3bc7f7314c7c8a6cb52441454e0c34d44098986900d52f8
1389,modelnet40c_processed/plant/impulse/M40C_plant_idx2340_impulse_3.npy,modelnet40c_processed,12416,e0689f7c51a85e2e172c63fac3ec4598aa274f0608dbef538992fe8ebddf2a75
1390,modelnet40c_processed/plant/impulse/M40C_plant_idx2340_impulse_4.npy,modelnet40c_processed,12416,dcf1240a249305e8172cb2618f80a5f84b70414c0c62f9dc7e095751aa063aec
1391,modelnet40c_processed/plant/impulse/M40C_plant_idx2340_impulse_5.npy,modelnet40c_processed,12416,cbbd493c42b22bc8e878043bd8ae19995ab10ed2ecd84c7d3e6e6ff6f59f1a7b
1392,modelnet40c_processed/plant/inverse_rbf/M40C_plant_idx2340_inverse_rbf_1.npy,modelnet40c_processed,12416,09fbf206ab0d4ab8a3c1ed68a75eac7caf2123598e9f3e945fad27221b2d0401
1393,modelnet40c_processed/plant/inverse_rbf/M40C_plant_idx2340_inverse_rbf_2.npy,modelnet40c_processed,12416,581da2e19007d571a1005b972b43e158ca1e842daf897e0e723c532d96bf937b
1394,modelnet40c_processed/plant/inverse_rbf/M40C_plant_idx2340_inverse_rbf_3.npy,modelnet40c_processed,12416,a7ef656ec35ba430a5d4b12dbe4f730d2f487320fb4fafa8b532d5a26c44d2c8
1395,modelnet40c_processed/plant/inverse_rbf/M40C_plant_idx2340_inverse_rbf_4.npy,modelnet40c_processed,12416,190ac6dcf24b7225ed0e6df09fa1d142ca2c07fbe39b5ab0e10208bbbd76d99a
1396,modelnet40c_processed/plant/inverse_rbf/M40C_plant_idx2340_inverse_rbf_5.npy,modelnet40c_processed,12416,98dec819a363a03f79405bb1644eb08890b4a73600aca831aebadb0fe6d97e8f
1397,modelnet40c_processed/plant/lidar/M40C_plant_idx2340_lidar_1.npy,modelnet40c_processed,9344,58e9db6d89ac2d19d1141e56b499cf2b6bb1cb0a0c0ec0d694cff7fce7072c4b
1398,modelnet40c_processed/plant/lidar/M40C_plant_idx2340_lidar_2.npy,modelnet40c_processed,9344,f9a02fc9d8847741a5475f0e9a91a28ec0d4c5074ae3de0f8dce8a796e53c3a4
1399,modelnet40c_processed/plant/lidar/M40C_plant_idx2340_lidar_3.npy,modelnet40c_processed,9344,dd057484e441d1a46caa4337c13186399d8ff59ff944232fb8797d916e1e19fb
1400,modelnet40c_processed/plant/lidar/M40C_plant_idx2340_lidar_4.npy,modelnet40c_processed,9344,94e8a6beac640ea4934e43f3e808fadde1ab22438d05f5f94e240a03c0d1aff6
1401,modelnet40c_processed/plant/lidar/M40C_plant_idx2340_lidar_5.npy,modelnet40c_processed,9344,700edf4af453761b9af01c29ea04a3cde9c7ccd135911eba2fe3afa5e7253bc6
1402,modelnet40c_processed/plant/local_density_dec/M40C_plant_idx2340_local_density_dec_1.npy,modelnet40c_processed,11516,63eedbb0eb4fad450c9365a52e13a0c0f6255b880dd89429d8b33a3cad0bbf7a
1403,modelnet40c_processed/plant/local_density_dec/M40C_plant_idx2340_local_density_dec_2.npy,modelnet40c_processed,10616,1476d311cc537522cef7546aed26d7318dc06a0e8bd1d37055808a109fe61db5
1404,modelnet40c_processed/plant/local_density_dec/M40C_plant_idx2340_local_density_dec_3.npy,modelnet40c_processed,9716,028edee733a90cb54bc432a46fe51a7f63721984520680f2a54b5979f8a690ed
1405,modelnet40c_processed/plant/local_density_dec/M40C_plant_idx2340_local_density_dec_4.npy,modelnet40c_processed,8816,385f4cf556b25e2c123a017db0b357b023f7118b8f517f3bd3481aa806d8b641
1406,modelnet40c_processed/plant/local_density_dec/M40C_plant_idx2340_local_density_dec_5.npy,modelnet40c_processed,7916,d70aa2d4a4755819ecdbc30ef0ba8bf892bd0adb357f9d85a54a2ee031879b4b
1407,modelnet40c_processed/plant/local_density_inc/M40C_plant_idx2340_local_density_inc_1.npy,modelnet40c_processed,12416,76032ad9009a1bce54e943c9de3e077aba46887d8ce02c59f777d1c9a8a9ddfa
1408,modelnet40c_processed/plant/local_density_inc/M40C_plant_idx2340_local_density_inc_2.npy,modelnet40c_processed,12416,8bb67779712bf265e60e90959418a5d3d81a7abb4dfc946ff8812b67e58baa7b
1409,modelnet40c_processed/plant/local_density_inc/M40C_plant_idx2340_local_density_inc_3.npy,modelnet40c_processed,12416,b6d63ce33a94f153056878c9a1c4efb1710f5df2d607bbb68579a3325a39c713
1410,modelnet40c_processed/plant/local_density_inc/M40C_plant_idx2340_local_density_inc_4.npy,modelnet40c_processed,12416,804698fbb08e0bbefff3ea225bba535929e22ee8dbb21e0fe53194abb4b53f9c
1411,modelnet40c_processed/plant/local_density_inc/M40C_plant_idx2340_local_density_inc_5.npy,modelnet40c_processed,12416,ec1c0b5b14a98ae8fc25c98a1bc6056e76616333d00630f5b9459e3356e5a7de
1412,modelnet40c_processed/plant/occlusion/M40C_plant_idx2340_occlusion_1.npy,modelnet40c_processed,12416,8b67cf8240ee0a1d36fa223754406e66d36a88146d138e0d5e7a0b53eb3bf0bc
1413,modelnet40c_processed/plant/occlusion/M40C_plant_idx2340_occlusion_2.npy,modelnet40c_processed,12416,9192b102b4f5361ea6bad8d39a5c0bd79cd26b97461eb3b6790e8a98f7372aca
1414,modelnet40c_processed/plant/occlusion/M40C_plant_idx2340_occlusion_3.npy,modelnet40c_processed,12416,a1ff0b67f50c6d04239d060846ce010548b3e38ca63ddb669f6feedda8d2836e
1415,modelnet40c_processed/plant/occlusion/M40C_plant_idx2340_occlusion_4.npy,modelnet40c_processed,12416,1f850ba7f86f1764d91aa907bb4cae41aaa9aa1e13f65d3caba86fe754f15375
1416,modelnet40c_processed/plant/occlusion/M40C_plant_idx2340_occlusion_5.npy,modelnet40c_processed,12416,e82ee57335a8e8cdeb8e50d1e872aa6e4032340f87655d9b50123358f6bb685f
1417,modelnet40c_processed/plant/rbf/M40C_plant_idx2340_rbf_1.npy,modelnet40c_processed,12416,603ebc856d4541a0bee73969a69a70e4034d451d0c7f816374e0823a3976596f
1418,modelnet40c_processed/plant/rbf/M40C_plant_idx2340_rbf_2.npy,modelnet40c_processed,12416,ef7a5c486c46c911cb5fe84365abfae5749548f6da65b1307454e066670d6157
1419,modelnet40c_processed/plant/rbf/M40C_plant_idx2340_rbf_3.npy,modelnet40c_processed,12416,7f6f7375c2c853c6bfecc8817d7b2d7173d556ceae4783b35f33e1d66b02ad80
1420,modelnet40c_processed/plant/rbf/M40C_plant_idx2340_rbf_4.npy,modelnet40c_processed,12416,2efccd2279ee05029eb68f4120507ba5d931c25f2c7567b6f932415acba59a5a
1421,modelnet40c_processed/plant/rbf/M40C_plant_idx2340_rbf_5.npy,modelnet40c_processed,12416,6d640305ddd1a228901808dd87a6a4e76da53e9a91b3b906f1b5f6698c3663f3
1422,modelnet40c_processed/plant/shear/M40C_plant_idx2340_shear_1.npy,modelnet40c_processed,12416,0d60a707beda0d5d5618faf2782636bab0188cb782b40c9d4cfe2656e5119097
1423,modelnet40c_processed/plant/shear/M40C_plant_idx2340_shear_2.npy,modelnet40c_processed,12416,ca5233d04d009ed8b27328dd0d9abf9ff9f48df3468f0c363712496894a9ba95
1424,modelnet40c_processed/plant/shear/M40C_plant_idx2340_shear_3.npy,modelnet40c_processed,12416,8b79f180d26d8e4af59a25eee8bf3a6a5e6a8c0c90846270547f158e08361a9e
1425,modelnet40c_processed/plant/shear/M40C_plant_idx2340_shear_4.npy,modelnet40c_processed,12416,62727453bf1d313cb9d193591ddd0a43915dc8782029a8bd683fcbe724ec299d
1426,modelnet40c_processed/plant/shear/M40C_plant_idx2340_shear_5.npy,modelnet40c_processed,12416,3cf1c75eff9c4d1dbd45e6603374461fff9ac4166a8bec1d13790ac228344dd0
1427,modelnet40c_processed/plant/uniform/M40C_plant_idx2340_uniform_1.npy,modelnet40c_processed,12416,4090c7f9ed2a6009f617430546c36c7ba84940445c9cfed7b7ffde9399e18c30
1428,modelnet40c_processed/plant/uniform/M40C_plant_idx2340_uniform_2.npy,modelnet40c_processed,12416,d7fd47f75a682b87baa1d964cc3d0b864b4efaf121ef28e1d87e1bc6a5bc9347
1429,modelnet40c_processed/plant/uniform/M40C_plant_idx2340_uniform_3.npy,modelnet40c_processed,12416,da88a37b4ed9aaf0ce470d0fa1c0af302a36084aac523dbdfcb500ed4edcbbe9
1430,modelnet40c_processed/plant/uniform/M40C_plant_idx2340_uniform_4.npy,modelnet40c_processed,12416,6ff6e613c1811f4465ba37cd6b474a7608fcc1a6e0f5d0e2c38434ae1f708bb5
1431,modelnet40c_processed/plant/uniform/M40C_plant_idx2340_uniform_5.npy,modelnet40c_processed,12416,4476eee783431b2db74e3e8483ef261b3b05b82ac5a757fb9ace8188bc5043ed
1432,modelnet40c_processed/plant/upsampling/M40C_plant_idx2340_upsampling_1.npy,modelnet40c_processed,14864,62031387aa171f8d2cc8a2cfd15b7280dd1cea812b9f9cda56b56a702a2e1cb4
1433,modelnet40c_processed/plant/upsampling/M40C_plant_idx2340_upsampling_2.npy,modelnet40c_processed,15488,657248a1220cb6ff69909a0f3d6e01e9b9ff03cd5fbe02f84ffeca6c700d2ca8
1434,modelnet40c_processed/plant/upsampling/M40C_plant_idx2340_upsampling_3.npy,modelnet40c_processed,16508,38421e51392e2435390286cecc61ccf3cd6faad67b545c1c8a7299f635a13838
1435,modelnet40c_processed/plant/upsampling/M40C_plant_idx2340_upsampling_4.npy,modelnet40c_processed,18560,4ecd65ff790085eacb7a932c7e0a3ef81b2d6b16799915675ea007fa98d5e00b
1436,modelnet40c_processed/plant/upsampling/M40C_plant_idx2340_upsampling_5.npy,modelnet40c_processed,24704,87f735aa84b6cf3ecfe07854f9b3c304ca80fa1e84e3f5ebdc5f201f5f0893b4
1437,modelnet40c_processed/sofa/background/M40C_sofa_idx410_background_1.npy,modelnet40c_processed,12680,a65792b51444fd614037d6cd4afc9468b8b31e07190f16d91dd488953fb56368
1438,modelnet40c_processed/sofa/background/M40C_sofa_idx410_background_2.npy,modelnet40c_processed,12716,c33e74fec405d6a1be4d1949ddeb649448ea520c0e35d6b8a7d57af2cbdded59
1439,modelnet40c_processed/sofa/background/M40C_sofa_idx410_background_3.npy,modelnet40c_processed,12764,fbb2c32c37180892af148270478f7ffaa18549a13dc8689a50f57c2a26f12cc5
1440,modelnet40c_processed/sofa/background/M40C_sofa_idx410_background_4.npy,modelnet40c_processed,12824,62a8505d286db5748fad8766fc0fadd722806bd1e5b4ad4a5123b2a7fdbc844e
1441,modelnet40c_processed/sofa/background/M40C_sofa_idx410_background_5.npy,modelnet40c_processed,13028,f9448a8f7022054c4ad5d77763303d88d0522084566228c4d976e25dedfb5ac8
1442,modelnet40c_processed/sofa/cutout/M40C_sofa_idx410_cutout_1.npy,modelnet40c_processed,11696,62907270d80876d0f7ba255bafbd0b0e70b1d3566d5344b6123872c2d137cfe0
1443,modelnet40c_processed/sofa/cutout/M40C_sofa_idx410_cutout_2.npy,modelnet40c_processed,11336,431bf550a85c772bfb004b63254ec6b630e5e280eaa9af0b44e3720d8c94468a
1444,modelnet40c_processed/sofa/cutout/M40C_sofa_idx410_cutout_3.npy,modelnet40c_processed,10616,bd88aabd3a8ff64df5e810dcc2ea02b1704279c449be75a98b75c912be0e592b
1445,modelnet40c_processed/sofa/cutout/M40C_sofa_idx410_cutout_4.npy,modelnet40c_processed,9896,a75c85d6c38d0b20014536ca5a3767496ef0cecd6489c3b206814c5956dbfae5
1446,modelnet40c_processed/sofa/cutout/M40C_sofa_idx410_cutout_5.npy,modelnet40c_processed,8816,182e2976ca6299000df18cce9195f45c9142a4cb58d43e3f65394b81af823ec0
1447,modelnet40c_processed/sofa/ffd/M40C_sofa_idx410_ffd_1.npy,modelnet40c_processed,12416,c4a6b2aed48f34428dd66fc741804c2f236dbc6aecb2a21c651ffec5b5a47eca
1448,modelnet40c_processed/sofa/ffd/M40C_sofa_idx410_ffd_2.npy,modelnet40c_processed,12416,b542b8fc66b992c1fe3611af2a6f20fcbf54c79e9885b444a4a032d533b18696
1449,modelnet40c_processed/sofa/ffd/M40C_sofa_idx410_ffd_3.npy,modelnet40c_processed,12416,c1face8059a1b64301bd39e38c7ade202e70a3283632ef442dcf0d027691d2f5
1450,modelnet40c_processed/sofa/ffd/M40C_sofa_idx410_ffd_4.npy,modelnet40c_processed,12416,93217802c5fa994aecbcc2a76fe5feb9a11fba85530e107884b2ed12bd9b19a0
1451,modelnet40c_processed/sofa/ffd/M40C_sofa_idx410_ffd_5.npy,modelnet40c_processed,12416,1fd0da8cd2950889f5edb1666f901c114e1ff916c836d1648152ff340971bea8
1452,modelnet40c_processed/sofa/M40C_sofa_idx410_REF_0.npy,modelnet40c_processed,12416,a0269965992eed5b7726f45cad47558e6d1a0f6eaa59e89fa608f969bb79c632
1453,modelnet40c_processed/sofa/gaussian/M40C_sofa_idx410_gaussian_1.npy,modelnet40c_processed,12416,ccc31c3a59c8477d1b0774c29178d6abfd69ff4e918ec0a49adde34df6a32803
1454,modelnet40c_processed/sofa/gaussian/M40C_sofa_idx410_gaussian_2.npy,modelnet40c_processed,12416,f37cb9733819b5b7c68abc8cbd6e126e79d5223569d2cc42c93c9546ffec3955
1455,modelnet40c_processed/sofa/gaussian/M40C_sofa_idx410_gaussian_3.npy,modelnet40c_processed,12416,84aa94e00e16a073be32b4e73f408c88e7116e881d0a94c300549c33049876d5
1456,modelnet40c_processed/sofa/gaussian/M40C_sofa_idx410_gaussian_4.npy,modelnet40c_processed,12416,7798304145c0fee9b6f0f15de0f938a8a0f5be5edec48f14e3fa4473a472d97e
1457,modelnet40c_processed/sofa/gaussian/M40C_sofa_idx410_gaussian_5.npy,modelnet40c_processed,12416,8be75abccdecb170fec74875292a11e8196baac0d9d431a26cb4c80271eb3869
1458,modelnet40c_processed/sofa/impulse/M40C_sofa_idx410_impulse_1.npy,modelnet40c_processed,12416,9f8cb6e5cf529f8b98e17cc574d66ef3f1e1555559cbe129bd53663fdca3a0ec
1459,modelnet40c_processed/sofa/impulse/M40C_sofa_idx410_impulse_2.npy,modelnet40c_processed,12416,b07b5933fb10a810d4432e312824a1adb5cb9980ea08c001c76349804646064d
1460,modelnet40c_processed/sofa/impulse/M40C_sofa_idx410_impulse_3.npy,modelnet40c_processed,12416,a94abe5e784207b2bad308fbac29305571e7cccd7fdf389db11ecfee87bbd043
1461,modelnet40c_processed/sofa/impulse/M40C_sofa_idx410_impulse_4.npy,modelnet40c_processed,12416,b76adc762a37c6142b3317faa9dab12e2b97a4910b9c68fe59314e9c7a2fcb7f
1462,modelnet40c_processed/sofa/impulse/M40C_sofa_idx410_impulse_5.npy,modelnet40c_processed,12416,bce7678773a8433feeae7b9faf1bc34e96482bfc472b08cc68e41c1c749d06b4
1463,modelnet40c_processed/sofa/inverse_rbf/M40C_sofa_idx410_inverse_rbf_1.npy,modelnet40c_processed,12416,4ec454f16bdc90f6c37cdf9637111eb05ece6855cec8c41e9cc9ecf041c44adb
1464,modelnet40c_processed/sofa/inverse_rbf/M40C_sofa_idx410_inverse_rbf_2.npy,modelnet40c_processed,12416,0c2a944b21b9c4ef07e3cb94949709904963615d7ed9dbc44a607dd5292c789f
1465,modelnet40c_processed/sofa/inverse_rbf/M40C_sofa_idx410_inverse_rbf_3.npy,modelnet40c_processed,12416,df116bb63d7002e1300ba8b2fe3034fe08c3d1cb0cc948dc3947444ecc75add9
1466,modelnet40c_processed/sofa/inverse_rbf/M40C_sofa_idx410_inverse_rbf_4.npy,modelnet40c_processed,12416,5f768bba7b3e7de4f4c6acbef8c62be1296683454c0f65c297947ba66e427590
1467,modelnet40c_processed/sofa/inverse_rbf/M40C_sofa_idx410_inverse_rbf_5.npy,modelnet40c_processed,12416,9ff5365e1249857f85bb506ccb9167388b9f0f914e65b13094ca96d5f2340964
1468,modelnet40c_processed/sofa/lidar/M40C_sofa_idx410_lidar_1.npy,modelnet40c_processed,9344,158aea7b581f9fea70328e7aa534bd2534e11e9234b14ba349b9587dda8a2bc0
1469,modelnet40c_processed/sofa/lidar/M40C_sofa_idx410_lidar_2.npy,modelnet40c_processed,9344,e794602a63b4d9a1541db2d0a300d298cb1020363079805a972aab978e52fd82
1470,modelnet40c_processed/sofa/lidar/M40C_sofa_idx410_lidar_3.npy,modelnet40c_processed,9344,a5b20cc3a6dffd387ff0edd9da167cb92abcfcfb32523ea4135f04b3f30e3d39
1471,modelnet40c_processed/sofa/lidar/M40C_sofa_idx410_lidar_4.npy,modelnet40c_processed,9344,afd34faf2e62b73b4ccc7b0da3d9f6ba65a3391bb0fc51986e65ee047b9d0f80
1472,modelnet40c_processed/sofa/lidar/M40C_sofa_idx410_lidar_5.npy,modelnet40c_processed,9344,28c63f2126e4e5c6d13c01e7a4efd87047e98f81606f5edde58a5571c2c31597
1473,modelnet40c_processed/sofa/local_density_dec/M40C_sofa_idx410_local_density_dec_1.npy,modelnet40c_processed,11516,1b4c38d45b9641e5101437dcc66ef555ce403b1b3dee182cf4a1a44b493e2f11
1474,modelnet40c_processed/sofa/local_density_dec/M40C_sofa_idx410_local_density_dec_2.npy,modelnet40c_processed,10616,524072974d0f41d01f48fbee4ecb00a7d458743d65614985f48158ec41230968
1475,modelnet40c_processed/sofa/local_density_dec/M40C_sofa_idx410_local_density_dec_3.npy,modelnet40c_processed,9716,3acb191ea2e99343263a5f485d5279666181ab96f60fc72c2b76628a14b43f9a
1476,modelnet40c_processed/sofa/local_density_dec/M40C_sofa_idx410_local_density_dec_4.npy,modelnet40c_processed,8816,bed390c7c385ed8e7f71a66d36b142c626f2d4c94ad756b62190442b3606cf36
1477,modelnet40c_processed/sofa/local_density_dec/M40C_sofa_idx410_local_density_dec_5.npy,modelnet40c_processed,7916,ab2631b4cbac8291b4e2b7a0ff45daeb8ef8413221cb5ff4a9893f53f551fb9c
1478,modelnet40c_processed/sofa/local_density_inc/M40C_sofa_idx410_local_density_inc_1.npy,modelnet40c_processed,12416,bcc5065c4d925a1c8427e0dd0a1d8a2172fb122f84757350d18aa8f0a35cd903
1479,modelnet40c_processed/sofa/local_density_inc/M40C_sofa_idx410_local_density_inc_2.npy,modelnet40c_processed,12416,cea5deb114028a8b9a608db6d9dfbb291ff961b5066adb227ce7354497e35f0e
1480,modelnet40c_processed/sofa/local_density_inc/M40C_sofa_idx410_local_density_inc_3.npy,modelnet40c_processed,12416,ec2b752e4cff5d56f009b378ce3d39519f5cc8d176fb6875691235eec0037a05
1481,modelnet40c_processed/sofa/local_density_inc/M40C_sofa_idx410_local_density_inc_4.npy,modelnet40c_processed,12416,d4f12345c0ca6e51bb5cbee613036e56670fbcf0e2e1398a21842595c6d119fd
1482,modelnet40c_processed/sofa/local_density_inc/M40C_sofa_idx410_local_density_inc_5.npy,modelnet40c_processed,12416,faf2b6cd5a794dedb1dfa3f6dc0d57f54481e32d421291356acf63c40546170f
1483,modelnet40c_processed/sofa/occlusion/M40C_sofa_idx410_occlusion_1.npy,modelnet40c_processed,12416,513991c05e56a16dc47c004d152ddb07de438e26b05d844c30884136baa53ab2
1484,modelnet40c_processed/sofa/occlusion/M40C_sofa_idx410_occlusion_2.npy,modelnet40c_processed,12416,9658541603b8193aaaa843e86872f55c8996aa89716967a2e9f67e4c13570002
1485,modelnet40c_processed/sofa/occlusion/M40C_sofa_idx410_occlusion_3.npy,modelnet40c_processed,12416,5d461177c73dfe388abf16f09efeb31a9abb2c07b88a215e943db9d477f51ae8
1486,modelnet40c_processed/sofa/occlusion/M40C_sofa_idx410_occlusion_4.npy,modelnet40c_processed,12416,f274d975143321ab800156d5da74b31edc31ccad818517a7c4ed9933b31d759d
1487,modelnet40c_processed/sofa/occlusion/M40C_sofa_idx410_occlusion_5.npy,modelnet40c_processed,12416,e88906eae2ce7901e0ba2a50727279a0374769e810b07bf456784071cc18f83c
1488,modelnet40c_processed/sofa/rbf/M40C_sofa_idx410_rbf_1.npy,modelnet40c_processed,12416,b5d9f489a2b19c1f58ef7869d1622bd4aba4ea8c77f0758803e676b74ebe6e5f
1489,modelnet40c_processed/sofa/rbf/M40C_sofa_idx410_rbf_2.npy,modelnet40c_processed,12416,5773630a62371de5969db8e8321fd0d1eae9f87e2e31b9c4d72683eef0a9f693
1490,modelnet40c_processed/sofa/rbf/M40C_sofa_idx410_rbf_3.npy,modelnet40c_processed,12416,e509034c90a8db2459193cd4c96c1ddc240ef6df1510fd214d3c2c7b62e74dc4
1491,modelnet40c_processed/sofa/rbf/M40C_sofa_idx410_rbf_4.npy,modelnet40c_processed,12416,c77d1f8adcea33f95c0d58952adc4b067b6cb9710378b581f36da0f34b54e89b
1492,modelnet40c_processed/sofa/rbf/M40C_sofa_idx410_rbf_5.npy,modelnet40c_processed,12416,90b914e1c70faa1728719e1d24ec24b481a9cbd8059abcaaf91896fa935a9517
1493,modelnet40c_processed/sofa/shear/M40C_sofa_idx410_shear_1.npy,modelnet40c_processed,12416,f445d60d5fa84165a2c7b1e369ee92e8ee5b2dafd12d0fbc4c48b199f86336c6
1494,modelnet40c_processed/sofa/shear/M40C_sofa_idx410_shear_2.npy,modelnet40c_processed,12416,5d4b772d905978b2edbb2d7a2648479dd8106c2d2cc23f562e8da5f044fb975d
1495,modelnet40c_processed/sofa/shear/M40C_sofa_idx410_shear_3.npy,modelnet40c_processed,12416,3eaeefec28ca202da0c4554c4aad79bed4c3c3f4a862d295c2cc2448d749d28f
1496,modelnet40c_processed/sofa/shear/M40C_sofa_idx410_shear_4.npy,modelnet40c_processed,12416,5d4fcece7bdba3520567e7d21467892f420604b0467e06a8184e5e13a122da18
1497,modelnet40c_processed/sofa/shear/M40C_sofa_idx410_shear_5.npy,modelnet40c_processed,12416,88921aaa3715b4e1b8e5e87191c2fbb534b1bdbc3c4680d229483e4d51bb6552
1498,modelnet40c_processed/sofa/uniform/M40C_sofa_idx410_uniform_1.npy,modelnet40c_processed,12416,8230c3f984920958d0fe3921ed4100823c5e71fd787d2678ec5c7371908a19f3
1499,modelnet40c_processed/sofa/uniform/M40C_sofa_idx410_uniform_2.npy,modelnet40c_processed,12416,a7f084338cc760eda6f06fa91a3a77c4d9859d04da925936b557d4c8fb3d3f71
1500,modelnet40c_processed/sofa/uniform/M40C_sofa_idx410_uniform_3.npy,modelnet40c_processed,12416,f6765f1ad1cafd6d9ae03f1692ae495fb12ef0569decdba1e96b6085c3fdeca1
1501,modelnet40c_processed/sofa/uniform/M40C_sofa_idx410_uniform_4.npy,modelnet40c_processed,12416,2d42faa5740c31b4bd793b2ceb5ee309e22574ce583f9dec299113f3dd719834
1502,modelnet40c_processed/sofa/uniform/M40C_sofa_idx410_uniform_5.npy,modelnet40c_processed,12416,1140536228dcaab540b748b78c6d4545650be0e0f66f7a4ae89fa493eac6041a
1503,modelnet40c_processed/sofa/upsampling/M40C_sofa_idx410_upsampling_1.npy,modelnet40c_processed,14864,b80e948976548f7b944e3e4681bbbbbc08d374d8ab6af54ee8d98b3bf9f49903
1504,modelnet40c_processed/sofa/upsampling/M40C_sofa_idx410_upsampling_2.npy,modelnet40c_processed,15488,3e75ef9752113d67da1277b9a4d98378a72e4b6da9f4776acc5d147b64346b87
1505,modelnet40c_processed/sofa/upsampling/M40C_sofa_idx410_upsampling_3.npy,modelnet40c_processed,16508,079b2d7d502c45c8c3c5e826b672948e420a2506350d7f563c3ec0e9c1c96c98
1506,modelnet40c_processed/sofa/upsampling/M40C_sofa_idx410_upsampling_4.npy,modelnet40c_processed,18560,f601a03d26051f0aedde3c352feaa789312fa185d244da22f1390250a4d0a1f0
1507,modelnet40c_processed/sofa/upsampling/M40C_sofa_idx410_upsampling_5.npy,modelnet40c_processed,24704,402af3bf50baab6485764f2ce5febb1f7f7ddb0a348c116c592fc1fb1081d0c2
1508,modelnet40c_processed/table/background/M40C_table_idx2221_background_1.npy,modelnet40c_processed,12680,05c6b4491820834701f96d0dede41e861734d4d49151e943e24c0ca429f6176a
1509,modelnet40c_processed/table/background/M40C_table_idx2221_background_2.npy,modelnet40c_processed,12716,4a2bb94c1f99c28b703e7053a5aa41bd0d549852dcdaf47bf2a5e1dda26d27d0
1510,modelnet40c_processed/table/background/M40C_table_idx2221_background_3.npy,modelnet40c_processed,12764,4128b3d942c29e069eb3be5e3b9f42a1606fbac344ee55dbfeb3ae301fbc27e0
1511,modelnet40c_processed/table/background/M40C_table_idx2221_background_4.npy,modelnet40c_processed,12824,452a77f5856b7a6ac1256bce729b7da74a2d6e3d66d8e26702593d4241e9b39a
1512,modelnet40c_processed/table/background/M40C_table_idx2221_background_5.npy,modelnet40c_processed,13028,d4793279c6d9bcbaa853308f39f0fc029ebeb39a1c73c38d9b7ca0f8f8a36174
1513,modelnet40c_processed/table/cutout/M40C_table_idx2221_cutout_1.npy,modelnet40c_processed,11696,6e7d249d25f2e58a36a7bb55ac14ee31107497cee243c0f5452fcd999a5418e3
1514,modelnet40c_processed/table/cutout/M40C_table_idx2221_cutout_2.npy,modelnet40c_processed,11336,dcbd2539138db9c63705ebd32dfacf18dba072d6c186f36da23c0db1a2f4814c
1515,modelnet40c_processed/table/cutout/M40C_table_idx2221_cutout_3.npy,modelnet40c_processed,10616,975da9537506035bdc43f260e96500ef989f2fa0b001866fc034cf2210eff188
1516,modelnet40c_processed/table/cutout/M40C_table_idx2221_cutout_4.npy,modelnet40c_processed,9896,fa7376610e61ef7d7054d723e98585f8b5dc30f0255f398b2b62c6cfee7a8e1f
1517,modelnet40c_processed/table/cutout/M40C_table_idx2221_cutout_5.npy,modelnet40c_processed,8816,77b0c2e80a5e3519832c60d2fca3258fe81aac0864cd3b48cdd03d2f5bcfb81c
1518,modelnet40c_processed/table/ffd/M40C_table_idx2221_ffd_1.npy,modelnet40c_processed,12416,3f6921a1b66f38bca04c684662a590881aefb2936bf4a825baef2f4005c2586a
1519,modelnet40c_processed/table/ffd/M40C_table_idx2221_ffd_2.npy,modelnet40c_processed,12416,2c9852337cf246c5b96250afdb55bc5cbb4557a407aff3d705187b7d9731219a
1520,modelnet40c_processed/table/ffd/M40C_table_idx2221_ffd_3.npy,modelnet40c_processed,12416,61b6035d682aac792e7bc65c21cfbc640dda0b63dc9f8882b72839def283ab8c
1521,modelnet40c_processed/table/ffd/M40C_table_idx2221_ffd_4.npy,modelnet40c_processed,12416,6cf87bd2aeb3d63e13f72e006364a2054b2685ddf73e99ef55f9295931c27a17
1522,modelnet40c_processed/table/ffd/M40C_table_idx2221_ffd_5.npy,modelnet40c_processed,12416,139e61d3cea68531cf4ff12c5cdf501461730b91a7fea471f7e86159543cfd89
1523,modelnet40c_processed/table/M40C_table_idx2221_REF_0.npy,modelnet40c_processed,12416,c1278311b9f519f97951a664edcbb969fda13559a871a9870af647dfcc5f5811
1524,modelnet40c_processed/table/gaussian/M40C_table_idx2221_gaussian_1.npy,modelnet40c_processed,12416,6be92f4bc9f669175ebf15b346c14cc518f9c140627160daa0cfbd86c3b051f0
1525,modelnet40c_processed/table/gaussian/M40C_table_idx2221_gaussian_2.npy,modelnet40c_processed,12416,d57b7c93e46158a808bc666a5e2edfad6032e7dc3dddae097da8492bb34ad6bd
1526,modelnet40c_processed/table/gaussian/M40C_table_idx2221_gaussian_3.npy,modelnet40c_processed,12416,1b18519f3218c8a3dc95949058ab549d33c0edda87118479256a0df51d3b876b
1527,modelnet40c_processed/table/gaussian/M40C_table_idx2221_gaussian_4.npy,modelnet40c_processed,12416,2b4ce8189ab4bee01b2f0bbbdc479ba61d68f913c56f4347cd86643b5845e8b4
1528,modelnet40c_processed/table/gaussian/M40C_table_idx2221_gaussian_5.npy,modelnet40c_processed,12416,f9ca8b445c70f6a7b04dfc528ebaae64919600227abd0206991ddb5cd5346e5e
1529,modelnet40c_processed/table/impulse/M40C_table_idx2221_impulse_1.npy,modelnet40c_processed,12416,0fb297b056aa762cf4945e61b20549d87be4d49810df65cd656f90ae03185f1e
1530,modelnet40c_processed/table/impulse/M40C_table_idx2221_impulse_2.npy,modelnet40c_processed,12416,aeccc310f7a8183a445e5254814300b43c489930449c9d980ec7769b148baf6a
1531,modelnet40c_processed/table/impulse/M40C_table_idx2221_impulse_3.npy,modelnet40c_processed,12416,65a8574193aa1ce33a2742c807968b0023dd5a00778afbb44236223b2f99e256
1532,modelnet40c_processed/table/impulse/M40C_table_idx2221_impulse_4.npy,modelnet40c_processed,12416,876def81336415144a84a22483e6a8de897c4031bb346cb841e8eb44261e276f
1533,modelnet40c_processed/table/impulse/M40C_table_idx2221_impulse_5.npy,modelnet40c_processed,12416,bca119f28d3e183c728110c3901d5f11f371fd1e359d53f4488e24059dcef2f2
1534,modelnet40c_processed/table/inverse_rbf/M40C_table_idx2221_inverse_rbf_1.npy,modelnet40c_processed,12416,61ff435948ade2b765bbf6e087cc3965ce7a496052b260b639cdf6a380310d63
1535,modelnet40c_processed/table/inverse_rbf/M40C_table_idx2221_inverse_rbf_2.npy,modelnet40c_processed,12416,3c3f12c7e1db05efbf792b9649b91f3089ce54ac46cbff07ff7f15ca2bf511c9
1536,modelnet40c_processed/table/inverse_rbf/M40C_table_idx2221_inverse_rbf_3.npy,modelnet40c_processed,12416,362706cba2e3ef2d590834b0e84af6e4b53ce182960f3739fa3797ae1a1aadc0
1537,modelnet40c_processed/table/inverse_rbf/M40C_table_idx2221_inverse_rbf_4.npy,modelnet40c_processed,12416,847718ca87cac9c2856554be2ba524d719d358abf9bdadb220fe79066e1309b8
1538,modelnet40c_processed/table/inverse_rbf/M40C_table_idx2221_inverse_rbf_5.npy,modelnet40c_processed,12416,78feb1dc2b942b49a22a0682ebcabdb2c27684e0dd7c62578eeb96313296ec6d
1539,modelnet40c_processed/table/lidar/M40C_table_idx2221_lidar_1.npy,modelnet40c_processed,9344,07b0660c8b73d2e7aebad85734ef42d565392adeee5895476610246ac2f1f1ac
1540,modelnet40c_processed/table/lidar/M40C_table_idx2221_lidar_2.npy,modelnet40c_processed,9344,3c7ac0458ca93de67ba2b850805a5088a481c22ec58159cdf482d5c7f6c1067d
1541,modelnet40c_processed/table/lidar/M40C_table_idx2221_lidar_3.npy,modelnet40c_processed,9344,f6bcaf798e2e1a2bb0b3e87cd6ec0ac81118afb40c395b6a6dd95a7cdc67d0b7
1542,modelnet40c_processed/table/lidar/M40C_table_idx2221_lidar_4.npy,modelnet40c_processed,9344,ea2a10d08e49f3a67ae1c3d3919cb5c1d6abf4b16a62b73e4d5ccea8a9aa7bd8
1543,modelnet40c_processed/table/lidar/M40C_table_idx2221_lidar_5.npy,modelnet40c_processed,9344,5c984a31cb3a9386e362bd9e51f78cbe43fd98e1bbf3e5202bcb32685c08c867
1544,modelnet40c_processed/table/local_density_dec/M40C_table_idx2221_local_density_dec_1.npy,modelnet40c_processed,11516,4e5d558c1b77396a33b54eb1387e967627e955db9b6233e8e3694f3bff3589ec
1545,modelnet40c_processed/table/local_density_dec/M40C_table_idx2221_local_density_dec_2.npy,modelnet40c_processed,10616,b3ad59f2d80c36cb566ec4d0cc5cd2a174315ad804e980e3eb3973a8f3ee02da
1546,modelnet40c_processed/table/local_density_dec/M40C_table_idx2221_local_density_dec_3.npy,modelnet40c_processed,9716,d815f2db94419fd7d630517941bc927ebee8a3b7e97f55718398df5056862543
1547,modelnet40c_processed/table/local_density_dec/M40C_table_idx2221_local_density_dec_4.npy,modelnet40c_processed,8816,770a1d3f2f4e680925e35ff575d85409f7be8b250f0bc3500c2c72e80eebdc1a
1548,modelnet40c_processed/table/local_density_dec/M40C_table_idx2221_local_density_dec_5.npy,modelnet40c_processed,7916,2044339e4fa7a3754e5b74594e879a0a66ef964a241f09a1f1d8423bf078d9a5
1549,modelnet40c_processed/table/local_density_inc/M40C_table_idx2221_local_density_inc_1.npy,modelnet40c_processed,12416,633a8007b3060811002dc46f15e54c601b2bfd8457f714b152f409fac8955e0c
1550,modelnet40c_processed/table/local_density_inc/M40C_table_idx2221_local_density_inc_2.npy,modelnet40c_processed,12416,bd6b85b0f39bb8165b3e5d8b4d3de751324ccb5e55f6a2956f3a0e1d56fd95dd
1551,modelnet40c_processed/table/local_density_inc/M40C_table_idx2221_local_density_inc_3.npy,modelnet40c_processed,12416,bb611702e1baa941d5d18f89f3e513fe8d747be185254ee14ae91822b4531240
1552,modelnet40c_processed/table/local_density_inc/M40C_table_idx2221_local_density_inc_4.npy,modelnet40c_processed,12416,28e8650d970dae7b8d0cf327eac6aff5dd79b5b73685fee92e4d5b0249540fdd
1553,modelnet40c_processed/table/local_density_inc/M40C_table_idx2221_local_density_inc_5.npy,modelnet40c_processed,12416,50258ba01c9e3cad2c8c18318b2f81f403a5add95bd97a4c2b50283b70dd8ed8
1554,modelnet40c_processed/table/occlusion/M40C_table_idx2221_occlusion_1.npy,modelnet40c_processed,12416,648e47e2c70509cefb3b971d3701b3e4346b53bc2fed81c56a55e570934a0a2a
1555,modelnet40c_processed/table/occlusion/M40C_table_idx2221_occlusion_2.npy,modelnet40c_processed,12416,28465662b751c2063cfd844fc8a6ee682fcd05bd2aa8c09357de415901a24762
1556,modelnet40c_processed/table/occlusion/M40C_table_idx2221_occlusion_3.npy,modelnet40c_processed,12416,4f2d5214372d0a81542b06428e6dc2a4d599210acf69b2a395bfc200dad28100
1557,modelnet40c_processed/table/occlusion/M40C_table_idx2221_occlusion_4.npy,modelnet40c_processed,12416,500acfd5002fd794c08e93c7dd8eefade09a9e740c4e0295125065c85f219305
1558,modelnet40c_processed/table/occlusion/M40C_table_idx2221_occlusion_5.npy,modelnet40c_processed,12416,fe792da4d7ba179ec509e8a4fb03a22aec738cfa0d8e390fff39762c9ed3a991
1559,modelnet40c_processed/table/rbf/M40C_table_idx2221_rbf_1.npy,modelnet40c_processed,12416,088ebfb743220a73bea42ee5d03bd94ac766698dbf9f3e83417b071f909eed0e
1560,modelnet40c_processed/table/rbf/M40C_table_idx2221_rbf_2.npy,modelnet40c_processed,12416,e65a12f1cd4a77f9ac054f1088ea7703c06c6f609ab9815d91e236e4cb0b509b
1561,modelnet40c_processed/table/rbf/M40C_table_idx2221_rbf_3.npy,modelnet40c_processed,12416,338d6f6e54370fffb5ff43b89a19f4065585e141ed4697500939d1709e46f9c9
1562,modelnet40c_processed/table/rbf/M40C_table_idx2221_rbf_4.npy,modelnet40c_processed,12416,92051fe233c4ad6f03205420c1b9b07ca74edbd212118b8ec71612241095d7f4
1563,modelnet40c_processed/table/rbf/M40C_table_idx2221_rbf_5.npy,modelnet40c_processed,12416,0c54f3b2f584e69d1863af885b49c3bfbf10f281c2225750db806904fa7c3d9a
1564,modelnet40c_processed/table/shear/M40C_table_idx2221_shear_1.npy,modelnet40c_processed,12416,bca138839241c2c0e7781f7bf253a63760d355578b132434a898152cf791b285
1565,modelnet40c_processed/table/shear/M40C_table_idx2221_shear_2.npy,modelnet40c_processed,12416,45141d6da74a9383347af1fad9629d45a6f03a57362741b4e3d4066d6dae5a39
1566,modelnet40c_processed/table/shear/M40C_table_idx2221_shear_3.npy,modelnet40c_processed,12416,0d05667f5d199da091c704174378d68ed1d6d984765920059dfdd4e3acfca062
1567,modelnet40c_processed/table/shear/M40C_table_idx2221_shear_4.npy,modelnet40c_processed,12416,07b4250d42f84db094baa95ec05a963ae070a66a00c08e1858f6b4f55f501a33
1568,modelnet40c_processed/table/shear/M40C_table_idx2221_shear_5.npy,modelnet40c_processed,12416,8285d08d7e0f867948bb542c0822671ec8df48d35b44a62a8b8c5bb61df4e723
1569,modelnet40c_processed/table/uniform/M40C_table_idx2221_uniform_1.npy,modelnet40c_processed,12416,4ea7b691894c0819de98f5e1169c3f8fce3db96dfb3d4212d65675cb00636cfd
1570,modelnet40c_processed/table/uniform/M40C_table_idx2221_uniform_2.npy,modelnet40c_processed,12416,0ed702b93261ab258a86b9759d3134542fa79128675e5929916eb98732eb1a6b
1571,modelnet40c_processed/table/uniform/M40C_table_idx2221_uniform_3.npy,modelnet40c_processed,12416,e0f2f1afa106f8f137475afbd65e44cbc6e25bbf09da3732582ccd8de1b1b09c
1572,modelnet40c_processed/table/uniform/M40C_table_idx2221_uniform_4.npy,modelnet40c_processed,12416,f15f8e3ef5b6e19b30c660e49f257146573b28d754dead76a77749fad360f467
1573,modelnet40c_processed/table/uniform/M40C_table_idx2221_uniform_5.npy,modelnet40c_processed,12416,f140d332336a0f64190051fee68549510a737d2458df2db941f4333b2e39f308
1574,modelnet40c_processed/table/upsampling/M40C_table_idx2221_upsampling_1.npy,modelnet40c_processed,14864,7686601ac07728f105acc495d2ca30262435194d9eef8968c3e41a1236e08906
1575,modelnet40c_processed/table/upsampling/M40C_table_idx2221_upsampling_2.npy,modelnet40c_processed,15488,bfc998f5e5eaf184be41f1ab18cd21567cca9fbb2885c5b903a1276550076611
1576,modelnet40c_processed/table/upsampling/M40C_table_idx2221_upsampling_3.npy,modelnet40c_processed,16508,bcb431f9d5acb5aa5f51aa147d3a70926b9a71415f8c46a26fc301b5df23345d
1577,modelnet40c_processed/table/upsampling/M40C_table_idx2221_upsampling_4.npy,modelnet40c_processed,18560,f884589ce1718afaa12b3c669ff4e4fb4cfb2492ecadc8936e1a5a2b6ec370e5
1578,modelnet40c_processed/table/upsampling/M40C_table_idx2221_upsampling_5.npy,modelnet40c_processed,24704,f7d0ac36f9127652c36ee1845e9556539abf1924fdfd5772c396d5473ecfde08
1579,scanobjectnn/bag_00001.ply,scanobjectnn,49299,13410f3b722ac940d471089026ea08b7e175daac469c2223d6eeaf32f61e0574
1580,scanobjectnn/bag_00003.ply,scanobjectnn,49299,cd860ac341c20175cb818e5345702794571a9134e24ba4de15e11153580faee9
1581,scanobjectnn/bag_00006.ply,scanobjectnn,49299,9c5ffc2673f62101d4dbff40bc7500ee79869e7699618b27e03a29006b4d844d
1582,scanobjectnn/bag_00008.ply,scanobjectnn,49299,10a02be108ecb7eea43d1b19c19059678065962788f26f8877736698cb985277
1583,scanobjectnn/bag_00009.ply,scanobjectnn,49299,d79d5466ca5570b05ae466edc5af2789befdc297ca70a4958717e62a006c9361
1584,scanobjectnn/bag_00010.ply,scanobjectnn,49299,c78705c15ea437cc31668b48e8ed517e390ed4809f5ddefa4f5b2cb9c029ecc9
1585,scanobjectnn/bag_00013.ply,scanobjectnn,49299,1dc00d9e758b40a70975ec9d8f22707dfbcdad734e9d9805e62b809f4d9692f7
1586,scanobjectnn/bag_00014.ply,scanobjectnn,49299,168b758bf9a8a1cc6aeeb438ad17fc5f4e81cd8c13038d0b0957801fc4c99de9
1587,scanobjectnn/bag_00015.ply,scanobjectnn,49299,dbe340987d6913427d7a0579f8afc5a0d161bab025270aa2cca257be6db7dc29
1588,scanobjectnn/bag_00016.ply,scanobjectnn,49299,51d749d11c0dd9ad849a41ff27e1645440bc1f968ade7ac56dfcb8c067f8d40b
1589,scanobjectnn/bed_00455.ply,scanobjectnn,49299,3dafb1a34a2fc8a3335c8560e84d5c35838be93dfaaaa7149730980f5daa10ae
1590,scanobjectnn/bed_00456.ply,scanobjectnn,49299,cd46987a65b051f3c54b102c337dcfc535059d7a24ed45c34803e61ac0329a56
1591,scanobjectnn/bed_00457.ply,scanobjectnn,49299,fdad7e6f325e8493c85d896ebee1a03f5e7574c4a7a1e95bb82fb0d56e5b9ee9
1592,scanobjectnn/bed_00458.ply,scanobjectnn,49299,4dc81928d00118ba7de92f82b3f4185f254230a487e2900e271c29fb8a59f8c6
1593,scanobjectnn/bed_00459.ply,scanobjectnn,49299,c16853f55c4b5f72522c778f2f0e2b12d226291cb2130c14c45dfc7860a152d1
1594,scanobjectnn/bed_00460.ply,scanobjectnn,49299,8b6c1998543fcdf0900ab67109c3cc2ee58709c6788b0e536cb18ce0118e49c7
1595,scanobjectnn/bed_00461.ply,scanobjectnn,49299,aa558c2234fc935dfe3a1871daaedc7d76bf2e9ec4d7db09efebc96994d500a0
1596,scanobjectnn/bed_00462.ply,scanobjectnn,49299,f671eb4d3909fd22cb438514f8317accb239ca32a4d68a040159d0e3d327e064
1597,scanobjectnn/bed_00463.ply,scanobjectnn,49299,1c3281bc948eead9cff9407bb042f848f0c22bfcf1080ba5ae08401b556cfebf
1598,scanobjectnn/bed_00464.ply,scanobjectnn,49299,f03a28837739d47c71a5ead166928648f8c2ceb776f8c76e71dca56e8c8afc69
1599,scanobjectnn/bed_00465.ply,scanobjectnn,49299,bef90745bc68e9033441e9af3630da49e9138e0f88a72c22911972ae90b051a8
1600,scanobjectnn/bed_00466.ply,scanobjectnn,49299,2a6a203478bd9d8d1859e87d3dbf038855b26a4c3320f4a6cebe9416fc20df52
1601,scanobjectnn/bed_00467.ply,scanobjectnn,49299,10cee941f437f36ec30da14da69021e51f2411e69b40d47ae38e43e2b741116e
1602,scanobjectnn/bed_00468.ply,scanobjectnn,49299,72b6a285e3322a6d49764483e286f508b9d69db8fae398f33e6c122eeeeb2d4e
1603,scanobjectnn/bed_00469.ply,scanobjectnn,49299,2125efc27f8ecee2153d36a6359aec9d2928c23a4e55f32971d153f5abcc3160
1604,scanobjectnn/bed_00470.ply,scanobjectnn,49299,8ceb1591ee154ed86a1eb7a2f92b762f3329f0f48bab41f18398adb65e75847a
1605,scanobjectnn/bed_00471.ply,scanobjectnn,49299,758a4007bbc11ea868a9a3c6cea14a953b6b254827f066ee8dd1748434e2e5df
1606,scanobjectnn/bed_00472.ply,scanobjectnn,49299,a8565156d65f79b7f73b36fc3622b1d82e7e16f940aefb9c32df69f059972254
1607,scanobjectnn/bed_00473.ply,scanobjectnn,49299,f79c4d0eb3b6e595626ba9b67929b8b7fe107ef7ae543f194a09541fb5af6429
1608,scanobjectnn/bed_00474.ply,scanobjectnn,49299,31d3b6a9f5323bd83112f95f13239e565b061600994748aa3d8e0ebdaea6e8c6
1609,scanobjectnn/bed_00475.ply,scanobjectnn,49299,167fb8eb5c3aec457bb263163510f6d9cc5e948e31a033178ae9812cf44acf5e
1610,scanobjectnn/bed_00476.ply,scanobjectnn,49299,7457cb41171fd906d0bce5f7cdcba99e7bd686fe173b21d02e3597ea0e668c40
1611,scanobjectnn/bin_00017.ply,scanobjectnn,49299,f04658cd1716eec78dc950a934699148e7adf2bf94981670293b6b8093c8f9a9
1612,scanobjectnn/bin_00022.ply,scanobjectnn,49299,74633f3ee868d5a861a8e179c9ab10dce673788aa2d486386b18b18d1bba6b8b
1613,scanobjectnn/bin_00024.ply,scanobjectnn,49299,c7f89c60031f146bbb1f3c3ed41753c1262ba0bac48042e90a44e25ab8d656bf
1614,scanobjectnn/bin_00032.ply,scanobjectnn,49299,677c5ad53f7a8236451bc884cccbe3ae379dad6b8e736ea245fb9e7bed8b1257
1615,scanobjectnn/bin_00035.ply,scanobjectnn,49299,3a33e322cd7aa3509b06651f42ebb60cbb8f1d2de5c6eda4f637031758543d60
1616,scanobjectnn/bin_00043.ply,scanobjectnn,49299,b2b7d26fcb8fa640470cd16814df9617a7618d140cea915defca975a57f8a51c
1617,scanobjectnn/bin_00045.ply,scanobjectnn,49299,91f07e47ae9108b136d700f582b3a31e47fb8155b5abcc4b2850c59c7859680e
1618,scanobjectnn/bin_00048.ply,scanobjectnn,49299,45df1cb7476619cc105d99829e7dc3bcf35b344ca20e19b3c8adb3b9289f3a57
1619,scanobjectnn/bin_00052.ply,scanobjectnn,49299,14f7ce461bec83d2e9af89cc07287122bd31933e3a5e9481205bf6ab8124267c
1620,scanobjectnn/bin_00053.ply,scanobjectnn,49299,c53c67328668b9aa94456f26c80b6ad3071c8d1f81e1521e10227211c93cac23
1621,scanobjectnn/box_00057.ply,scanobjectnn,49299,38686d03a30ff62f632daf8db693366f8ff80eafe3e4eb05c6de4b2819d06bfd
1622,scanobjectnn/box_00060.ply,scanobjectnn,49299,e4bbf20b1e228afb7debefb80cfaf3395dd9caf4aece6e0793903692b98b3a04
1623,scanobjectnn/box_00063.ply,scanobjectnn,49299,a1acdd15a87fa1e86d713c258a40e2b77fa2a8d55b4d1c035f8d0b17ec60bfe4
1624,scanobjectnn/box_00065.ply,scanobjectnn,49299,9de97e358bd0bd967990f94b9fcd0e9ae5dc99d0bde22dd5f543702d89e54678
1625,scanobjectnn/box_00067.ply,scanobjectnn,49299,2a36af1fda7e7a491d5b645173545c9f0120ec98bcc0d512f602745133b825be
1626,scanobjectnn/box_00069.ply,scanobjectnn,49299,66e4c702659b1c0407cc165afe109f726d99a9be32f6373ac8b844e7c4ddfe0a
1627,scanobjectnn/box_00071.ply,scanobjectnn,49299,534b4d41d3a0b692feaddff674ebd0ec858adfddd61367ee54d8ecb760d793f5
1628,scanobjectnn/box_00072.ply,scanobjectnn,49299,049e9ffc056e51c5923e91a188a006d4d5a6762e9f619e91452ff47cb809efeb
1629,scanobjectnn/box_00078.ply,scanobjectnn,49299,39cf674bf21b93fd37cde3f9ce85f6dfc1cdbc6c4c2af2195dd8ab53f59862c2
1630,scanobjectnn/box_00081.ply,scanobjectnn,49299,dcd0f6ec69bd581cdc203cc9dcc83ec6e2c87ea47b6208230dadb0c782ebd786
1631,scanobjectnn/cabinet_00086.ply,scanobjectnn,49299,ac03a339ec1bea969af47042f123f584d1b6aa4d9f5e995e6d5574546174d4af
1632,scanobjectnn/cabinet_00090.ply,scanobjectnn,49299,fc7d5f7423f4ca047cb1321bc360d72d0284336c0a8504ed0d1982d219214942
1633,scanobjectnn/cabinet_00094.ply,scanobjectnn,49299,1d1a5ef04d87dfba8d471b97561fc5037e5e878b7a53f7a5e37dfc66ddb59097
1634,scanobjectnn/cabinet_00096.ply,scanobjectnn,49299,efa1f0192eb5f56ae04c6c354aa3d9e61d3acf93fe07112f64cbaeee4f0e6606
1635,scanobjectnn/cabinet_00103.ply,scanobjectnn,49299,b9103684077d346035a9a768a0151133577ceaaba6379dbaeb65a1a160f0a4a7
1636,scanobjectnn/cabinet_00108.ply,scanobjectnn,49299,b1d4a2aab5b37f411e8b57a5c5734bdb2bcee46c5162128f5431bda587ae3a0f
1637,scanobjectnn/cabinet_00110.ply,scanobjectnn,49299,4fceabcaa7a54828ac567e1706ec963a6d9bfb17d78477a0dc2a12d158d6177a
1638,scanobjectnn/cabinet_00112.ply,scanobjectnn,49299,7e6ccde890b30d89910b3433e77b4ebdfd7d25a6296f9cfe280171baf4e24456
1639,scanobjectnn/cabinet_00114.ply,scanobjectnn,49299,bbeda852251ce3e95ad5d4aaa15cf45b57eca43028a19b6b0be19314a56574f0
1640,scanobjectnn/cabinet_00121.ply,scanobjectnn,49299,6099486aab9a7d65bd2cb09127fc80e63f5e661515572967605a14a4779da9e2
1641,scanobjectnn/cabinet_00122.ply,scanobjectnn,49299,c3665a1f1fe39a7ec08571560c2b61ede48e1392257df609bd3c9903e3891a2c
1642,scanobjectnn/cabinet_00124.ply,scanobjectnn,49299,3ccb56f846d650c253f6087a8e57357eb32de24f2f94316e09be285300cdb681
1643,scanobjectnn/cabinet_00128.ply,scanobjectnn,49299,7c52c645ecb67850f01add59a30c32cf681dfe3ecd4ec2ff67a2af71611cdce2
1644,scanobjectnn/cabinet_00129.ply,scanobjectnn,49299,d715f41b48ef45b7c18c390f57cfcf1806e4e7a831f3dbbed3fba437833919d0
1645,scanobjectnn/cabinet_00130.ply,scanobjectnn,49299,ca28f4b78b4ffd4a43ed4c2e5019f307da867306c2f3ef7e563670ba69cd10fa
1646,scanobjectnn/cabinet_00133.ply,scanobjectnn,49299,f862cfdb552a37f98981066149a940cbd8d068ed297cba2b2d5cf93da95dd914
1647,scanobjectnn/cabinet_00139.ply,scanobjectnn,49299,688824d0a4db97cb1fe8b8d161cba225472ced9a195119acf78cc6a707efc76e
1648,scanobjectnn/cabinet_00143.ply,scanobjectnn,49299,fea5e411b772bd8c2d9b2d05275c905cce8f0f145742d6125211069363c1288d
1649,scanobjectnn/cabinet_00144.ply,scanobjectnn,49299,318eba984d1dfc5e2b1dcd83cc9c70eb1a70fdb277d2377e3178ffbb95fa0bac
1650,scanobjectnn/cabinet_00150.ply,scanobjectnn,49299,a14d1967d56326abb15c6fafbbda373d7006faa6dd5da1e83376e4ff7dc22cb3
1651,scanobjectnn/cabinet_00152.ply,scanobjectnn,49299,f2f2501e6b22d9038821dce515ba23180b889cad772ee75a4689246e09262a0e
1652,scanobjectnn/cabinet_00158.ply,scanobjectnn,49299,65fe54ab29adceb2d5393011e90b6fa50247d62802912a4fe16afbe631e13c05
1653,scanobjectnn/chair_00163.ply,scanobjectnn,49299,6bf95cc24bede81f31cc8a0a087d56d9f5c8cfdb1ff8118f4e76ff3d07bc6e55
1654,scanobjectnn/chair_00166.ply,scanobjectnn,49299,faace7b2adcc4e403199c7875d838f4c37e336609c9241a29a3d6fd606a98cd1
1655,scanobjectnn/chair_00167.ply,scanobjectnn,49299,403bf5af4f4d68524764f8cb381cbc8523dc2e4a53fb1984e42ae7c69245d946
1656,scanobjectnn/chair_00169.ply,scanobjectnn,49299,603b0a3513344cb6fdeb0ff6a5cc2d6cda365df3fd837a72f12b4d3878443d6a
1657,scanobjectnn/chair_00174.ply,scanobjectnn,49299,3c013e304745cadf9dcb633538c21b682ba068bee7f097c6637ccc75effa87ea
1658,scanobjectnn/chair_00176.ply,scanobjectnn,49299,29039e795ead0dc8fd2ca4df0cf45f094d8a2d88d249f60e8a00d174c82fd181
1659,scanobjectnn/chair_00187.ply,scanobjectnn,49299,1d2af2020a12b018ec635036550fd74e704b8c1e5a58065a4fdba26323ee4085
1660,scanobjectnn/chair_00188.ply,scanobjectnn,49299,0f409db9ff971e28bc09bdb6156541dfa94dbd114dfbea93968763030007a983
1661,scanobjectnn/chair_00190.ply,scanobjectnn,49299,3fdbd9ec2733de46f0bc954388c7ccde23da4e610bb117bf5a7324656642759a
1662,scanobjectnn/chair_00193.ply,scanobjectnn,49299,96f2574327a41e79e8b472af8c7bb265d4b1067b7057e3112fa10d82ec52e86f
1663,scanobjectnn/chair_00199.ply,scanobjectnn,49299,f9039b1c8bdac50120da6f43a7667cbd112c92a4e06d1eb26b51e4a4d0c0e9af
1664,scanobjectnn/chair_00200.ply,scanobjectnn,49299,7ed0fb425fc45481789a3791471d4ef8d126873c4bfc415c44bb13f27b321afa
1665,scanobjectnn/chair_00202.ply,scanobjectnn,49299,e0eab7cde599cc15531879c9b649af3fe76c7e03c9ff1b99327de5df173311a3
1666,scanobjectnn/chair_00205.ply,scanobjectnn,49299,f290e05ea16250356adffd400e9c35d0773f0c56acbe2d249638f3753e3cc61f
1667,scanobjectnn/chair_00210.ply,scanobjectnn,49299,2d1956ac1b43162907120da63b399be5f6c4ea471aad02ea218d2529fd8a2b18
1668,scanobjectnn/chair_00212.ply,scanobjectnn,49299,191b829b9ddeb12cfe21e9259b0eefaaa9e4de3120e569535955690e5f3adaec
1669,scanobjectnn/chair_00213.ply,scanobjectnn,49299,4a03b9ed4bb5347bf9712ce3071ed903566cbd9b2e7c5e2e0fd7c79c7e2a00a7
1670,scanobjectnn/chair_00214.ply,scanobjectnn,49299,57a117998954f8a95fd63548b03803161c2fec544f0058fd3a872d29d4fdc644
1671,scanobjectnn/chair_00216.ply,scanobjectnn,49299,5f9791c9896d9b3bbf9ffe82c70e3f7a29668890c2ba88d9a0e5580941155a27
1672,scanobjectnn/chair_00220.ply,scanobjectnn,49299,76606afde15bb94ecbb47291fd378c56e714be271dcfcda11463b7d8f7679eec
1673,scanobjectnn/chair_00221.ply,scanobjectnn,49299,3b2c9d689f2fb12b94865b21246229e5bf388813896c4e77de58b2e7d5d333b6
1674,scanobjectnn/chair_00222.ply,scanobjectnn,49299,ff0f74c433962f79f582214e1fd26c56adb50d90ebf45812b5b8c00cf433931e
1675,scanobjectnn/chair_00223.ply,scanobjectnn,49299,7b8ad1d6d9f488f69b33248f4efdf94acf242f06a2b0002a3496db692ef3d161
1676,scanobjectnn/chair_00224.ply,scanobjectnn,49299,3f32e1ff6e3ea2826d510b650ba7a44e6dc9321a44454e5466b4d0513362c745
1677,scanobjectnn/chair_00225.ply,scanobjectnn,49299,6f43d91c804be7fbca8e613e7ea25f806e3c2cedec4cf305f2042bd35b7046ae
1678,scanobjectnn/chair_00226.ply,scanobjectnn,49299,9bc8134503d69f3fceb628e52fe69f2baf944b34befc96991a79e4b2cc3da72f
1679,scanobjectnn/chair_00227.ply,scanobjectnn,49299,2dff73f404cdcdeeee223fae04ae5fe19d2626e499efa9c2cc5dcba221587b32
1680,scanobjectnn/chair_00229.ply,scanobjectnn,49299,04f0195fc3ef3f67e4c1175f950eb403ddb83cb4e487baac607ef74329ebf775
1681,scanobjectnn/chair_00230.ply,scanobjectnn,49299,4f9416630c1b7771520fa6b2a92a384eccf4223097cf195c05bb78affc2088f6
1682,scanobjectnn/chair_00232.ply,scanobjectnn,49299,5c54281cb95bbb24e55adcb782889e59d5087966e5215f5e461aea94aa8ff153
1683,scanobjectnn/chair_00235.ply,scanobjectnn,49299,8e610ce099c183a1f94b3b74fdb4ff7cb969e34eabf3d004fd2d9faa134714e4
1684,scanobjectnn/desk_00238.ply,scanobjectnn,49299,a27e7bfb503e16470be6b1032261a8a8a55a26a870d89013d283fae4fe3e83d4
1685,scanobjectnn/desk_00239.ply,scanobjectnn,49299,fe6d34668fb904c550f54329753a359a300864543e1479550a55c6537ba66b7d
1686,scanobjectnn/desk_00240.ply,scanobjectnn,49299,e0adee897783e65be57287e5f30bf0e8163d1afefdd9fe011ddc6350aa53dce0
1687,scanobjectnn/desk_00241.ply,scanobjectnn,49299,1e721c15a89b612f2e00a96f59ae9b8a6e16643a585848bdea206a7e40961e7a
1688,scanobjectnn/desk_00242.ply,scanobjectnn,49299,46d19cc8dca05381fdf80487f6c967934d7b33e660d669ed116e31179312994b
1689,scanobjectnn/desk_00243.ply,scanobjectnn,49299,0c67e03871dad910589ad70c747d13fd7d3668f82443949f11e22f0c37314261
1690,scanobjectnn/desk_00244.ply,scanobjectnn,49299,6517ce326abce10691824fda53778d8a39ed8ac3fc65a3bb867d0452d8e0a6ae
1691,scanobjectnn/desk_00245.ply,scanobjectnn,49299,c711638219f3c8fcfcc86737739518160670f1a546fea3384c2525e3d0b29589
1692,scanobjectnn/desk_00246.ply,scanobjectnn,49299,5a007ffc5429b876045d8bd1c911a1e198962b84384fe94ae936948fc56161c9
1693,scanobjectnn/desk_00247.ply,scanobjectnn,49299,cffe28dbc1900a6cd7b8c341bd5ac4fe352976cab9bff0c3ce255984d7c443c0
1694,scanobjectnn/desk_00248.ply,scanobjectnn,49299,70853ba8a84360d98d1ca41295c1561f541dc33570bf7a0b42361da3c9d9f9d5
1695,scanobjectnn/desk_00249.ply,scanobjectnn,49299,20a25ca17cbffb7670ecce7bb44ad838ee48dd275c8fdb56646728f4bc527731
1696,scanobjectnn/desk_00250.ply,scanobjectnn,49299,4a68ea71e030367d37c29bb294e47362f0b25a49eca542c8d67758195f0f6807
1697,scanobjectnn/desk_00251.ply,scanobjectnn,49299,07efd335720814f0d395c7cbefa09419f87e0d58202ac2816994f08bb7967865
1698,scanobjectnn/desk_00252.ply,scanobjectnn,49299,1dbf9cafd4fce43a424e6ad7e7b6a04562ba356de13a7405cb5c32e793fd2f9b
1699,scanobjectnn/desk_00253.ply,scanobjectnn,49299,371aa442a2d6ab93aba58c3cda5297d5cb33e0d546a9c094dd8655f95bc97483
1700,scanobjectnn/desk_00254.ply,scanobjectnn,49299,a7056c489a8979067cfa34372f4ea5f343ad96abc3aa1dbab077f1d8379c7fd2
1701,scanobjectnn/desk_00255.ply,scanobjectnn,49299,e4d10768f355bd555b8388ec0648bfb9c1916e3aaf702f11e3ac09beba9e466b
1702,scanobjectnn/desk_00256.ply,scanobjectnn,49299,e6185d6fd28795ed3254f7be6815287c73de028ff02457225d56aa077a6f5bb9
1703,scanobjectnn/desk_00257.ply,scanobjectnn,49299,679fce3f81a084f043c68bce551f4c369e4cd15fe94cdce9b6eb70a5899d74d1
1704,scanobjectnn/desk_00258.ply,scanobjectnn,49299,c020489706888a9bb81e1ff337263a67afc637e8072d7ab9432b41fa539b8351
1705,scanobjectnn/desk_00259.ply,scanobjectnn,49299,9aff19960f73019965005bf724db1fe3a8fa05e23ed55cdd6e133b73169dd6b4
1706,scanobjectnn/desk_00260.ply,scanobjectnn,49299,7230bc28d3d32ef361bdba0ab53660bff7fa685e42540745149b189f551f5d25
1707,scanobjectnn/desk_00261.ply,scanobjectnn,49299,4f2fb955788d4621cbef4f9bee1e9ef6ef08fb29eba5ddb583a396a1a06bdeeb
1708,scanobjectnn/desk_00262.ply,scanobjectnn,49299,34cb36d611f22a71175b9de5d07ce60374151daf9c7218d23d3e1b7ca1e513ae
1709,scanobjectnn/desk_00263.ply,scanobjectnn,49299,3076de20ebf55fbf0e9a1bda2c7e246c22af808ea63e304271c171182a706a12
1710,scanobjectnn/desk_00264.ply,scanobjectnn,49299,34f65c05deab66ff1a28d8400a5236c3c5cbc7c5f6c87886b664cd45b805975f
1711,scanobjectnn/desk_00265.ply,scanobjectnn,49299,19546bac14e22e664c06c11f4977f520f9c184ee7784747f4a1900c4608d2be4
1712,scanobjectnn/desk_00266.ply,scanobjectnn,49299,5170f9130244d54cabbd173a22e3546f0392edec80add22909f41f77a7b2a7db
1713,scanobjectnn/desk_00267.ply,scanobjectnn,49299,960afd3c119297d36a0f87f4656539872280e3798ff06b7865539b555b542da1
1714,scanobjectnn/display_00268.ply,scanobjectnn,49299,0a95727d3c0ace684509b8f901a30791e1cfe0acfd90744387bfa98bd712f8b4
1715,scanobjectnn/display_00269.ply,scanobjectnn,49299,0317ceadd8f0bb2ee6e0cbe533e281239260e5e55ea2ae5f4c8d0ea7bf0938b3
1716,scanobjectnn/display_00272.ply,scanobjectnn,49299,8dad6619f31ec5031c043d2106ed018ddbb115b307f7279d6d852804c8c1a2c3
1717,scanobjectnn/display_00274.ply,scanobjectnn,49299,ccae77c240f90db65a56f47ab419767553efc52847e42665d30218cbeba8cd28
1718,scanobjectnn/display_00275.ply,scanobjectnn,49299,d2cb69d72bb112d2ff3d04876d1aceaeab61b3777ba7b6606cd7ec30f9c5253c
1719,scanobjectnn/display_00276.ply,scanobjectnn,49299,09f7f8bdeb7f05850294ec3ce69b11bfafe74a53a9ee34039efdb97662a51a3a
1720,scanobjectnn/display_00277.ply,scanobjectnn,49299,808ca26ef3de00d8dce154b2a8b4e79a90d2d77d442f4f6680a02b66af7e8146
1721,scanobjectnn/display_00279.ply,scanobjectnn,49299,8123662faac75772dfee531ca3e91c43f85bb8722763795f90bfb63d7735aa16
1722,scanobjectnn/display_00280.ply,scanobjectnn,49299,a4523e2eadddd94daa5c68936d132152d9b6775ee36b513860d29eb3df7e8110
1723,scanobjectnn/display_00282.ply,scanobjectnn,49299,a5c44708a9f9031e4b8813afd6c11b76e0240221af5afc4f48be72d3a785f4f9
1724,scanobjectnn/display_00283.ply,scanobjectnn,49299,bbbe0cc1275aa7befd4f5c25059412052cee00699fcd8adfaa24297239696a62
1725,scanobjectnn/display_00284.ply,scanobjectnn,49299,aff3557a8b73d2c87cff2aa0430102b73d86ba31f3767ec6690bcb9d4e8461b4
1726,scanobjectnn/display_00287.ply,scanobjectnn,49299,768f5d0954b7a8b2a7b3a53485a9dc345b7f65496022612a2e13f3c43fc65b86
1727,scanobjectnn/display_00288.ply,scanobjectnn,49299,37c522e9682258b190c123720dab023ceb5f264a68e9628aac05f993e565016d
1728,scanobjectnn/display_00290.ply,scanobjectnn,49299,5b24b18434c624c001515df640b9f595d4c49b31be4c5535fc5b947752901b56
1729,scanobjectnn/display_00291.ply,scanobjectnn,49299,9d02a36b75c7e4c00451387b14f812770ca48d588588c3a02c486677464daf6f
1730,scanobjectnn/display_00293.ply,scanobjectnn,49299,fd89858c1b0d49d40cefb9d5469c91055e86edfd7c87f504e894f50384bc0d4f
1731,scanobjectnn/display_00294.ply,scanobjectnn,49299,d9457794a896aaed90fb9437b44d7690fd72b63380730ddcbe3287e531d23505
1732,scanobjectnn/display_00295.ply,scanobjectnn,49299,a7b2dc40f1d0353d7a798ffbfad82dbe14091c8303fcbc09e2c1b1fea30f4c51
1733,scanobjectnn/display_00297.ply,scanobjectnn,49299,2e949772d6a2c04bc6226463d84ebfeb9978f962cefa51043ad55773f620b73e
1734,scanobjectnn/display_00298.ply,scanobjectnn,49299,c7fe7759449b3151079ce505d3ee8b8539d1173be3b69140b9b001d21646c390
1735,scanobjectnn/display_00299.ply,scanobjectnn,49299,3e3cd3efb5f786b24452561422b5218f33c47c5e4e80b44e0b1082d293ce6433
1736,scanobjectnn/display_00300.ply,scanobjectnn,49299,c7fa3b85837f71d3e6c6f830311e973be0cded48feb71c5e53916341c8d5baea
1737,scanobjectnn/display_00301.ply,scanobjectnn,49299,9f8270b8d81920f0094578a3c83170621ab21f291d80a3e94c4229a46118adf8
1738,scanobjectnn/display_00302.ply,scanobjectnn,49299,a959f6d450b7fe8735b5fb66f2b2b53b8fbb1941d823cf47a11b785da3a4d3a5
1739,scanobjectnn/display_00303.ply,scanobjectnn,49299,da76f55d5b8a443f521e03012cf00c92d888ccf8a27f2359439456694a4417ba
1740,scanobjectnn/display_00304.ply,scanobjectnn,49299,e71fddcc24f6d2798af6ce4a20d4b144bc360616c868393f73ea14f3f86e29b5
1741,scanobjectnn/display_00305.ply,scanobjectnn,49299,4e6912fa609ae33a2bb1a1ea468621acbd3abdf03d332dc2fab7a87c0af4ef2a
1742,scanobjectnn/display_00306.ply,scanobjectnn,49299,08b06425a33c97d752ae936da3cdae74dbcd9880ed8f8cb286c029f80d8b6961
1743,scanobjectnn/display_00308.ply,scanobjectnn,49299,984855cef3dabaa99773a76894305aaaadcd59623cf498f5b8f77d07abab6d38
1744,scanobjectnn/door_00312.ply,scanobjectnn,49299,2f2f0bd6c5c5255654931e076d1d1160f91d93c0f0b61eecd0a483be83638a7f
1745,scanobjectnn/door_00315.ply,scanobjectnn,49299,d483e2b850c50310ad7c6c7cb765ffa38b5044d5def2198284141e954ea0dd1a
1746,scanobjectnn/door_00316.ply,scanobjectnn,49299,63e3aeb9110d2a08eb7b3f31ae4dd0447499f3c138e4553d6aaaa2f088d35c62
1747,scanobjectnn/door_00318.ply,scanobjectnn,49299,9cc403c02208aaa868cbfc2d274cb7e26560e5cd6d72abd4bb6d4f1abe5adc39
1748,scanobjectnn/door_00323.ply,scanobjectnn,49299,133fc507c3a27156d18457b29ca299823099c644a676d101e03acca109e8df3f
1749,scanobjectnn/door_00324.ply,scanobjectnn,49299,0be77154b83cbcd335d8266f90017a4c95284fc6668f10dd5467241976c3bebe
1750,scanobjectnn/door_00325.ply,scanobjectnn,49299,95bf6aa32b8038f0ae60c16807b185006445ec85989f6cefc9cba11b70decac7
1751,scanobjectnn/door_00326.ply,scanobjectnn,49299,4de05927ff97584d8283f1393ef68d3624fe17be380b157d0aeb9316a3c3b16b
1752,scanobjectnn/door_00328.ply,scanobjectnn,49299,665eca1051f064458d2ec35e4f0e89eea2848e43e167787ffe917c15b8bac6ff
1753,scanobjectnn/door_00330.ply,scanobjectnn,49299,e33a7e747205e857ba772689f0cf554a4e3708b0d911624a04a3883d02cbccca
1754,scanobjectnn/door_00333.ply,scanobjectnn,49299,0397ba4945b6f26e66670d8a3f955d5d850bfa8af85887446b0b0bc2991cb83c
1755,scanobjectnn/door_00334.ply,scanobjectnn,49299,9cdfc78116e89fda890898b7b059e1960425dab3e160cc062b534b6065bafaa1
1756,scanobjectnn/door_00336.ply,scanobjectnn,49299,a453a7aec52cac723cfd3a3b3857bf1a4ed081d5a05b8633dfcca40978931619
1757,scanobjectnn/door_00337.ply,scanobjectnn,49299,c258b90ba9e20e13b7a2878be2b79c5c1c482fbee8a568688d738e5803cff7a5
1758,scanobjectnn/door_00338.ply,scanobjectnn,49299,b5b41e036bf2c69da0f23d74146998000532f2bcb17712761c416e840718778a
1759,scanobjectnn/door_00339.ply,scanobjectnn,49299,c600462e57011f441c82b2b74e2d7426d8f980e09d81f9aca9198b66952719a1
1760,scanobjectnn/door_00341.ply,scanobjectnn,49299,2418db75d45b815a93e2184c1edca4d2092f27cfc7c734f1e889be8362afd0e5
1761,scanobjectnn/door_00342.ply,scanobjectnn,49299,ace1b235cbb62508d0dd5eeca4ba9cc7bf0498c46d1cf7390c50cab0bc0f92e6
1762,scanobjectnn/door_00345.ply,scanobjectnn,49299,da2fd1afc38c5ec72547e454ba2ecd42ce0e0d942359c351f55bc249a30930e8
1763,scanobjectnn/door_00346.ply,scanobjectnn,49299,e1614c06f0509ccde5ef2778605ffb8081577b77a5536db947c02c46437e4088
1764,scanobjectnn/door_00348.ply,scanobjectnn,49299,cf558bdcb89e51c0d49a1b7bcd2357c5fe4f5b6ecdfa749d5097a8617787c05e
1765,scanobjectnn/door_00349.ply,scanobjectnn,49299,b16b5586c6e9391cb826d88ff696ae6e180e6d7be35602a6dfe6984961236a6a
1766,scanobjectnn/pillow_00477.ply,scanobjectnn,49299,573bca95a5d0aa51367b2d7a45a7eeaa3450c5aa7b0836abdc24f132bef97444
1767,scanobjectnn/pillow_00481.ply,scanobjectnn,49299,dd282729f380e5b874cd67364ea715369275ed7b5032d5f96bf6a9aba7525b72
1768,scanobjectnn/pillow_00482.ply,scanobjectnn,49299,3eabb70133334debae9d5463d448ff3ccc360991ebf0f913e1e91b9aa61f6f6a
1769,scanobjectnn/pillow_00484.ply,scanobjectnn,49299,6a24d8c3ee94692174c7921d31a786afd2e17f39491cb205f1190579e4979c74
1770,scanobjectnn/pillow_00487.ply,scanobjectnn,49299,f7a901d45b373b54dfffd13b2fcf239a5d519b6c4cc26e6266305d4435f07656
1771,scanobjectnn/pillow_00488.ply,scanobjectnn,49299,ab33f21cd782406f7f611a2a5a83180e48b40e268b868c4a3e5cde5b04051ad7
1772,scanobjectnn/pillow_00492.ply,scanobjectnn,49299,a173646eb9fdd9694f9e57c9752e8042879554e816b8faf642e83cbc31de161a
1773,scanobjectnn/pillow_00493.ply,scanobjectnn,49299,babc6d32a63d01a54204de12fb8521d63945fde4cdc5fbfda9753ecc135186ce
1774,scanobjectnn/pillow_00494.ply,scanobjectnn,49299,8a88ca5e0f41b7f3903c32c397450d20e65b8b8c7fff714d83e207187754431c
1775,scanobjectnn/pillow_00496.ply,scanobjectnn,49299,9dc42fa232c80451f65a52d8ff8228f48bfb1cc3fb388d7419fe1476ec7f8b57
1776,scanobjectnn/shelf_00352.ply,scanobjectnn,49299,c6801e84d65c1b4992d7172eda2b30d6d7e6cc4ed4d38abe8bb3bb729f9d2dca
1777,scanobjectnn/shelf_00354.ply,scanobjectnn,49299,c5ebdaec126b0c10afee109775b73e60fa10bdd2481f520ae52c96de471d03e7
1778,scanobjectnn/shelf_00356.ply,scanobjectnn,49299,d367df9137a411833a63c162a2263c83e2ffb9b6c0f0bb6cba93e9666d0857c8
1779,scanobjectnn/shelf_00357.ply,scanobjectnn,49299,d8a35a3cc106ae9da97d68b3145b86b92899ebc4c76a0b967efb0556266b0e69
1780,scanobjectnn/shelf_00358.ply,scanobjectnn,49299,baee9a8d2872b9842bfae5fca1df6a58f1e92d82dd009884faa8dddbe0f1e0f1
1781,scanobjectnn/shelf_00359.ply,scanobjectnn,49299,7885ed88c48b0e6d15e575735bfef6cd815723a965986d1e34368f3273ca2ad6
1782,scanobjectnn/shelf_00361.ply,scanobjectnn,49299,5dcfbb46952d48cb1786d4d9790003c8eec30927f80c69f7e42c632a710a3d8e
1783,scanobjectnn/shelf_00362.ply,scanobjectnn,49299,b5368799773e090ee4d93d9225ab0ac993ff83409cba37799e0d0cfeba5da4d6
1784,scanobjectnn/shelf_00363.ply,scanobjectnn,49299,ff885f0c73ac5fb67c97081cc40b500f8815e39b9e3e3d16bd645ead2c242e41
1785,scanobjectnn/shelf_00364.ply,scanobjectnn,49299,ece0e79a957e824c4af91a5c5bd2bf8dd0f0522e61f95d8142cd93ec2832ae56
1786,scanobjectnn/shelf_00367.ply,scanobjectnn,49299,579df7e89697cb9214a71dcd6c509158c6b18b5f0db97f3a665547f55a0d353a
1787,scanobjectnn/shelf_00369.ply,scanobjectnn,49299,aee00b6fc2c9d4b9a7b06a46b9f36ee57f6dd25b9d3ede5fd6999abf90b59d78
1788,scanobjectnn/shelf_00370.ply,scanobjectnn,49299,e28bb38f4fb1e9717584b613463e496d3c92012a39938e8cd79ef040c6577ff6
1789,scanobjectnn/shelf_00372.ply,scanobjectnn,49299,c928e6d9658f0de1ac33c101de811c5dcf39183616f680fe80fe78ee0cc54982
1790,scanobjectnn/shelf_00373.ply,scanobjectnn,49299,44e0f462c619b96f67267ba837db522517a0f5e6faa83dcc9ec7694552572bae
1791,scanobjectnn/shelf_00374.ply,scanobjectnn,49299,be46d4fd85ab50e4a50420e56079eb81fd4a66febd405de0aff8f569d1b3f5fa
1792,scanobjectnn/shelf_00375.ply,scanobjectnn,49299,bf3b5f7b0fde9df45598368ce7e82e2f48de3451ef81136d2bf84b90c7d2c579
1793,scanobjectnn/shelf_00376.ply,scanobjectnn,49299,edb4d735e33288d1e8e655b69f33b48340a02dbc65f6b927d9eb355323b0f3a0
1794,scanobjectnn/shelf_00378.ply,scanobjectnn,49299,00878d0b022e8f3414caddd627bfbb23fae67100eb601c55de45240f1b187d93
1795,scanobjectnn/shelf_00380.ply,scanobjectnn,49299,0cc730eefcfcfa2d72c94d885c1618b11dd1b8a557ad17232387087250a6901c
1796,scanobjectnn/shelf_00382.ply,scanobjectnn,49299,b410d3102c1cbd487786ba994a58275efcf1e548b52bb3ee656e889abc6a8501
1797,scanobjectnn/shelf_00386.ply,scanobjectnn,49299,65e692e799f882440125fb6a4a2a22fe15428edac896d412ce74d374d3fbcf11
1798,scanobjectnn/shelf_00389.ply,scanobjectnn,49299,aa9246fabf005d98c46b1447dd7d21d6dabf9cda88c1e206bbf2ef557c22d0f3
1799,scanobjectnn/shelf_00390.ply,scanobjectnn,49299,6f2d83cb7f28b862c658828f24888f7b2863ce7751cf8e35933101465d80d487
1800,scanobjectnn/shelf_00392.ply,scanobjectnn,49299,690ed338959da5de425e91f81b9cad6bd888fbdcd52419eb2ff7841a9920145c
1801,scanobjectnn/shelf_00393.ply,scanobjectnn,49299,a126c6f28efe79266d9c4e1a44cdb6963609abd00fbb51c6a3c2f84a0aa4ce6b
1802,scanobjectnn/shelf_00394.ply,scanobjectnn,49299,79f812b4a5d076b3f78fa86963709bea52434239d904f4ad2e89de428228db97
1803,scanobjectnn/shelf_00395.ply,scanobjectnn,49299,d771f619d16308d5f7f6106c38c5d040aee1bd761de7581afd30b24b8279fe6f
1804,scanobjectnn/shelf_00397.ply,scanobjectnn,49299,24ccea19a568227ceb2b841f75c48d455301a3a62746ab34679f93b9008fc13f
1805,scanobjectnn/shelf_00398.ply,scanobjectnn,49299,084d74f30088772f4b4f7db20bedf2fe6564df037bebe9662a2908460f0f6203
1806,scanobjectnn/sink_00501.ply,scanobjectnn,49299,a0db274a0f4a1dedde51f0c7a3fd756283fbc62527f9c55f4f1f958a192b68fe
1807,scanobjectnn/sink_00502.ply,scanobjectnn,49299,8aaba739a1c238a1e361afe7515f53c7dd88bcc2aeb3addee3f12267ef686806
1808,scanobjectnn/sink_00503.ply,scanobjectnn,49299,90df2aac07580dd97c55330dc6052298aa9ff72660c7fecf685c6fb8fa8a3fd2
1809,scanobjectnn/sink_00504.ply,scanobjectnn,49299,1b993a95a8794a5395d797ef54d856d70c35a6b7c7edd318090dbed258e7d01c
1810,scanobjectnn/sink_00512.ply,scanobjectnn,49299,f6b62834488bd1588cc1ddf68f64d83649d2f0a2db97beddc57d85e000eed6ca
1811,scanobjectnn/sink_00513.ply,scanobjectnn,49299,df3a8a82ef34cdd9f12250b37ff8e52f149f6c081915f45b0505185f670ab665
1812,scanobjectnn/sink_00514.ply,scanobjectnn,49299,c55928e16a3e902a1ee884d44b02e892f7388bf674206dd7c3171398f560d38e
1813,scanobjectnn/sink_00516.ply,scanobjectnn,49299,3a2600f636871b4645e40096035c57b7e219a2b6ceb49a13e6553590276fc4f2
1814,scanobjectnn/sink_00517.ply,scanobjectnn,49299,6d6a9a48ec84c5cf4e5b2d3d08d15b33d64658df7f45c247729af76d1b19bf45
1815,scanobjectnn/sink_00520.ply,scanobjectnn,49299,b346c9b7e9c0cd4a3af445afb3238ed01145461b74104889a2dd095cfccde0ef
1816,scanobjectnn/sofa_00522.ply,scanobjectnn,49299,2b62674f9159ad34119031f54637de59983e2b19ae667ee160cc640b0576f366
1817,scanobjectnn/sofa_00523.ply,scanobjectnn,49299,13f51da48e6db407819271fd0f6b5dccd2b5354c1d82418c0e9f54ece8378dce
1818,scanobjectnn/sofa_00524.ply,scanobjectnn,49299,a333aeaf3e8dc2c6da1a5f2c0a898d96c1d00759c33e2f1fda8561701325fd11
1819,scanobjectnn/sofa_00526.ply,scanobjectnn,49299,82899ab040b9a2d0dc96f5c5a44cfe50701379239e67f244416c2d8198768f2d
1820,scanobjectnn/sofa_00528.ply,scanobjectnn,49299,aeaf89d9bf801c3761cb611ca32c0dfb5b2d924a3425509c15dd1a71a381830b
1821,scanobjectnn/sofa_00533.ply,scanobjectnn,49299,281ef7d7fab422d6f01816fb93534d5183609af8baa6cf7d67e98e90518c3d2c
1822,scanobjectnn/sofa_00534.ply,scanobjectnn,49299,d261a675861102763d9d403636845855504d38c2467ec8bd0f067db85f9682c5
1823,scanobjectnn/sofa_00536.ply,scanobjectnn,49299,ceae114bbcd08ae7f0683af516f36d4fee9249caa8f20d902058ba9bd15ecab4
1824,scanobjectnn/sofa_00537.ply,scanobjectnn,49299,37e5919b0dd950679489219d606797910e811668dc2835de749e32d4cf8901a9
1825,scanobjectnn/sofa_00539.ply,scanobjectnn,49299,7e269108e098cc4465e3ccf8165098d841c7f41ddc2ba45df345b24f06b5e05a
1826,scanobjectnn/sofa_00542.ply,scanobjectnn,49299,07a73abca0f8e705fb0c84e691ea11aa736e20411e0d764af208fbb90b8320b9
1827,scanobjectnn/sofa_00543.ply,scanobjectnn,49299,789f179b13b4a2f0e31a985efc1038851792dcd36117247aecf3ed65786f730a
1828,scanobjectnn/sofa_00546.ply,scanobjectnn,49299,34325a6fec96c7abac6bdd16651510332d26fac22ae5b99da9d6aa83bbadf94b
1829,scanobjectnn/sofa_00547.ply,scanobjectnn,49299,f5897df7199616d5d7fb6faf431940628b5fe3520f5677320cf0729023a7e278
1830,scanobjectnn/sofa_00548.ply,scanobjectnn,49299,f4e8c54cf5962bb2afac04a3c1f045b8ea537576a51939df0a44bcb2ee4807de
1831,scanobjectnn/sofa_00551.ply,scanobjectnn,49299,3ba90430a9cbead0c85e8864534b1e14eef085a9621523c958b98a7d798f1dcc
1832,scanobjectnn/sofa_00552.ply,scanobjectnn,49299,fd925b3c5a5ae4c15d7b3811f020b26d1e0dc8e412d6b0c29826672dff1261d1
1833,scanobjectnn/sofa_00557.ply,scanobjectnn,49299,5574ca18f53c0340b39e8f8de7d8bf0c8c137e15ed4009d964efcbb0d2bca4c4
1834,scanobjectnn/sofa_00558.ply,scanobjectnn,49299,a5d3bac81e3a964081d35b6f4477a0ffd69485486f701e53da8dda27e04b5e14
1835,scanobjectnn/sofa_00559.ply,scanobjectnn,49299,572854533b37ba650780239ab1f8672a38665b1d374f80c9df7c2460ff45a824
1836,scanobjectnn/sofa_00560.ply,scanobjectnn,49299,522e75fb488e0075c5fcb17d58f1660a7e3b90bcdb7fe8df037118ca319d46c8
1837,scanobjectnn/sofa_00561.ply,scanobjectnn,49299,8ac6d7439d419ac262d3d8aa84c1d20ef8bd7cf5765b4acc25c26ad8afbe457c
1838,scanobjectnn/sofa_00563.ply,scanobjectnn,49299,cae4a063f92f30f690bddffdda4d90b29b757473382184941c67761d14127b52
1839,scanobjectnn/table_00401.ply,scanobjectnn,49299,8e815612c2ddb0cc194cd1af169fae04e611231a63fbe0e1b68baa092708fec7
1840,scanobjectnn/table_00402.ply,scanobjectnn,49299,aec855fcffda19785e378c1f3571aca7567fbefb61632546ac63963d164c039b
1841,scanobjectnn/table_00403.ply,scanobjectnn,49299,bfa7483226e4327ecd9316d85cebcc47e0837a8472a3b6d4c40dfcb64e2fd05d
1842,scanobjectnn/table_00404.ply,scanobjectnn,49299,682b15f233eb84f8472057243693a45a34f0e03328e5c08d54f39b5c292dbb17
1843,scanobjectnn/table_00406.ply,scanobjectnn,49299,abe2cef5602f54851fe547a9087bae39c2c68daa6474fffff24109ac057f2758
1844,scanobjectnn/table_00409.ply,scanobjectnn,49299,1488f41a6e7462dab20c73f9dd3bffc035d5622f45fdc76af678e30cacad6b9a
1845,scanobjectnn/table_00410.ply,scanobjectnn,49299,8009dc3b09279c6a8d9a29e8257a7869a0d883dd28cbe73ac7a32c3df2851ec6
1846,scanobjectnn/table_00411.ply,scanobjectnn,49299,13acade5f3c571553d92053907785a2b2cc28065e7cf98df70644bbc95e4fcdb
1847,scanobjectnn/table_00412.ply,scanobjectnn,49299,07423b5b0507f979c0e135fec76b476a1f6c3756a9a2d7d6a5593749383b3fcd
1848,scanobjectnn/table_00413.ply,scanobjectnn,49299,c13c45e83d6d01b096c791805e13683bd5e9cf0d6cbd3b765f6e150a4e1bcc8d
1849,scanobjectnn/table_00415.ply,scanobjectnn,49299,44e0561c452135749ca9663c69c674b260c49f42beb2240d8bdd5289da6138f6
1850,scanobjectnn/table_00419.ply,scanobjectnn,49299,fea07f252be247c46c99710a0c8f3a01edbde3d800294ec4067642dde7d7fbef
1851,scanobjectnn/table_00420.ply,scanobjectnn,49299,df7f79d70fbc046bb1e179cea988740c2a5dec2124b124c6e83686757f0b7a86
1852,scanobjectnn/table_00421.ply,scanobjectnn,49299,96d1c06918fdc07be3d6c6f5a8d2a1c01eb123e044a860f4bbb7fd358b5ff009
1853,scanobjectnn/table_00425.ply,scanobjectnn,49299,dc2d61a7c2fa83a3b8d8d4cc8b3594bfbdbb1fd11e64c9eb05188ea44d4a7aed
1854,scanobjectnn/table_00427.ply,scanobjectnn,49299,fc6a1a693b69443db1942645a062a8d38dbf1fb4e14a8fd1827224919fdf529d
1855,scanobjectnn/table_00431.ply,scanobjectnn,49299,81f124c2f4d7e88df1be44eacb6dc0c874bc49938ca8be12ea0a401e060317d7
1856,scanobjectnn/table_00433.ply,scanobjectnn,49299,51b9f7a2da0466ad45a0863fd2bba0679d838cb36e4d89ee7b434d235998be73
1857,scanobjectnn/table_00434.ply,scanobjectnn,49299,e1274ec87b224a4a82821a4a4cd93bdf865d174205469c5b87ea54942a70bfca
1858,scanobjectnn/table_00435.ply,scanobjectnn,49299,976b763800e4f3ab06828205eecf3799026fb297ca2369256e063173a35bcd17
1859,scanobjectnn/table_00436.ply,scanobjectnn,49299,6e806740fd7daeea2fd8541496f72625f94472ef3222b82df3e5752109562a86
1860,scanobjectnn/table_00438.ply,scanobjectnn,49299,b6a0d673e59612c5c102c10a5dfec5eabe6942509de0db9827fc5e6ec595b598
1861,scanobjectnn/table_00439.ply,scanobjectnn,49299,d534781f9bd88afd91e469a5409a55cc2943b93d21e5b1d8c8afbbca63552cb0
1862,scanobjectnn/table_00440.ply,scanobjectnn,49299,c8e9d1a9b54209e68d7576cb1508eb8ddad61cbadde9f1fb14cfcb3bb6ad7d4c
1863,scanobjectnn/table_00443.ply,scanobjectnn,49299,f2657dcf48cdd32d0e1c55f1c11d0bf64ef3c499a54f548c56e6ffd49da1b3d9
1864,scanobjectnn/table_00444.ply,scanobjectnn,49299,02ed2ae3c915f00826fd0fe61d157b098c24fc9bbec643a0d3587b07eaf3dec5
1865,scanobjectnn/table_00445.ply,scanobjectnn,49299,dea81dd4d6a3d2fe5c6e01d7f4e8d1684cf158338d5758e26ad60330efc8f936
1866,scanobjectnn/table_00447.ply,scanobjectnn,49299,b19a48b9e3c80acf7d8779f75aa3f2832ad71bf2fa0bb871491c6a6ef6a8c660
1867,scanobjectnn/table_00450.ply,scanobjectnn,49299,570552279d8fd658452b7994a74ec9eca4fd68d4528b33e01f421f941533836d
1868,scanobjectnn/table_00451.ply,scanobjectnn,49299,35be34a6ac51db2d902bca6cb69314872109a6b08479e8f41c0268481b338c69
1869,scanobjectnn/toilet_00566.ply,scanobjectnn,49299,5d16032de32e4a8a123d79af3b9adbe8ba8b5316837624e39022686a0a71c924
1870,scanobjectnn/toilet_00568.ply,scanobjectnn,49299,e45f5e9364c1cda665147acaa87d747f03a1e168ae93159632576c3fd755325e
1871,scanobjectnn/toilet_00570.ply,scanobjectnn,49299,121afa8e7d84989f0ce045293ae9139dc8330772ca1ec3af4c301234a8e6b55d
1872,scanobjectnn/toilet_00572.ply,scanobjectnn,49299,bbc769baf45ff23818a3410bf0dc3f4e48454c71e528a9bd6b2b3e0e4bb986da
1873,scanobjectnn/toilet_00574.ply,scanobjectnn,49299,8dba8b23e22a38487ccff61f94a6f571e50b07a9bbb28c74a8187ed02aea7516
1874,scanobjectnn/toilet_00575.ply,scanobjectnn,49299,9840de7a563ed565865ec6d6932708f2debfc840df9db6c735b6eb4b3349444f
1875,scanobjectnn/toilet_00576.ply,scanobjectnn,49299,ed3a8e3e458096e4244204c298f693b0972b83e4c072c8dc94ae031fa4d6b79c
1876,scanobjectnn/toilet_00578.ply,scanobjectnn,49299,d292e89eec3eb787102d7d76c17e073b8e284b87646825763b6dc259f9414eed
1877,scanobjectnn/toilet_00579.ply,scanobjectnn,49299,2a87cbfcfffa8951f071132f131b4e554dbe71c2dac7eac3e9ae4bf8ac2c2906
1878,scanobjectnn/toilet_00580.ply,scanobjectnn,49299,3a4d553919e3f9113451a7151ee5078c9b758d97b19308407ed06faf19309be1
1879,sjtu_processed/human/human_hhi_C_G_1_8.2.ply,sjtu_processed,44474354,35c7f122c14dc0e831fae7bf06bd6105a22aaf407f7f35c9e5a501a3e85c918d
1880,sjtu_processed/human/human_hhi_C_G_2_5.8.ply,sjtu_processed,44435266,ae7d5e9d3cb45d27c023406b52155161a50e07dbbbdd13fd9575911d13b39afd
1881,sjtu_processed/human/human_hhi_C_G_3_4.9.ply,sjtu_processed,44385661,d6f3727f13339a5713f553f16d0dcb7e6f85900d409dde37dd8e26bee3f708e6
1882,sjtu_processed/human/human_hhi_C_G_4_2.5.ply,sjtu_processed,44324804,5097403b5a58460e4987e7bc50128dbab049d89c86447ba887674483de5d3b43
1883,sjtu_processed/human/human_hhi_C_G_5_2.1.ply,sjtu_processed,44262795,bae3be6458c66f6537c7f43cbc9949d860ed7abc899a5846937cb5cdcf81d42e
1884,sjtu_processed/human/human_hhi_C_G_6_1.5.ply,sjtu_processed,44210882,f3c8c492a7be0d52e2a7b5ce2bb52c6069e582cfa74871fa46b932b91f020fe5
1885,sjtu_processed/human/human_hhi_CN_1_9.8.ply,sjtu_processed,44473923,04f4de9fea40251b52328582f9c79b203d944afe3c7b45e52493e4ef63cfa825
1886,sjtu_processed/human/human_hhi_CN_2_6.8.ply,sjtu_processed,44434730,d9021331bcdcff12bba842587fe410c74c2369add368a936ac5b67cde44ed964
1887,sjtu_processed/human/human_hhi_CN_3_6.1.ply,sjtu_processed,44385221,324f2c62cb71798c6a42d95941be7db7802204a04681c5545f24633d8bd4da36
1888,sjtu_processed/human/human_hhi_CN_4_6.1.ply,sjtu_processed,44323700,091d61722e5fa6d839ec005395a45c95a9e58678c35b60772b4ce5f247ee4c19
1889,sjtu_processed/human/human_hhi_CN_5_4.8.ply,sjtu_processed,44261494,f9327975d3c13b6912ea9d2db3e6c908026be17854fe7aee5e27c516d7a5c45e
1890,sjtu_processed/human/human_hhi_CN_6_5.0.ply,sjtu_processed,44208513,db1b0f221c128ccaab92b1c114967644e7a2af35f59753e5452a422fe61c0d5b
1891,sjtu_processed/human/human_hhi_D_C_1_8.2.ply,sjtu_processed,37801752,3622f3884860ac53533b4a57027a8b23f67cb6efe0edb75ec44811468e9bfe82
1892,sjtu_processed/human/human_hhi_D_C_2_7.4.ply,sjtu_processed,31105010,e6063f293461a4500ca2c9648b2814adb164d3b4a64d41534208ad233b791ea4
1893,sjtu_processed/human/human_hhi_D_C_3_5.0.ply,sjtu_processed,24411420,23f17ea8b6f525ffeefd6d67c99fe84a44c7342d6f38e0db4cc5466afebf7b8d
1894,sjtu_processed/human/human_hhi_D_C_4_4.3.ply,sjtu_processed,17730835,9df86daa64fcca244a71dd087751cb3def7b5123ceb7cf8a91963d89da766310
1895,sjtu_processed/human/human_hhi_D_C_5_2.4.ply,sjtu_processed,11065200,7e89504ab9aadc1af7df670bd5c068b43e0386b9527ffe8e7d77c0f1d7a715d2
1896,sjtu_processed/human/human_hhi_D_C_6_1.9.ply,sjtu_processed,4420336,f5393282b2be4d45c8a730fdf43991cfe796429621aecf6aef41521729cece1e
1897,sjtu_processed/human/human_hhi_D_G_1_7.7.ply,sjtu_processed,37803527,8ad05f4ed1a645412b8ad6dbf550a75af738d636459ecc8430f127d94044c937
1898,sjtu_processed/human/human_hhi_D_G_2_6.4.ply,sjtu_processed,31132472,d562479beb273d14b363fdfbc155edb18b03bead0e5e2b319af21f9a87eb4b3c
1899,sjtu_processed/human/human_hhi_D_G_3_4.6.ply,sjtu_processed,24461601,c88c9fe847a4379c27d2b5017f6d75f258dca3db0858ea8ad912d9bb34f59c1a
1900,sjtu_processed/human/human_hhi_D_G_4_2.2.ply,sjtu_processed,17790815,5dda543a94ba17942c0586b8cbaed17c86af3911fa466fa6e9cc1a73c5a36df9
1901,sjtu_processed/human/human_hhi_D_G_5_1.5.ply,sjtu_processed,11118990,1f1eec8937f385f046254ee8ea166f82364f89b954b6163f56bd28285ea0c9f7
1902,sjtu_processed/human/human_hhi_D_G_6_1.0.ply,sjtu_processed,4448094,e28234201e1db0b619d776f1a5c03e86536db2bd68674eb613e1c4ea1122872b
1903,sjtu_processed/human/human_hhi_DS_1_8.7.ply,sjtu_processed,37803714,00ea5322e85971ef6a361bf0105fc65fb849e2583c1cabe2a47030696891f4d0
1904,sjtu_processed/human/human_hhi_DS_2_6.5.ply,sjtu_processed,31132304,aac2f2eed4a8291fb56de3d2dc82d3c7bf3d7f6234a2a915d2779087f4266baf
1905,sjtu_processed/human/human_hhi_DS_3_7.0.ply,sjtu_processed,24461978,89d4a77c10709139a308d87d5a6a9c2727e74d999095acf6bc59009d613034ae
1906,sjtu_processed/human/human_hhi_DS_4_4.9.ply,sjtu_processed,17791170,695503373b5cc24a039d4b6d6b34400b782b5b16cf7422ba0254241afbf15373
1907,sjtu_processed/human/human_hhi_DS_5_4.1.ply,sjtu_processed,11118505,0d6ab7efed5b8e9550548b6cfb76ae4a06f2ca261d04b158dd559eb349b55612
1908,sjtu_processed/human/human_hhi_DS_6_1.8.ply,sjtu_processed,4447039,b0594ace6d631a9a1dcadcd72f27c3175e15d9701575489969baef4d9cdbd4dc
1909,sjtu_processed/human/human_hhi_GGN_1_9.5.ply,sjtu_processed,44474769,e10973039c447249972b4c64036aa821b6a7f8347bca15d7fcdecc8f1ca846c9
1910,sjtu_processed/human/human_hhi_GGN_2_8.3.ply,sjtu_processed,44474931,ade913fcdfd4ed07c8e9752d9f62813eceedf3b3c94fc01d6f4852ec40a07560
1911,sjtu_processed/human/human_hhi_GGN_3_6.8.ply,sjtu_processed,44475344,c8f131d988e888de4f83046c901d947e515f03bbcd37c730dd19f8e34d8859b5
1912,sjtu_processed/human/human_hhi_GGN_4_3.5.ply,sjtu_processed,44476245,38e576be04f251ee83d95b668994306a8157a97f10d9ab13562256dcb9226ff9
1913,sjtu_processed/human/human_hhi_GGN_5_1.9.ply,sjtu_processed,44476683,48581c9375e722df63c7727e9e7feee09e85016a0609e00f2adb00521a6b9812
1914,sjtu_processed/human/human_hhi_GGN_6_1.2.ply,sjtu_processed,44477402,96e61fc43241b3bebb5cee595c4f8f5040f3aba81a153b92fb6a7e03d3e54d7b
1915,sjtu_processed/human/human_hhi_OT_1_9.5.ply,sjtu_processed,37791248,9e6c98fd1a4b45dee636bb5b52eb62c92098e8f44f4c79eb015e301b301dcd77
1916,sjtu_processed/human/human_hhi_OT_2_7.7.ply,sjtu_processed,32202671,83e1f99ddbee4a2e1902666f87f6f48d1093b84196cceb606da33eccddd9c020
1917,sjtu_processed/human/human_hhi_OT_3_8.9.ply,sjtu_processed,25886527,215491e92bcc7f7b7a8e60d598f6a457de5354c88b76f4ac19ae50675f246a11
1918,sjtu_processed/human/human_hhi_OT_4_7.4.ply,sjtu_processed,17822302,f00f3c09b9a841c607dc81974ba478fea66e42f8516ffd69184a72e3e1f14e03
1919,sjtu_processed/human/human_hhi_OT_5_4.2.ply,sjtu_processed,10978952,0f12664ccb9c3dcb81da7075560a0319e7289e5044ad902151f3413e8fe72072
1920,sjtu_processed/human/human_hhi_OT_6_2.0.ply,sjtu_processed,4574945,795de9a1dd38500a1433def11a9c6f49272cd08e9ce012f050173b6ae9361b9e
1921,sjtu_processed/human/human_Hhi_REF_0_10.0.ply,sjtu_processed,58458691,7b1e9878dc2d7997392adae75a2832e7eb781b6190de2539241f793c63a5556a
1922,sjtu_processed/human/human_longdress_C_G_1_8.3.ply,sjtu_processed,35294110,d4d7b84beca0be15c1891681c367a3e257d68122b2ef13eef41087391f73b806
1923,sjtu_processed/human/human_longdress_C_G_2_6.0.ply,sjtu_processed,35288063,542fe366ba33b8d71ac8b5f1682b1536a9714c550baef8e36b8aaa30ac2c321b
1924,sjtu_processed/human/human_longdress_C_G_3_4.8.ply,sjtu_processed,35278209,c2c537f5331dfa56805c69451e5bb8909e16b5f41169883a099653bf33495c41
1925,sjtu_processed/human/human_longdress_C_G_4_2.3.ply,sjtu_processed,35260616,56707456736570a660bc3a4c71617de62b4b90fea64676a47132b91380d7e49f
1926,sjtu_processed/human/human_longdress_C_G_5_1.8.ply,sjtu_processed,35234495,d177608ebdcb37edb3a1a365db623823c86c25992bcab0d38fdf25546a3b6d20
1927,sjtu_processed/human/human_longdress_C_G_6_1.4.ply,sjtu_processed,35196056,581b5b97f79a223d2bc86dcc0c6807f05ae2cb7155876cc6ae14704452fc277b
1928,sjtu_processed/human/human_longdress_CN_1_9.7.ply,sjtu_processed,35295148,fc9d07e610cc005b091de7be3cb23749ac385b7f10817ad556cf7b6a09358993
1929,sjtu_processed/human/human_longdress_CN_2_7.5.ply,sjtu_processed,35289256,be055aa584a9936a032b05b27997540750f5884498194c64932d29db38c3fc7a
1930,sjtu_processed/human/human_longdress_CN_3_6.7.ply,sjtu_processed,35280303,0dd3d2fa591efe0a64ccd3fd88b17e98f2a6fe1f32afe6aa531f2c7612ad5b09
1931,sjtu_processed/human/human_longdress_CN_4_4.9.ply,sjtu_processed,35263562,d70b24c2ae0d0d24e6721dd5b9555cb5675edf28f57802306397b57c4363b2a4
1932,sjtu_processed/human/human_longdress_CN_5_4.9.ply,sjtu_processed,35236701,d781722f8da22f5f92fbc9d65df0b944a49890eb43d89c9a0e975d29a9e4f6d5
1933,sjtu_processed/human/human_longdress_CN_6_4.1.ply,sjtu_processed,35197396,84442a861c13b76e56e535d79831a5980df26b2d743788d4dfa2aa75bff6d8ac
1934,sjtu_processed/human/human_longdress_D_C_1_9.2.ply,sjtu_processed,30000371,081fbaf4bb1710be29b2e4cc0d40b977cb4ec119710f232f6f830776875719bb
1935,sjtu_processed/human/human_longdress_D_C_2_6.8.ply,sjtu_processed,24702663,6cc0e9be94cd0b47c9bbd7429d6647eb7c08e10bb283d9228bddbc852f0d3d5c
1936,sjtu_processed/human/human_longdress_D_C_3_5.8.ply,sjtu_processed,19404800,d0e0e720d845ee33f46b19e0e08de0242607a263134671be07995c1e3c6f0fa1
1937,sjtu_processed/human/human_longdress_D_C_4_4.1.ply,sjtu_processed,14105616,f4580dfa03a0afba0aa5f7043bbbadce5483ff057beb8e4b749a45de80feda69
1938,sjtu_processed/human/human_longdress_D_C_5_3.6.ply,sjtu_processed,8809757,8f83304215088487b720ae850a7c63e3b3a23932eeacb60ce352c65c317d0b70
1939,sjtu_processed/human/human_longdress_D_C_6_1.8.ply,sjtu_processed,3520067,04ce0d0debb6b5832387524d7ddcd7b3cb65692e42136e2d08ad505c3e31d211
1940,sjtu_processed/human/human_longdress_D_G_1_7.8.ply,sjtu_processed,30000063,92c91df8d7aa57c18565f61d287a66adacf6718e9729db31bc697e8921147c2d
1941,sjtu_processed/human/human_longdress_D_G_2_6.6.ply,sjtu_processed,24705146,f85a2e69ffc81b73a9fb2f345b31bc6fac15a65baea6066c27bad543e38d7631
1942,sjtu_processed/human/human_longdress_D_G_3_5.2.ply,sjtu_processed,19411236,f96555669c4823146e456f06c24d53edae092f9839b3a0cf6420815563be7dda
1943,sjtu_processed/human/human_longdress_D_G_4_3.2.ply,sjtu_processed,14117585,44dc256cc09c09d745c80cce06231822d2097f4c6223420cfca41b5722b59bc5
1944,sjtu_processed/human/human_longdress_D_G_5_1.4.ply,sjtu_processed,8823988,f5a894de543fa5282b6c0dda228b3fee46c97d3aea2339b1d041b0f1694d192a
1945,sjtu_processed/human/human_longdress_D_G_6_1.1.ply,sjtu_processed,3529808,172e4681cfc0b129823fda7a5c9cbf6e391fcc40df67a68a894ebfdf0f446145
1946,sjtu_processed/human/human_longdress_DS_1_8.2.ply,sjtu_processed,30000821,7e16bac901263be676b4d7f1d5020ca4eb7c295a4870f2dd2e263f1059ce2916
1947,sjtu_processed/human/human_longdress_DS_2_8.4.ply,sjtu_processed,24706807,bdcc10d2b4e782dcd8dd6d4ed5047f927130e216a42c94b9fd56d7ef20dc04da
1948,sjtu_processed/human/human_longdress_DS_3_7.7.ply,sjtu_processed,19411884,d23bf803fad06326f240253eefbb375bb86203c672a9448bb421a9ec5049024c
1949,sjtu_processed/human/human_longdress_DS_4_5.8.ply,sjtu_processed,14118964,2dd78c2825b4f97e3af851dd7348b4121413808df419b4618774b6d44047226b
1950,sjtu_processed/human/human_longdress_DS_5_4.4.ply,sjtu_processed,8823732,2cbc463b61c0bb360cd9a42c3dfa7b0622648915123e0d2f16094c42afd08b56
1951,sjtu_processed/human/human_longdress_DS_6_2.1.ply,sjtu_processed,3529358,74904c5f6fd2f02b0d5ff4a86f9bb0955894f8533d292728f33b645325c68753
1952,sjtu_processed/human/human_longdress_GGN_1_7.4.ply,sjtu_processed,35294268,4e75f70567549c97f3d61e9b233f60f870e2efa6c56b03a69ff82a126081e46a
1953,sjtu_processed/human/human_longdress_GGN_2_7.0.ply,sjtu_processed,35294097,37405143b65155f2e019601e25b8260c3186002563de4ed0f7abb49bc39df0be
1954,sjtu_processed/human/human_longdress_GGN_3_4.5.ply,sjtu_processed,35293693,5babea048a70153480293feb36e496465ccdb63139ad5aa754357e7b4194c83e
1955,sjtu_processed/human/human_longdress_GGN_4_2.5.ply,sjtu_processed,35293011,57ff02a7c19b0a3bc4547632da0c57cea8f9a6ee83b3441b410c391bdad7e9df
1956,sjtu_processed/human/human_longdress_GGN_5_2.0.ply,sjtu_processed,35292795,baa52e4a56093249a8556dac6812d2a2d1881f588610775555bf2b1d91bdf6c9
1957,sjtu_processed/human/human_longdress_GGN_6_1.4.ply,sjtu_processed,35293380,7ea0df99291a8805e41d82e98eeec1393c59bd7016a53ec62bcd9ee58319ce34
1958,sjtu_processed/human/human_longdress_OT_1_8.5.ply,sjtu_processed,29731880,c5fe1b0e09bd312830bd822db90d1daa33d11ccb0581f883d0796c7a07346b98
1959,sjtu_processed/human/human_longdress_OT_2_6.2.ply,sjtu_processed,24258720,40fcf704a8661a9845c5b66c0c5aca288cb251940c3e7125376f999b120209ce
1960,sjtu_processed/human/human_longdress_OT_3_6.3.ply,sjtu_processed,19621273,4be1ea1b29159b0bd915c6465a984f16577bfa8be4747e080a61be038194c85d
1961,sjtu_processed/human/human_longdress_OT_4_5.5.ply,sjtu_processed,14041448,f655ab93b5bb2c05ad23bacfa1d4740bb8f30dfcb947aaff3ac59a2b4e75905d
1962,sjtu_processed/human/human_longdress_OT_5_7.1.ply,sjtu_processed,8586284,21f329d1307bae0bdb79ad6d525b5e289b18e44b13939af3e0f2ebf0fe86d40e
1963,sjtu_processed/human/human_longdress_OT_6_3.4.ply,sjtu_processed,3708184,f19bcbbf9488b10719d7a30057e452d14ef5052c6e73021508577595a14e6715
1964,sjtu_processed/human/human_longdress_REF_0_10.0.ply,sjtu_processed,47570381,f77cc75c5112474a81a173a369b5f1b3813e136fabf7ec8306a513fe3536162c
1965,sjtu_processed/human/human_loot_C_G_1_8.3.ply,sjtu_processed,33487475,4bd4ea44f8aa0248ae9acf0f4ba7608c8e556288f51400ad39a945b1442681ec
1966,sjtu_processed/human/human_loot_C_G_2_6.7.ply,sjtu_processed,33496218,a49ac2a7091b0c6edb8e26784a0d3507845480406838923c7c599825f4fad6f3
1967,sjtu_processed/human/human_loot_C_G_3_4.2.ply,sjtu_processed,33493820,9a656e1a684e1b310e16a7300a0050ca84949d2b9b9390d01b18972c01a19d5e
1968,sjtu_processed/human/human_loot_C_G_4_2.8.ply,sjtu_processed,33482314,0680d3f73c9fd5e65efe6837351101427faed33912602e7795409ab9e275dd5d
1969,sjtu_processed/human/human_loot_C_G_5_1.9.ply,sjtu_processed,33473949,653ccf96d5b15d525e15027f3fe66dcbe71f081269ff566915ddcf56f3c8331f
1970,sjtu_processed/human/human_loot_C_G_6_1.2.ply,sjtu_processed,33464398,8198baafc9bbf83afb88b87d642a3a173d95788a223ba1b7c0808bb5844f685e
1971,sjtu_processed/human/human_loot_CN_1_9.7.ply,sjtu_processed,33489719,708d75501b230683579a409fd214b579a8b056cf67ff7252b480aedc2338b910
1972,sjtu_processed/human/human_loot_CN_2_7.3.ply,sjtu_processed,33498336,1ff1fd161dd92a51ccbe10b7618b5402d51344d05817eb6d90067a9473b82889
1973,sjtu_processed/human/human_loot_CN_3_5.4.ply,sjtu_processed,33495148,3e3b9eb3234e1aa6de2edc79060a19b50b67ddf19d5126d40142e8db8ce32b94
1974,sjtu_processed/human/human_loot_CN_4_4.6.ply,sjtu_processed,33484417,c8ed527259d1df0057f7a3336de61d8a5059bdead50afa6cdc468a237239f474
1975,sjtu_processed/human/human_loot_CN_5_4.2.ply,sjtu_processed,33475693,e4cf4458f06ff1a042e24ab6992eb4f13e83480ab0404a6b72185a87adf92f3c
1976,sjtu_processed/human/human_loot_CN_6_4.1.ply,sjtu_processed,33467005,8a861e39101943e65f73c9ed0ee17140035f9c3f3e7ec2be5d40306a04d441ad
1977,sjtu_processed/human/human_loot_D_C_1_8.2.ply,sjtu_processed,28465682,d585445ddf90c6586b3c21daa1eca1d88640a9e767bb85606d595bd230b2df11
1978,sjtu_processed/human/human_loot_D_C_2_6.9.ply,sjtu_processed,23449064,8f1d61a06dd174a06c0de4cdbd013bda8bdcffea38917b23046a3ab339107b71
1979,sjtu_processed/human/human_loot_D_C_3_4.8.ply,sjtu_processed,18422834,6c8a391962599a3c666e9905be901c5f3bb5a6d399d8e573108f2715a2835e24
1980,sjtu_processed/human/human_loot_D_C_4_4.3.ply,sjtu_processed,13395659,6a7b5b4bcca96e2c80e544d457ffef557b5288fa25fd90991ce71b45f81ae3d7
1981,sjtu_processed/human/human_loot_D_C_5_2.3.ply,sjtu_processed,8369634,a438c7cf1c6dbcb2448f05367fd7394ffe7cf2ad311325183e98ccfc57f63fcc
1982,sjtu_processed/human/human_loot_D_C_6_1.2.ply,sjtu_processed,3347353,6e166178e97f173b3a36b733f628cba85374523109a74934ebd0893ba0a4d59a
1983,sjtu_processed/human/human_loot_D_G_1_7.2.ply,sjtu_processed,28463308,b8de42be0e6cc8e1cd25662e42f4ee414dfedecb83362b04931e28783961ed2b
1984,sjtu_processed/human/human_loot_D_G_2_7.3.ply,sjtu_processed,23440268,9d801323d1ce668e6f708e71dd570381558e5a29c3de5802fb3ca4d218b0e774
1985,sjtu_processed/human/human_loot_D_G_3_4.2.ply,sjtu_processed,18418000,5df1419600a899c5abfdef540288645ae1a433728e8cbff522fa6f93f1dbcf27
1986,sjtu_processed/human/human_loot_D_G_4_2.4.ply,sjtu_processed,13394348,0439a8665dd1c82d346c92fd073fb0a60aa5deb32e3f9dc52cf2f9e0a095c376
1987,sjtu_processed/human/human_loot_D_G_5_1.7.ply,sjtu_processed,8372486,9992094540bd64f74cac11337da587fa1adb07e027cc2cc546b8f3ca860d6785
1988,sjtu_processed/human/human_loot_D_G_6_1.0.ply,sjtu_processed,3348636,f297b70086476e0a5b05aa4152dd94b1302512c52ac0df9b178c8feb9e143a48
1989,sjtu_processed/human/human_loot_DS_1_8.3.ply,sjtu_processed,28464949,4f3536d1f2446f0f9d4fff74008467784b5c780927e584b9ba8145f377e13cd3
1990,sjtu_processed/human/human_loot_DS_2_8.6.ply,sjtu_processed,23443116,12282cd4c3095709878d6a17be66b7dc3b0f241e6cdd8b8a9a95b0c725c615bc
1991,sjtu_processed/human/human_loot_DS_3_7.7.ply,sjtu_processed,18418314,f564a8f721ce3647631d8679ee0feeb52cc0e9a1998411c82e0621a318eb1616
1992,sjtu_processed/human/human_loot_DS_4_5.8.ply,sjtu_processed,13395237,41a4600cd7e7393786066248d6c68734fe253a715d6fb1d9e67975b91d95be21
1993,sjtu_processed/human/human_loot_DS_5_3.0.ply,sjtu_processed,8372822,643d306bfdeea65ae6c10a6cd88397c408dff9b867cbcfe52bfe056dec2775c6
1994,sjtu_processed/human/human_loot_DS_6_1.9.ply,sjtu_processed,3349013,3b66b63503f0cea7ec78fea2cbbcaca53060f8b6135bbdfd0aafa3da12d1775a
1995,sjtu_processed/human/human_loot_GGN_1_7.3.ply,sjtu_processed,33486776,34418b4021158e71aa314d994231747b251a46c04f12cf710c9dee4178af4fb6
1996,sjtu_processed/human/human_loot_GGN_2_7.8.ply,sjtu_processed,33486713,3afa5504d072e820222d9091438b1b61414031c81cfef8c69a12da9fe7df720a
1997,sjtu_processed/human/human_loot_GGN_3_4.8.ply,sjtu_processed,33486586,b57eb50bd0b0196cad7200dbd5e469d62cdad998c2683c1a1e1b117c2ae0058b
1998,sjtu_processed/human/human_loot_GGN_4_2.8.ply,sjtu_processed,33485708,44025701b7498eafd17ddef864c8cb9052f969c7e45691d7f8cf04e1ba31a8c0
1999,sjtu_processed/human/human_loot_GGN_5_2.5.ply,sjtu_processed,33485517,a7c986cc20d0aec93de74a1f56fe49aa0bb7f8f9f7fe9d606ceb7c0880169d61
2000,sjtu_processed/human/human_loot_GGN_6_1.2.ply,sjtu_processed,33486517,5ec7cf0a55bdd7c13abe9b4309dbb9b9fc46bb08efbb4157e36e16bb8a9bab18
2001,sjtu_processed/human/human_loot_OT_1_7.0.ply,sjtu_processed,28209537,5c34cd0bb500986cdee2ec07a0dc8bfe1cd89b859a5356fd5724c012999f1d77
2002,sjtu_processed/human/human_loot_OT_2_7.1.ply,sjtu_processed,23002913,b715c957036082a0b6ae2c40d8eef13aaff0bbb9224163238525057fcfec4461
2003,sjtu_processed/human/human_loot_OT_3_5.4.ply,sjtu_processed,18595266,fc8be7277a9a94c78704403f46ba50362ac6cb40cd1aa7141cd906e301fde744
2004,sjtu_processed/human/human_loot_OT_4_5.2.ply,sjtu_processed,13310599,309933d504c10d2537794862b0566587b0f3f1d8e84ab32db2214439eaf39d9a
2005,sjtu_processed/human/human_loot_OT_5_6.7.ply,sjtu_processed,8117285,f59a5ac1ecaafe46bd542fb51cba88dba40de6d222a5f34d90b0e35d3f20e62a
2006,sjtu_processed/human/human_loot_OT_6_2.7.ply,sjtu_processed,3507906,67473e319d8e5cbf77f631d92bb2c917db5fd7d0200f60c054fb556f9229f62f
2007,sjtu_processed/human/human_loot_REF_0_10.0.ply,sjtu_processed,45207940,95cca1eb9079923e644713d208b29551d25269da177cc4015f1af8cedc7933a7
2008,sjtu_processed/human/human_redandblack_C_G_1_8.5.ply,sjtu_processed,31011464,e7843bae6246d261da6ba66bbb243cdb979bae37fdc19a64db67643a05a7aa00
2009,sjtu_processed/human/human_redandblack_C_G_2_6.1.ply,sjtu_processed,31003475,e1c143a986a52c90db7257374a270173707a14b70e14bb81f071775b0c585d72
2010,sjtu_processed/human/human_redandblack_C_G_3_6.0.ply,sjtu_processed,30990533,75f3c742945c6c12ac02399d27e29ac56ec70f60740b80b8226c63962e24d01e
2011,sjtu_processed/human/human_redandblack_C_G_4_3.1.ply,sjtu_processed,30976652,e427ce5221661b26feb29346a8673edb8e58da790dcda8029ebfa64dcde3c034
2012,sjtu_processed/human/human_redandblack_C_G_5_1.9.ply,sjtu_processed,30960445,e92cacf4a1b82a937abcd777917799c099cb07a691cbb12fd222cf6f25c2f34b
2013,sjtu_processed/human/human_redandblack_C_G_6_1.7.ply,sjtu_processed,30942483,831598813f07bececa093467ce3b5471b4f6bc52389c2854f2521d5105f57d2e
2014,sjtu_processed/human/human_redandblack_CN_1_9.4.ply,sjtu_processed,31011906,1db5eb45c453d66b998c9fa38cf418d7e7f16e44a3dbf3350827c9aa4b9463ae
2015,sjtu_processed/human/human_redandblack_CN_2_7.6.ply,sjtu_processed,31004024,9e28e6bc06c888796c2031832fa618759e8cf80ef77cc5c33ac909704377a14c
2016,sjtu_processed/human/human_redandblack_CN_3_7.2.ply,sjtu_processed,30991959,0a1d2a5effc8d51258342e008b47dd8894d11387e4a83c795e11d93c938dc8d9
2017,sjtu_processed/human/human_redandblack_CN_4_6.5.ply,sjtu_processed,30978389,a4cac8a5cf23fb97ae3145bb2f9c8fd15e78bb9a3f79d760b2568aa0eb4fa42d
2018,sjtu_processed/human/human_redandblack_CN_5_5.5.ply,sjtu_processed,30962218,409501b847361ac06ac1ce742e895393d6630a9b2f87e6ec56344e9fc46687f1
2019,sjtu_processed/human/human_redandblack_CN_6_4.8.ply,sjtu_processed,30944792,508a491e74e94cce6473d71801fc7c62dd78eb3397b4e7d92686cd6c767efcfa
2020,sjtu_processed/human/human_redandblack_D_C_1_8.2.ply,sjtu_processed,26360149,b0ab77f33cf3968c35581c198bd5be929d7c5ed269a769faa6e3f4a67e0400f8
2021,sjtu_processed/human/human_redandblack_D_C_2_6.8.ply,sjtu_processed,21702824,acf76ba40639736a23d8c4f19a7d31ff7a8561783595ff43fc1f59b66bab007c
2022,sjtu_processed/human/human_redandblack_D_C_3_6.1.ply,sjtu_processed,17045950,8166c883e08650c2eacdf0d10ae34e53528017c7fe3f7a8245e9b7c38a704faa
2023,sjtu_processed/human/human_redandblack_D_C_4_4.6.ply,sjtu_processed,12391330,b95f13a371d7470072f135b1411363d69cdbc39cb8ed885271e7c4ce3248eeff
2024,sjtu_processed/human/human_redandblack_D_C_5_3.5.ply,sjtu_processed,7740597,730808e29aeebbc572d2021a7f5092ea30f5b82967737b99e8fe25bcb72ce085
2025,sjtu_processed/human/human_redandblack_D_C_6_1.4.ply,sjtu_processed,3094194,8201b95ae97896743b0b70f5a806fd5cb1241e35045a3279c658a2fd126bb511
2026,sjtu_processed/human/human_redandblack_D_G_1_8.3.ply,sjtu_processed,26359030,b7baea91fbb206421b3683fa0d14c455e97de4b774c600d11091f542b00fac8a
2027,sjtu_processed/human/human_redandblack_D_G_2_7.4.ply,sjtu_processed,21706679,6ff23a0504658ff96c9dfb0d2e0121ec0b604d8b42810ec9baeeb06fcbd5bd67
2028,sjtu_processed/human/human_redandblack_D_G_3_5.6.ply,sjtu_processed,17055439,830a510ae59f5c52e88512da3d4a4e388434b45264af639c2264d40f9d6acc47
2029,sjtu_processed/human/human_redandblack_D_G_4_2.4.ply,sjtu_processed,12402917,e27208fdea4f4f897d6bd61bb108b8731db578e3aedfc1aa567e6dcf2df35dd6
2030,sjtu_processed/human/human_redandblack_D_G_5_2.3.ply,sjtu_processed,7752082,fc46a74573880153f27a292ff360d51d576820b23b5cdc582029b7a9f5e39852
2031,sjtu_processed/human/human_redandblack_D_G_6_1.0.ply,sjtu_processed,3100770,32cd5f0a296c67295c974ad4f233a2fd779a1fb682023f5ff9fd119c22dbc12e
2032,sjtu_processed/human/human_redandblack_DS_1_7.8.ply,sjtu_processed,26358845,fe7675dd2c70b678cb7a65b12af6f68a6a567eada7266454ee0f8582b7ec65a1
2033,sjtu_processed/human/human_redandblack_DS_2_6.8.ply,sjtu_processed,21706657,44e0f9f47935325712d1bb9ef99c2591837c5fd330e35cb40957f1c98a90f137
2034,sjtu_processed/human/human_redandblack_DS_3_6.7.ply,sjtu_processed,17055397,2f56ba2cd239312bb0e2fd3bbdc4943dc47adb10f99cdfc2d1b0c783265aa6a7
2035,sjtu_processed/human/human_redandblack_DS_4_5.2.ply,sjtu_processed,12404283,263433d4c24742a3a53e4a8e9005c81b34b2a7556fac2ba09a12c4a84f94fb54
2036,sjtu_processed/human/human_redandblack_DS_5_3.7.ply,sjtu_processed,7752933,b14559dc857fd5c47621f9190fec450264f2a9ee2a18196255155439087a369b
2037,sjtu_processed/human/human_redandblack_DS_6_2.1.ply,sjtu_processed,3101397,b2dad5b036869393094af054238a47dc30fabc999c45d0a123b3f9fc5a56dd7c
2038,sjtu_processed/human/human_redandblack_GGN_1_8.1.ply,sjtu_processed,31010069,b821b7371404295ecc51a30c823445f02e6aecabfb865e36ab205077c4baf8a1
2039,sjtu_processed/human/human_redandblack_GGN_2_6.4.ply,sjtu_processed,31009874,8671017a77addf9db22efeef31d2e16766477d85b05240378747436bee9ca4ab
2040,sjtu_processed/human/human_redandblack_GGN_3_6.0.ply,sjtu_processed,31009489,680340b0117f5dcc7e3ca4af09a07c00a6b650d7f915e627a5a4ef24c0b564a3
2041,sjtu_processed/human/human_redandblack_GGN_4_3.4.ply,sjtu_processed,31008547,ad8b4c7e03ab762fd6de181bad941e7724223681fc6a6fa7f33345c8c6ad2f23
2042,sjtu_processed/human/human_redandblack_GGN_5_1.9.ply,sjtu_processed,31008299,d3aaab60c378c3fb151ea10144438bb30af0daf6bf3bfa99921ed6f16995a3a8
2043,sjtu_processed/human/human_redandblack_GGN_6_1.8.ply,sjtu_processed,31008485,d50f0fe72ddf115d656d42026efb83025a3740ca2e5fcb34cbc97ba8d5413a95
2044,sjtu_processed/human/human_redandblack_OT_1_8.2.ply,sjtu_processed,26123196,254d5d9391562098bc274ef14937396a03359a06efaf53ff0c03e5b8044600b6
2045,sjtu_processed/human/human_redandblack_OT_2_6.5.ply,sjtu_processed,21316591,9151dc57b8d348ede12e4d353bcf7e0dccd03492f922d4edcd5414e1d6345c04
2046,sjtu_processed/human/human_redandblack_OT_3_6.7.ply,sjtu_processed,17242358,16d31aaf954b9821e561ea078e7b32de1278c6f9c8da66d2be7666a4bbe4818c
2047,sjtu_processed/human/human_redandblack_OT_4_4.9.ply,sjtu_processed,12344247,0854c1fa7c18f2099877d32a5f3b9b0f6d2a72b4f01d55ae4f5638706811f82c
2048,sjtu_processed/human/human_redandblack_OT_5_6.3.ply,sjtu_processed,7525369,e8511102b9961a514e85d6f69464db450183d855729be139e3507e8232d0793a
2049,sjtu_processed/human/human_redandblack_OT_6_3.8.ply,sjtu_processed,3247974,b6037942f953d16b3a82405d43684b23051ea026a60a484846865eccfa6310f3
2050,sjtu_processed/human/human_redandblack_REF_0_10.0.ply,sjtu_processed,41975437,0d61923a67aa4306899565808c27d447017582f36ed732dafd7f30ddd4ddc312
2051,sjtu_processed/human/human_soldier_C_G_1_8.7.ply,sjtu_processed,45726597,5c5b864c948fa81457c5c4579a9fbd99540a7f7f927ac1125cb5c938608a89d1
2052,sjtu_processed/human/human_soldier_C_G_2_7.1.ply,sjtu_processed,45734967,334ae469a3c8aa790e55c1288799e51347337346ccf88e5132c95f3af631cfa6
2053,sjtu_processed/human/human_soldier_C_G_3_4.4.ply,sjtu_processed,45740665,3166fca27422f0cdc13342f3aa7ece1ba379c34357e7524aa2d96dd4c18c8c30
2054,sjtu_processed/human/human_soldier_C_G_4_2.8.ply,sjtu_processed,45742457,fb767fd872406cfa2551461cf56f1acd9c2a26609599fedd113f7648491d1c7d
2055,sjtu_processed/human/human_soldier_C_G_5_2.3.ply,sjtu_processed,45736613,e26bd0adf612af60182227af15cc35a7d2fb039c43fdce88f41d9ef3aed30706
2056,sjtu_processed/human/human_soldier_C_G_6_1.4.ply,sjtu_processed,45716905,6295159e2188672e67442e832c9d6e9ce6e9e071c1c847552006826b49538330
2057,sjtu_processed/human/human_soldier_CN_1_9.6.ply,sjtu_processed,45732158,9bcd51ae392f8b41d8d4ba0154f2eeec3fde2c567f225a76628d6752b5d3fdad
2058,sjtu_processed/human/human_soldier_CN_2_7.0.ply,sjtu_processed,45740503,6f2110b7f0885fb068cba5841097177a80caec9906cc8aeab79e4ded5f4db4bd
2059,sjtu_processed/human/human_soldier_CN_3_5.8.ply,sjtu_processed,45745930,3cf6d1e774d86c22e317e88c811e4172f48f5c145b613e09654a8c7849f11fd8
2060,sjtu_processed/human/human_soldier_CN_4_6.1.ply,sjtu_processed,45748772,3ffac7b616e21d2aac79b83b52017215cedc1e4dd36003c44a71d565ce463ddd
2061,sjtu_processed/human/human_soldier_CN_5_4.5.ply,sjtu_processed,45742913,41231a10f75335b43887c6db69b3b2e235f0ffdba829335fc8a8a11cb5a7c77b
2062,sjtu_processed/human/human_soldier_CN_6_3.9.ply,sjtu_processed,45722540,94b1ee86b53ba4e1d9faa53672b8da3a1aa7981a458460b3a8b1797f1b9afba1
2063,sjtu_processed/human/human_soldier_D_C_1_9.2.ply,sjtu_processed,38872407,7cbc07e3f184fd69f5bb67020c30b75d3ed82ef0cdce00a9bbb185e4a6519a41
2064,sjtu_processed/human/human_soldier_D_C_2_8.1.ply,sjtu_processed,32018196,0a6b06251acff2d69a8d45c7c1a98c84737000761789f2f5e2b989183d620fb5
2065,sjtu_processed/human/human_soldier_D_C_3_5.8.ply,sjtu_processed,25160339,bd10c213ee793fa038212fb8c4e2d68758ceea149e6cfc031044e2bc6a83edcb
2066,sjtu_processed/human/human_soldier_D_C_4_4.5.ply,sjtu_processed,18300597,dfc115941b945b96861f9c99701ebfe0c5b4569f211b8759dccdca194e6669d6
2067,sjtu_processed/human/human_soldier_D_C_5_3.2.ply,sjtu_processed,11436220,3a96c89dbcba9fb96fd75e4190fedf9b17ccadeb1e271bc7d9ba6e6e54de0d19
2068,sjtu_processed/human/human_soldier_D_C_6_1.5.ply,sjtu_processed,4572788,0006bc3e115b67f0583a614c375b0e8cc63014ef9ac84999ea0d0b5aef49f1ca
2069,sjtu_processed/human/human_soldier_D_G_1_7.8.ply,sjtu_processed,38866809,396801379a6ad38d143fa072dc1d9bd8645b844c9c256d64b191ebe8c24ca43f
2070,sjtu_processed/human/human_soldier_D_G_2_5.8.ply,sjtu_processed,32005965,be518743d423b9681e2b4bff74b11cf862624c801e7bcb7ab65cbad3d03fefee
2071,sjtu_processed/human/human_soldier_D_G_3_4.6.ply,sjtu_processed,25149931,adfc814c1277d492a37c8d1362ec5c3f3844a0dceef4f4693649c1d423bbdcc5
2072,sjtu_processed/human/human_soldier_D_G_4_1.7.ply,sjtu_processed,18289291,cb84e537b86f64b7c6c68fc8992444d7b9726ea9422d4ada19548031651efcf8
2073,sjtu_processed/human/human_soldier_D_G_5_1.8.ply,sjtu_processed,11431606,2dd9f5ec3759aa484664df8570b71c35a70b8659e5f34b23c45336fd25491eee
2074,sjtu_processed/human/human_soldier_D_G_6_1.0.ply,sjtu_processed,4572957,10e375a65d1b6200e5ad069690a86b64115dd3a6d730645168010311f47d1407
2075,sjtu_processed/human/human_soldier_DS_1_7.6.ply,sjtu_processed,38871740,e07f79670c0a8238ea3af0b04c2d36c2e17071c0e5f2bdbd70eccce2e239f1cd
2076,sjtu_processed/human/human_soldier_DS_2_8.5.ply,sjtu_processed,32010919,a7f0a5379ebef1a5c7fa1018f74e16782935b15fb882cf05f190270cc98e9f93
2077,sjtu_processed/human/human_soldier_DS_3_7.7.ply,sjtu_processed,25151919,c2a52e0f95ef34540a4dc701701a998936a9d33f0f0b1f04dc92ab8111bad979
2078,sjtu_processed/human/human_soldier_DS_4_5.6.ply,sjtu_processed,18292408,3b46a3e3f1202fbde0c8515f52720f27c32aafe625bea9bc2ab55f9cb95c073d
2079,sjtu_processed/human/human_soldier_DS_5_4.1.ply,sjtu_processed,11432688,e2a5c5c1ea63447a423a511803ffc0f5b270a2ef791811502f7318a3318c2dab
2080,sjtu_processed/human/human_soldier_DS_6_1.9.ply,sjtu_processed,4573813,bb615225ce62da14113c7bfab19c7610162648379117d3c0c7957745833ce3e5
2081,sjtu_processed/human/human_soldier_GGN_1_7.8.ply,sjtu_processed,45726261,ae25960a7d15f938aed152a7954cbc7362f7ef3b7f02ab6869df91e6ff5cc646
2082,sjtu_processed/human/human_soldier_GGN_2_7.7.ply,sjtu_processed,45726185,8661e58a2e5b71a0b36d17622eacd36f5755b8da8ecc406e156239a3eaa6485d
2083,sjtu_processed/human/human_soldier_GGN_3_4.3.ply,sjtu_processed,45726018,b555aa5480200bbeb772e19416cb68f4dbc761acc0fe023cd0e2dc4918bbc5b3
2084,sjtu_processed/human/human_soldier_GGN_4_2.3.ply,sjtu_processed,45725370,a9e09ccf503b0ad73c083f91d0a4c1cce93755af51167c2077750714cd4252c6
2085,sjtu_processed/human/human_soldier_GGN_5_1.9.ply,sjtu_processed,45725620,b37b142caa742697258599e0547124a34289a466ae3511dd08beae20287159c1
2086,sjtu_processed/human/human_soldier_GGN_6_1.2.ply,sjtu_processed,45727174,0999b21df80fe1dcaccfdbfab285261b97b08874ddceb718f3e43f30219a34e0
2087,sjtu_processed/human/human_soldier_OT_1_8.3.ply,sjtu_processed,38554292,1c6c053e63c6894768bea617461ed03a0f7e5f92d30489d3bfff54cf51c94790
2088,sjtu_processed/human/human_soldier_OT_2_5.8.ply,sjtu_processed,31489567,c421974a187c3042f3b1ed488759f48f3aceb8844f2ca728c99dc03e57bbf790
2089,sjtu_processed/human/human_soldier_OT_3_5.8.ply,sjtu_processed,25492283,a4195a15440af529d843dcb66fab114e74b52bb4bba29058d0b2bff0d15b2bb0
2090,sjtu_processed/human/human_soldier_OT_4_6.2.ply,sjtu_processed,18294131,0c50fd64ff9ae2b9bb33486ca7f60315572f67dfd1a57fd5f6ff081156c417ca
2091,sjtu_processed/human/human_soldier_OT_5_5.1.ply,sjtu_processed,11174224,e56c6aa337eae5d5e7a047b68fcd5c0405ccff99c33e6a834ab3ea0b6194307c
2092,sjtu_processed/human/human_soldier_OT_6_3.8.ply,sjtu_processed,4846664,01f72c56b49e493c7b1c80ba12c263826b8525da1c49a670a9b18bd5793f8424
2093,sjtu_processed/human/human_soldier_REF_0_10.0.ply,sjtu_processed,61813947,a21934a513d85c6d52463db15df7922dfa5452edacc98f3d5201db28f9233b69
2094,sjtu_processed/scene/scene_UBL_unicorn_REF_0_10.0.ply,sjtu_processed,103093659,5348c37b4936508c0a6fc28b17eb2c7c564d77da1d342535cb170f8722ad7b91
2095,sjtu_processed/scene/scene_ULB_Unicorn_C_G_1_8.4.ply,sjtu_processed,87710241,33c3f426f85e96b3508050474f6e4cceaed702bda7633759f23431ae701b2f7a
2096,sjtu_processed/scene/scene_ULB_Unicorn_C_G_2_7.1.ply,sjtu_processed,87644039,6bccebf5de0a427d2261dec7961c1dcd51d25bbd09f60845f63b5ffadff62f4e
2097,sjtu_processed/scene/scene_ULB_Unicorn_C_G_3_5.2.ply,sjtu_processed,87580321,de0576c551cdac9bbdc20baf8112998bb305074dd6a649ee41c3d6806ef573f2
2098,sjtu_processed/scene/scene_ULB_Unicorn_C_G_4_3.1.ply,sjtu_processed,87629350,88074f1f0cbd5d33df990118d4256c1bf9597962834ebd4e25ece1301badd396
2099,sjtu_processed/scene/scene_ULB_Unicorn_C_G_5_2.2.ply,sjtu_processed,87634249,e31b6d950d75cc9ec0125a6765b2d6b1a103861164a74c4897ca63a88bfc8c10
2100,sjtu_processed/scene/scene_ULB_Unicorn_C_G_6_1.3.ply,sjtu_processed,87675756,c504b98169c609b7a5a8143cec8c722efe28fbce72a4c445a864275a1a6ae122
2101,sjtu_processed/scene/scene_ULB_Unicorn_CN_1_7.7.ply,sjtu_processed,87389987,e9b719c43ace96ca337e0bf88f976b3f7f0a974d72a724dbbdbe488a0fce36fc
2102,sjtu_processed/scene/scene_ULB_Unicorn_CN_2_8.4.ply,sjtu_processed,87321328,9756dcbc18d9b73456d79c59f647fecaf245f5d59ca2f2215e10f273754c697e
2103,sjtu_processed/scene/scene_ULB_Unicorn_CN_3_6.6.ply,sjtu_processed,87254281,af23aa923c43a7ffdce9e4755aaba342dc57a6df2a83b8f628815195aa831b6b
2104,sjtu_processed/scene/scene_ULB_Unicorn_CN_4_6.9.ply,sjtu_processed,87161092,2fcf3e4caa3f6a44e04a89ef08d68bbc142e8157da9e4f331b3f731d9c3cc60e
2105,sjtu_processed/scene/scene_ULB_Unicorn_CN_5_6.3.ply,sjtu_processed,87053269,6884c1a3de15746bac14077779679f2c88cc61601b25d5b7fcfb24ec4002680f
2106,sjtu_processed/scene/scene_ULB_Unicorn_CN_6_5.9.ply,sjtu_processed,86937098,c0c6eab22026eb26237f64209f98ae90960e2911c16caf76da701c3fc8c96594
2107,sjtu_processed/scene/scene_ULB_Unicorn_D_C_1_6.8.ply,sjtu_processed,74280757,1fe3541f03c8a62a3553a03631ff7002ce482fa0ae7d31329a60e194ff180673
2108,sjtu_processed/scene/scene_ULB_Unicorn_D_C_2_6.6.ply,sjtu_processed,61123342,4cd6381ebc76857e2db2110a030b4159efbad5510cac4382bf62f7afabe9dae9
2109,sjtu_processed/scene/scene_ULB_Unicorn_D_C_3_5.1.ply,sjtu_processed,47992411,8c5617037452254b235e083f69f41ad1877b9ea3ce5ee5da1cff3d97bf5fdc75
2110,sjtu_processed/scene/scene_ULB_Unicorn_D_C_4_4.2.ply,sjtu_processed,34866493,0d3876e216cafea38f37a1bc599979fd207126064c2b27c6ec6bbb4646f15d5d
2111,sjtu_processed/scene/scene_ULB_Unicorn_D_C_5_3.5.ply,sjtu_processed,21763478,7725142f19d21e9e473161b7e3b332dbf68fd7e28f5223b889dd780ca4658403
2112,sjtu_processed/scene/scene_ULB_Unicorn_D_C_6_1.4.ply,sjtu_processed,8692294,90a8120f4dfabf094ef5aab3aec2639b5e4100808bf3e9e7ec53dcd9b463914b
2113,sjtu_processed/scene/scene_ULB_Unicorn_D_G_1_7.2.ply,sjtu_processed,74560211,4da4dc8bc30963facb64b0d51e6e7ea79f76394d76d87d57ff1192f9209e0562
2114,sjtu_processed/scene/scene_ULB_Unicorn_D_G_2_5.9.ply,sjtu_processed,61405369,f38466693f0500e58322174b215cc8bc5cbbd253ce0a314c04d324640e927b7a
2115,sjtu_processed/scene/scene_ULB_Unicorn_D_G_3_4.6.ply,sjtu_processed,48251343,e190b44bc8cd48b4b43d5ac9c59926020d1bdbc489ac1dfc941fbbb69d753be1
2116,sjtu_processed/scene/scene_ULB_Unicorn_D_G_4_2.1.ply,sjtu_processed,35147318,650005a9704a24cc9a06b336f3f5ca58dc9546c9c12d68218de3cd6239cbabe5
2117,sjtu_processed/scene/scene_ULB_Unicorn_D_G_5_1.5.ply,sjtu_processed,21993120,61df68675738f833da953b15231f9982f4a044ef3fe6c4d0999fc796fb0f6828
2118,sjtu_processed/scene/scene_ULB_Unicorn_D_G_6_1.2.ply,sjtu_processed,8813303,1f76912b9c4e998631c1b4a0e14030cd31d3f5026dceaf0fd47521dbde7863a8
2119,sjtu_processed/scene/scene_ULB_Unicorn_DS_1_7.4.ply,sjtu_processed,74289228,319da31436816b9f2bb45a5b0760d9d76afabefa43acadd5657d05592713b505
2120,sjtu_processed/scene/scene_ULB_Unicorn_DS_2_5.9.ply,sjtu_processed,61179368,452ea908197b5d89336e4c51042a329c93d0c3696eff96c0d434e7db58eb0940
2121,sjtu_processed/scene/scene_ULB_Unicorn_DS_3_6.2.ply,sjtu_processed,48071244,c24ff48f296ac77b512358f306cab9fb86d73142711ef520e3754bd2831c8723
2122,sjtu_processed/scene/scene_ULB_Unicorn_DS_4_5.5.ply,sjtu_processed,34960958,76c843db135346dc4decbe5d69c4e24ae8d60ded790c6ff0af9ee99f2d9e7323
2123,sjtu_processed/scene/scene_ULB_Unicorn_DS_5_3.6.ply,sjtu_processed,21848961,6bdccec9d97f708b5989d64acce8561c217513e66af42e4492278e11e6889abc
2124,sjtu_processed/scene/scene_ULB_Unicorn_DS_6_1.8.ply,sjtu_processed,8739937,bcd0b1f457ee2e01e6745db8113556ac1a7fcf2242fed644e13d12f81591046a
2125,sjtu_processed/scene/scene_ULB_Unicorn_GGN_1_7.8.ply,sjtu_processed,87719905,1d81c750b035f8bf340e3e97379bde82e883cbf269131ee645380ed4c1e5d903
2126,sjtu_processed/scene/scene_ULB_Unicorn_GGN_2_7.2.ply,sjtu_processed,87722079,7baa863ebec9dcc7b29f032dbf2b96ee927b2ad17f328c56bbd65ff26f6093cf
2127,sjtu_processed/scene/scene_ULB_Unicorn_GGN_3_4.6.ply,sjtu_processed,87727549,d0364198bfd7b358571cbd3ca039ac3269f054dffd2118f3e94929ddb3afcd4c
2128,sjtu_processed/scene/scene_ULB_Unicorn_GGN_4_2.6.ply,sjtu_processed,87868887,e04d94f75d10a5de8b72a6856b499b589c72ff59a4c9c5b0499649b100139d07
2129,sjtu_processed/scene/scene_ULB_Unicorn_GGN_5_1.9.ply,sjtu_processed,87978638,be8b8c71277d10c1b27be54efaeeac1a221bf0c8c24e3f09a78a9c1d8e65faa0
2130,sjtu_processed/scene/scene_ULB_Unicorn_GGN_6_1.3.ply,sjtu_processed,88137113,fd16db17ed0ada95af853d4e8de95b976df994e872895bbdcf89f34d65fbd319
2131,sjtu_processed/scene/scene_ULB_Unicorn_OT_1_8.2.ply,sjtu_processed,75553568,41e2e0ed9c377e2a3444d36a00ced5bd3507f447b6ff13d697f0236a58dfc50a
2132,sjtu_processed/scene/scene_ULB_Unicorn_OT_2_7.4.ply,sjtu_processed,63969459,dbcf263972273b5afa2bb620c7a1d1dd389cdaad16879dade394166fc0c6ec9d
2133,sjtu_processed/scene/scene_ULB_Unicorn_OT_3_7.0.ply,sjtu_processed,47125620,b14fd33638fcd908b955c19339b3f20de840ccb4732440568c2e0a414cbf59c5
2134,sjtu_processed/scene/scene_ULB_Unicorn_OT_4_6.1.ply,sjtu_processed,34476941,4b3984d4293518c29849dec5efb4531ee982b36179c1cae0f74ded3baae06e92
2135,sjtu_processed/scene/scene_ULB_Unicorn_OT_5_5.0.ply,sjtu_processed,21844153,d08724de127e8090cf43c6852e4bac8fadfce2aec702888f557ffde55e207123
2136,sjtu_processed/scene/scene_ULB_Unicorn_OT_6_2.4.ply,sjtu_processed,8940358,40748543c40581636ac370e57acda850385efbe71eae98d8803282fabae0f013
2137,sjtu_processed/statue/statue_shiva_C_G_1_7.1.ply,sjtu_processed,44135681,09cf1752fc6c51bb7f50d95dc216af9c1a32f24f056e05114428a8895e806a87
2138,sjtu_processed/statue/statue_shiva_C_G_2_6.7.ply,sjtu_processed,44125693,46283e254a3213df8269136446f52ab27e9132a8d0f6a2b53f415770e9baf50f
2139,sjtu_processed/statue/statue_shiva_C_G_3_5.8.ply,sjtu_processed,44112698,2d6e0db6ae1c8e6b05336e7d221efbd8c5cad1853c063eff2aa3b8edebe9ced1
2140,sjtu_processed/statue/statue_shiva_C_G_4_3.7.ply,sjtu_processed,44090484,c85ff4043d444f54ff07ca7e19ad7c32adb5cda015aa304adb04115bfdcbbab9
2141,sjtu_processed/statue/statue_shiva_C_G_5_3.0.ply,sjtu_processed,44057666,1e0168fdcddaaa29b681b19940dfdbe6c99627cb9622dfe6236b4d4e7987e79f
2142,sjtu_processed/statue/statue_shiva_C_G_6_2.1.ply,sjtu_processed,44014279,aad472f88d940439d997969b54fe0235dc2e46297d1e6fdf943e3caaf7447191
2143,sjtu_processed/statue/statue_shiva_CN_1_8.5.ply,sjtu_processed,44137530,a210aebc73a48740594b1def98d99055f7f81d35725b63c390b8d4308283c5a9
2144,sjtu_processed/statue/statue_shiva_CN_2_6.9.ply,sjtu_processed,44128074,12a0f7cc6a38799c10304c13603bfb7fc1984f242fd604b58102aa2ef2a0502b
2145,sjtu_processed/statue/statue_shiva_CN_3_7.8.ply,sjtu_processed,44114760,4fc289996760b13f10b377cbc33c0db81cd03855b30599cd0ef0d899087a277d
2146,sjtu_processed/statue/statue_shiva_CN_4_7.6.ply,sjtu_processed,44092989,bc206c454b63cd0d9814e62edc92ae1db006d9e7dea90262ab96991834be529f
2147,sjtu_processed/statue/statue_shiva_CN_5_6.8.ply,sjtu_processed,44060608,40f79edb9a6d7d8e6bd0826426706621e43980558adc1b09c87cbed5eefbf76f
2148,sjtu_processed/statue/statue_shiva_CN_6_6.2.ply,sjtu_processed,44015806,93ed34493acc87e56add522326ef7dbaf03e3fae63e8f93577d2a85f4ea88bc8
2149,sjtu_processed/statue/statue_shiva_D_C_1_7.4.ply,sjtu_processed,37516705,a0883d4412e805a8c84bfff41b1b09a19ea8f6674a8889eb1fea095de54f9bc7
2150,sjtu_processed/statue/statue_shiva_D_C_2_6.8.ply,sjtu_processed,30889260,d51315db11951a8e4688c57cf9342773e8bf1c0914fc4659512e79c64a3c01ba
2151,sjtu_processed/statue/statue_shiva_D_C_3_8.0.ply,sjtu_processed,24263476,f854ba0d829ef6dfa7b7b4cec427e25b5d086d80371332d5eb286050b836c250
2152,sjtu_processed/statue/statue_shiva_D_C_4_6.0.ply,sjtu_processed,17638640,8d36c5f1c0412e75c133089b062db77e29ee86ad5c2698761d75a598b857f553
2153,sjtu_processed/statue/statue_shiva_D_C_5_5.0.ply,sjtu_processed,11015771,7cef1ef67b4fcd2723f493bc2de21f61fa603bcafa738c5df5aac03845241075
2154,sjtu_processed/statue/statue_shiva_D_C_6_3.0.ply,sjtu_processed,4402412,ebd38180c5748d0576083e1747ef5985939bee5732227a836e227e5d83a0c7fd
2155,sjtu_processed/statue/statue_shiva_D_G_1_6.5.ply,sjtu_processed,37515122,18cb34060e9674f342a79f532c6accaaa2033c194e0912e9a0d867e13110a153
2156,sjtu_processed/statue/statue_shiva_D_G_2_7.8.ply,sjtu_processed,30896103,be16076cefba46db73480fc255df756123aaad8bcba7aa2cdda8a498d13cba2a
2157,sjtu_processed/statue/statue_shiva_D_G_3_5.7.ply,sjtu_processed,24274793,0cddb3a3feaf16c043f00e3c02a37c2eda6114b3653f64a3d6c82c0c045c7ce3
2158,sjtu_processed/statue/statue_shiva_D_G_4_3.4.ply,sjtu_processed,17654325,bd30d4837734559f70f5f7d1de94a0830d46d65b17385a398043f1e79e7ad311
2159,sjtu_processed/statue/statue_shiva_D_G_5_2.0.ply,sjtu_processed,11033358,b217f1020f1afcdfbb64d23c08f93e4357b29e476f1b9793d2d70d4715d864e5
2160,sjtu_processed/statue/statue_shiva_D_G_6_1.2.ply,sjtu_processed,4413124,30d48f644c995585c7f3d5d9e6e8e8d56a7089da6d5e01a18e2c4bc76dbb4fd5
2161,sjtu_processed/statue/statue_shiva_DS_1_7.0.ply,sjtu_processed,37516486,7973e1b62fd0cd5d96af20c069a20179d0b6ff665760d237535a65afd58d19b0
2162,sjtu_processed/statue/statue_shiva_DS_2_6.8.ply,sjtu_processed,30896178,66ac36436ed93b2a348ca7ea483e81d9c3ceed1a82857a9008a8afe6e5cc6e1b
2163,sjtu_processed/statue/statue_shiva_DS_3_6.6.ply,sjtu_processed,24275601,b6413a7b6ea1947fe6d39eef59fe8098b378733f2b49f2f1fb82db53d131e13a
2164,sjtu_processed/statue/statue_shiva_DS_4_6.3.ply,sjtu_processed,17655099,0151264a42841ac354935064ad66d02f8be18e609e0fbcff9a5fe00f4c9fca58
2165,sjtu_processed/statue/statue_shiva_DS_5_5.9.ply,sjtu_processed,11034128,dbe632a851c441a39251af681f9f76795ab02678068481b7d3bc676cdf606bee
2166,sjtu_processed/statue/statue_shiva_DS_6_3.5.ply,sjtu_processed,4414434,e6285e5321b02985de14a0f635ee347516223fb3996cb0075c41d9f0b29f79b2
2167,sjtu_processed/statue/statue_shiva_GGN_1_8.8.ply,sjtu_processed,44135955,b4142c6f74cfb82caba353615ee9a1d3419e297d28206294333f23e8dbdabcf6
2168,sjtu_processed/statue/statue_shiva_GGN_2_6.8.ply,sjtu_processed,44136005,08ac61682d91554b10c35618c3c546e42fd21bf97fc907b3d43af6ae25511003
2169,sjtu_processed/statue/statue_shiva_GGN_3_5.8.ply,sjtu_processed,44135890,10f1c1e03ffc7efbed249f55226dcbb4afec6683cc5f5f2099ef15c186498e2d
2170,sjtu_processed/statue/statue_shiva_GGN_4_2.8.ply,sjtu_processed,44135530,5f883ecfbbae50d9b0c9279641aaf441a2d341e03841e822f0c4efc7b3435174
2171,sjtu_processed/statue/statue_shiva_GGN_5_2.3.ply,sjtu_processed,44135383,0dc256ac6dbc59cd19dd17a8e7cc1f12bc2e3ae53cb0da61c2822b3af4794287
2172,sjtu_processed/statue/statue_shiva_GGN_6_1.6.ply,sjtu_processed,44134508,68d62bc57e24abc3ddba6ef2258b1dc9795f1667a1bccf397750888dde7f6239
2173,sjtu_processed/statue/statue_shiva_OT_1_6.6.ply,sjtu_processed,37677073,8afde667dd2df71424a0f0962b2d2b964bbf1c5a71fed65174402923378776f3
2174,sjtu_processed/statue/statue_shiva_OT_2_7.8.ply,sjtu_processed,31604635,dda066774397851581df8eec6bea88b58c3d6de6936675fb4db673103b23015e
2175,sjtu_processed/statue/statue_shiva_OT_3_7.8.ply,sjtu_processed,24118550,aaa338b1336251e9de43559137c6e6e16a2181a65f1d375f97a378bb5058d0dc
2176,sjtu_processed/statue/statue_shiva_OT_4_6.0.ply,sjtu_processed,16968760,c4f34a05263f622fbab9ca98113635380942d40f5535251ce30026846f4c4572
2177,sjtu_processed/statue/statue_shiva_OT_5_6.6.ply,sjtu_processed,10711666,86f948fde39bddcec8bed6e5820935ebf86965a3dc164909fbed29eca540122e
2178,sjtu_processed/statue/statue_shiva_OT_6_3.3.ply,sjtu_processed,4786746,6c8cd0f917eb7f45f916d127de7b6d8058e3fd4cebddc415ab0512537a6ee53b
2179,sjtu_processed/statue/statue_shiva_REF_0_10.0.ply,sjtu_processed,59797398,9054b90b21626b095fd272d4e29a2e98e81ba6bf4b602d437b44ba2143c11152
2180,sjtu_processed/statue/statue_statue_C_G_1_8.1.ply,sjtu_processed,22436973,9e5bbd8ea904ec2095b558a436094fda6d268d2bff9218b6885df3051efdc794
2181,sjtu_processed/statue/statue_statue_C_G_2_6.8.ply,sjtu_processed,22428874,96d1414730b5aeab3ff5178662afc75ff568446ea8e9761183ad7ef5aa785530
2182,sjtu_processed/statue/statue_statue_C_G_3_5.2.ply,sjtu_processed,22418959,7e9eb066525c3dd16295514300b0c2278f0b89c72cae194c3190897f313b5c92
2183,sjtu_processed/statue/statue_statue_C_G_4_3.2.ply,sjtu_processed,22402032,cb45951761a7da0fca603a48a255bfe38ee9441c04fc8040fbbb360ab4b6dfd7
2184,sjtu_processed/statue/statue_statue_C_G_5_2.5.ply,sjtu_processed,22376912,b2db7395d76b74f0de601b19e992f253560c00a0e5b0982db0667689fd915201
2185,sjtu_processed/statue/statue_statue_C_G_6_1.6.ply,sjtu_processed,22345518,299ccb866497da34995e7daa6ceddfca23b8da8d108760ac1ad33fe46be8a9af
2186,sjtu_processed/statue/statue_statue_CN_1_7.4.ply,sjtu_processed,22437287,13ce0616b6ef7f028517a840dc3ea6e1dacd7016a1ed2529249cdcbe22426f39
2187,sjtu_processed/statue/statue_statue_CN_2_5.5.ply,sjtu_processed,22429424,aa047222071219e4cd83d058ccf9f01e485c3588f8171ad3178d905955d9110c
2188,sjtu_processed/statue/statue_statue_CN_3_6.4.ply,sjtu_processed,22419062,028ca64e26f0a499aa5ae79bdec764c37877cca50a3f922cd2c46adb05e4a77a
2189,sjtu_processed/statue/statue_statue_CN_4_5.9.ply,sjtu_processed,22403010,05318d554a8bc214c52576ecbd1aca902d21e2b64eaec2f527633c6b713b4e7d
2190,sjtu_processed/statue/statue_statue_CN_5_6.6.ply,sjtu_processed,22378895,3be5ecaa6aa52723c44025b921dddcce129f2d9bb863c11c9d6aa7faf92671b7
2191,sjtu_processed/statue/statue_statue_CN_6_5.1.ply,sjtu_processed,22346943,f535ad23469a9a5ac81036d4c15f587c1cb407f8f5fd4e808e3d0cefd9936910
2192,sjtu_processed/statue/statue_statue_D_C_1_7.1.ply,sjtu_processed,19072064,b30120a637fe026b918701260143987decc196901bd6a12f7b7331c7b43f12ac
2193,sjtu_processed/statue/statue_statue_D_C_2_6.8.ply,sjtu_processed,15700818,80362fad95d3cb01ce69225faa6188526ae7b0eb03b32566b1853f4275c940c2
2194,sjtu_processed/statue/statue_statue_D_C_3_6.1.ply,sjtu_processed,12330650,6d4e64421b33a60db23e726ad6506922d02debeaebf6e0c7484e50b102acb6d8
2195,sjtu_processed/statue/statue_statue_D_C_4_3.4.ply,sjtu_processed,8961987,f5150c74ea4154b2ecb6ad2ec4722edc44dc69c5cad90acc88e1a38e9e43565e
2196,sjtu_processed/statue/statue_statue_D_C_5_2.6.ply,sjtu_processed,5594950,c0da5a26d567b167b40958b9abf8f4697242375c5700578e10b3a7652b38e3d2
2197,sjtu_processed/statue/statue_statue_D_C_6_1.0.ply,sjtu_processed,2234749,08f1f75a761cc8d70dd0c2a8267b1e257e69cf717a5ad4711eb0cd6000d058bd
2198,sjtu_processed/statue/statue_statue_D_G_1_5.8.ply,sjtu_processed,19071557,0027526a4122f88996f5fd6e0b77a8bad4d98b78cf39e9b238fdb01a3a358d14
2199,sjtu_processed/statue/statue_statue_D_G_2_5.8.ply,sjtu_processed,15706392,06b4c7198d8551be22b2186c1b2de0231128439202b8252a77fd9b351aadf93c
2200,sjtu_processed/statue/statue_statue_D_G_3_4.8.ply,sjtu_processed,12340360,f0e50e7716d42621ad3a489356a4c6c6b30087360e5c8c4224c154411a3fb678
2201,sjtu_processed/statue/statue_statue_D_G_4_1.9.ply,sjtu_processed,8974714,e436425a941f9945f1ad0840749ea510de22c20298fecef3210432cdc436a6eb
2202,sjtu_processed/statue/statue_statue_D_G_5_2.1.ply,sjtu_processed,5608925,72e5b320999441230c4b361762e80517f1351895551189922a192b2a4699af34
2203,sjtu_processed/statue/statue_statue_D_G_6_1.0.ply,sjtu_processed,2243624,abd8dac021cd89d7582f32987210e7bed24de36ddcb60aa2e5f812333242df97
2204,sjtu_processed/statue/statue_statue_DS_1_7.8.ply,sjtu_processed,19072194,8a3cb0babc84d41b8ac148b2993f5555f4d2895d1af86d10e390bca4945657a2
2205,sjtu_processed/statue/statue_statue_DS_2_6.1.ply,sjtu_processed,15706813,cabe0332c48c6e3daea1df5e02dc549cb36225e348d79914488984f74b842980
2206,sjtu_processed/statue/statue_statue_DS_3_6.1.ply,sjtu_processed,12340903,e23377b1b415bdf2ddd46a7dbeb319b19d1977467400eb0812ed3de6539e24ed
2207,sjtu_processed/statue/statue_statue_DS_4_4.0.ply,sjtu_processed,8974799,a308050ef26f3fe21c0836801e47dc462b447b4711300904a3829c7511055f36
2208,sjtu_processed/statue/statue_statue_DS_5_3.5.ply,sjtu_processed,5609355,bc5d2c46c88c9461747ae9663638375f6b29a56208a3373f0ae27b7636a2e0e4
2209,sjtu_processed/statue/statue_statue_DS_6_1.2.ply,sjtu_processed,2243832,b37d86946ad1c73f3c3eedb3cba5f315e4a0982952a92cb28474f4a446b4ff62
2210,sjtu_processed/statue/statue_statue_GGN_1_6.8.ply,sjtu_processed,22437399,a049380459c1744e2934f76f2280bd0ca698e800145ef1177b9d182539089561
2211,sjtu_processed/statue/statue_statue_GGN_2_6.5.ply,sjtu_processed,22437353,60e15cec1a4ad450f4e3ec2d71f5f13f5f0a36e9b26b32782533ea019f6f2566
2212,sjtu_processed/statue/statue_statue_GGN_3_6.5.ply,sjtu_processed,22437302,8e731b1abf97bfac65f11e13e7bb3ac6a140ce94e016451fad59a0776d28a65f
2213,sjtu_processed/statue/statue_statue_GGN_4_2.9.ply,sjtu_processed,22437233,4c970c40e1986f27b0ddc797cc28ba8b0267d08475b50c003703905b312fb1c9
2214,sjtu_processed/statue/statue_statue_GGN_5_1.6.ply,sjtu_processed,22436915,6acdb5a7ac37bff1607c1a51e8e4cc957cfc34d5fac64ecb7a74f0d76213a924
2215,sjtu_processed/statue/statue_statue_GGN_6_1.7.ply,sjtu_processed,22436340,9bff086f3edaf7aba8ebc04285ed01c56d13dad1fc6f219f8149d9e4ab19f4a1
2216,sjtu_processed/statue/statue_statue_OT_1_6.9.ply,sjtu_processed,19265654,83e5b492e3f5955354d17d90f7b45a5257933fe9bba2413fa74e14665bf444a8
2217,sjtu_processed/statue/statue_statue_OT_2_7.6.ply,sjtu_processed,15351381,6e8921c8da6e801cc43c5b2eb135f88d85e28cabe4218e1dfd318c1d4037acf1
2218,sjtu_processed/statue/statue_statue_OT_3_6.2.ply,sjtu_processed,12264447,1d8df5facd3258be1ca47359e7e6342d1c6341783f79d271242baddce1c81367
2219,sjtu_processed/statue/statue_statue_OT_4_4.9.ply,sjtu_processed,8987897,e312f258b75dc64f7bb1955bea899fd525fa36ecf9b8012a069fbba47cbe285c
2220,sjtu_processed/statue/statue_statue_OT_5_3.0.ply,sjtu_processed,5610287,8465bf84d4e14d01dae52f2a2f04510af694503a423a39ab761006e273fecd86
2221,sjtu_processed/statue/statue_statue_OT_6_1.5.ply,sjtu_processed,2233480,eb5d3efaee6f105dc0b8be4fdb84faa240a59cf5a05d77e88d5406ff6c62de9b
2222,sjtu_processed/statue/statue_statue_REF_0_10.0.ply,sjtu_processed,30176630,3799b3694281200d4374c1c13f67aac0246dd3ea4afe27fe46c84f4641c9251a
2223,T23D-CompBench_ply/A_badge_shaped_like_a_shield/badge_3DTopia_4.ply,T23D-CompBench_ply,810208,8a22096d80b781a77eae5bb813b1d896158e0d8af2ec7888bfbe69903ce4b3a2
2224,T23D-CompBench_ply/A_badge_shaped_like_a_shield/badge_DreamFusion_1.ply,T23D-CompBench_ply,810208,3e3127cfc3c0cd638abe38a0906cdadf0ec5bcdd03b652ee43a66fc863bf257b
2225,T23D-CompBench_ply/A_badge_shaped_like_a_shield/badge_Hunyuan-2.0_5.ply,T23D-CompBench_ply,810208,99a18375fe1cc2bf2f2985b08e5a2b7d1311229392c96d65b017041cedad096e
2226,T23D-CompBench_ply/A_badge_shaped_like_a_shield/badge_LGM_3.667.ply,T23D-CompBench_ply,810208,1e3ffdc1b7058122bc3c432abf4f041ba4f53418ed2acc8719a73d9a36992646
2227,T23D-CompBench_ply/A_badge_shaped_like_a_shield/badge_Magic3D_2.ply,T23D-CompBench_ply,810208,17ad7886171fb31995107f7877050e9f28a8fd4e323658ef1d43fd7de66e5c7c
2228,T23D-CompBench_ply/A_badge_shaped_like_a_shield/badge_Meshy_AI-5_5.ply,T23D-CompBench_ply,810208,0e1036cb6d5e436f6d302a4e5f78407780cc0eb4742ab07c7a82a5f792c41180
2229,T23D-CompBench_ply/A_badge_shaped_like_a_shield/badge_Rodin_Gen-1.5_3.667.ply,T23D-CompBench_ply,810208,e0f4825cb227ac2be07049dbf2ba9b2ed51807b3254bdbd93df7a9c7fa77023c
2230,T23D-CompBench_ply/A_badge_shaped_like_a_shield/badge_Tripo_AI-2.5_5.ply,T23D-CompBench_ply,810208,9a25e805a7cd2689abd192dfef871432270cb3ac66d317d16e58e8821760d3ed
2231,T23D-CompBench_ply/A_bear_reading_the_newspaper/bear_3DTopia_1.ply,T23D-CompBench_ply,810208,44cb7d9e7dccdd41e06804d9deab015e6b0e5b35b58050aaa3dbcabfc5941221
2232,T23D-CompBench_ply/A_bear_reading_the_newspaper/bear_DreamFusion_3.ply,T23D-CompBench_ply,810208,1a0f08a64e0401ce8d369d8f73e74fc4764b07599c6b4f9ce6962351bb907376
2233,T23D-CompBench_ply/A_bear_reading_the_newspaper/bear_Hunyuan-2.0_5.ply,T23D-CompBench_ply,810208,1f4403d89a0ee20dc0efa74730b53f1013e4f345472a6a801255d50647874d93
2234,T23D-CompBench_ply/A_bear_reading_the_newspaper/bear_LGM_2.ply,T23D-CompBench_ply,810208,d4068321b7c7db47cb010d79dfaa5132f1f638c4b9bd44704ff626c18d31a4ee
2235,T23D-CompBench_ply/A_bear_reading_the_newspaper/bear_Magic3D_3.ply,T23D-CompBench_ply,810208,387089d6319d03e5e4be63cc8cdbe24142b76135c775ae5183e649e22737b860
2236,T23D-CompBench_ply/A_bear_reading_the_newspaper/bear_Meshy_AI-5_4.333.ply,T23D-CompBench_ply,810208,c1cb9fe433a7d684e8e1434a62bd88ab9877a87164d2a9fd74ad502a0718a9fe
2237,T23D-CompBench_ply/A_bear_reading_the_newspaper/bear_Rodin_Gen-1.5_5.ply,T23D-CompBench_ply,810208,1ec68ae18f5aa99306b2956c7a9d1818182aa961bd53ea9f7765cfa0bdac6fc7
2238,T23D-CompBench_ply/A_bear_reading_the_newspaper/bear_Tripo_AI-2.5_5.ply,T23D-CompBench_ply,810208,25071c43b1e0c8d8917753ab11881d6d140543a0f13d58c37b39049cb7d61f51
2239,T23D-CompBench_ply/A_bird_with_a_pointed_beak/bird_3DTopia_3.ply,T23D-CompBench_ply,810208,ab8b28abbf8ebc044a509b3dd0e9c9126ba77dcae27cad47e990263721bdb178
2240,T23D-CompBench_ply/A_bird_with_a_pointed_beak/bird_DreamFusion_2.667.ply,T23D-CompBench_ply,810208,4ac46f41ec0424f4307293948e42127e33d4b03f9010d9f55569b95c7bb34023
2241,T23D-CompBench_ply/A_bird_with_a_pointed_beak/bird_Hunyuan-2.0_5.ply,T23D-CompBench_ply,810208,fe897a0e7b3f76360edeea05b356408a0aa04e83e7063d88de9de60ffefa145c
2242,T23D-CompBench_ply/A_bird_with_a_pointed_beak/bird_LGM_3.333.ply,T23D-CompBench_ply,810208,f1f91da525192eab0a1e7d8640d292b191ea19766f0ed6c897be0bdc327c4067
2243,T23D-CompBench_ply/A_bird_with_a_pointed_beak/bird_Magic3D_1.333.ply,T23D-CompBench_ply,810208,e0f5f0b7b0dce4b0850b8c7d80ca875d3a8a8ab92db94dc584692d8c614b0f2d
2244,T23D-CompBench_ply/A_bird_with_a_pointed_beak/bird_Meshy_AI-5_3.667.ply,T23D-CompBench_ply,810208,0a83f703521cffd4605f98cbb6d09d0cbfcc14d43c596f3408a628c5a8018afd
2245,T23D-CompBench_ply/A_bird_with_a_pointed_beak/bird_Rodin_Gen-1.5_5.ply,T23D-CompBench_ply,810208,79c3741a6d8f5a788165d7960484a43913f1f7264c68fe27306ae1cab1f72b79
2246,T23D-CompBench_ply/A_bird_with_a_pointed_beak/bird_Tripo_AI-2.5_5.ply,T23D-CompBench_ply,810208,4faf75dd1220e29698ae73b48a83766a43bb05fa587735ea881066213ef56062
2247,T23D-CompBench_ply/A_black_cat/cat_3DTopia_2.ply,T23D-CompBench_ply,810208,c0bef19d430e4d8fdf3a3ba64dd4e793f47cdb8d7b25a517e43e7dacf88ae6b2
2248,T23D-CompBench_ply/A_black_cat/cat_DreamFusion_1.ply,T23D-CompBench_ply,810208,4c60d6ead788255118f833ab5687d17f8044c8ddb0b8fd5fa8c9f340a9fd0c96
2249,T23D-CompBench_ply/A_black_cat/cat_Hunyuan-2.0_4.ply,T23D-CompBench_ply,810208,8b1b77b138ad9071d68263653cbf1947910a38c1770da040332a957f59dd35f2
2250,T23D-CompBench_ply/A_black_cat/cat_LGM_1.667.ply,T23D-CompBench_ply,810208,8ad510e248b190d6296fbafb3050e7d5940d8c043956fd6405cdedd3770fa73f
2251,T23D-CompBench_ply/A_black_cat/cat_Magic3D_2.ply,T23D-CompBench_ply,810208,074e40360a7454bfce6b9519d8285328c2ce9e46b231484cc31ed033b875c0d0
2252,T23D-CompBench_ply/A_black_cat/cat_Meshy_AI-5_5.ply,T23D-CompBench_ply,810208,05d6ee66a7016c198e7930fb9cfabd98852d83e4577acd6a10d0dc677ede70e6
2253,T23D-CompBench_ply/A_black_cat/cat_Rodin_Gen-1.5_4.667.ply,T23D-CompBench_ply,810208,3a3c0a348eb48233c760a02aa1078fc48850f2047a419b21c03f592058f17d26
2254,T23D-CompBench_ply/A_black_cat/cat_Tripo_AI-2.5_5.ply,T23D-CompBench_ply,810208,9379c8d2c5fa56a0e6f7e61e10261dc5c5df7251cbdbaeda4661b4a63fbe8a4a
2255,T23D-CompBench_ply/A_black_panther_with_slender_claws_and_yellow_eyes/panther_3DTopia_2.ply,T23D-CompBench_ply,810208,46c28cd9306ac6cf88fa08bf810f1d3e389bf6ced99eddf08155896d39c615d4
2256,T23D-CompBench_ply/A_black_panther_with_slender_claws_and_yellow_eyes/panther_DreamFusion_1.333.ply,T23D-CompBench_ply,810208,69ae4739c19daff8df0acfad36bb8c68b34c4c905e741cb3ad4314831f9d1f70
2257,T23D-CompBench_ply/A_black_panther_with_slender_claws_and_yellow_eyes/panther_Hunyuan-2.0_3.667.ply,T23D-CompBench_ply,810208,e214e294128c72d1314c46b0d7c466d6abb5702662c6c378875db4fe49a43c0a
2258,T23D-CompBench_ply/A_black_panther_with_slender_claws_and_yellow_eyes/panther_LGM_2.ply,T23D-CompBench_ply,810208,1d21cefa660177190ddf96db8fed6a5895d39f41a6a10f5e7e583b0b5922938b
2259,T23D-CompBench_ply/A_black_panther_with_slender_claws_and_yellow_eyes/panther_Magic3D_1.ply,T23D-CompBench_ply,810208,a9c861c9d68ac54c902684efa72da72e735860c97270396dd46db877c1854ec8
2260,T23D-CompBench_ply/A_black_panther_with_slender_claws_and_yellow_eyes/panther_Meshy_AI-5_4.667.ply,T23D-CompBench_ply,810208,fa1d8fc2de26504ee64cb952b707e989d7e1281662abccc80ffbf999b336e16a
2261,T23D-CompBench_ply/A_black_panther_with_slender_claws_and_yellow_eyes/panther_Rodin_Gen-1.5_5.ply,T23D-CompBench_ply,810208,e41d986ad8c8dc48cb3dee9cef1d24a66630e032e85e1afc77b785890b56e6fe
2262,T23D-CompBench_ply/A_black_panther_with_slender_claws_and_yellow_eyes/panther_Tripo_AI-2.5_4.667.ply,T23D-CompBench_ply,810208,f5b737638fcc2be5150288ff01d44ed3dff24b82704a7b1cc6f791b3aca112d8
2263,T23D-CompBench_ply/A_blue_denim_jacket_draped_over_a_chair/denim_jacket_on_chair[1]_3DTopia_2.667.ply,T23D-CompBench_ply,810208,85ae74c1b042350877567153c80029f250c1722c2b453a13aa342a43c3a29dcf
2264,T23D-CompBench_ply/A_blue_denim_jacket_draped_over_a_chair/denim_jacket_on_chair[1]_DreamFusion_1.ply,T23D-CompBench_ply,810208,b24372af239e8d132a5f099fb35aebe4d7114879fdc2ae79adc117837e834403
2265,T23D-CompBench_ply/A_blue_denim_jacket_draped_over_a_chair/denim_jacket_on_chair[1]_Hunyuan-2.0_4.ply,T23D-CompBench_ply,810208,6b700c5ce447087dd48effa74313c7c74b163482fd2169390515bf76daabc7cc
2266,T23D-CompBench_ply/A_blue_denim_jacket_draped_over_a_chair/denim_jacket_on_chair[1]_LGM_1.667.ply,T23D-CompBench_ply,810208,af6394535ef4e76d29d9d60c1b63413f3af4e056a107f779be927b8aad903099
2267,T23D-CompBench_ply/A_blue_denim_jacket_draped_over_a_chair/denim_jacket_on_chair[1]_Magic3D_2.ply,T23D-CompBench_ply,810208,1b012cf74a762fc67725c1cd743eff850f40b5acb39ae7af3388a53b8f4b5c8b
2268,T23D-CompBench_ply/A_blue_denim_jacket_draped_over_a_chair/denim_jacket_on_chair[1]_Meshy_AI-5_3.667.ply,T23D-CompBench_ply,810208,1c04c8aa52d1f26b3b08d0ecb0165f957eb2b8b6e3c96df767f3336c2759ef24
2269,T23D-CompBench_ply/A_blue_denim_jacket_draped_over_a_chair/denim_jacket_on_chair[1]_Rodin_Gen-1.5_4.667.ply,T23D-CompBench_ply,810208,8e8d90d76747e33b12dfa2e257d980724b72954b846cbf55eb5e79342bc55851
2270,T23D-CompBench_ply/A_blue_denim_jacket_draped_over_a_chair/denim_jacket_on_chair[1]_Tripo_AI-2.5_4.667.ply,T23D-CompBench_ply,810208,e40a81bcea662d4d9f2e6bc217a1d850689e64f028f7950be1c84bbb0b757782
2271,T23D-CompBench_ply/A_bonsai_with_metal_leaves/bonsai_3DTopia_2.ply,T23D-CompBench_ply,810208,83247d0f15b353e81f2f994493d52c35c9bdb81fa6e658bca9160eae899f70b5
2272,T23D-CompBench_ply/A_bonsai_with_metal_leaves/bonsai_DreamFusion_1.ply,T23D-CompBench_ply,810208,c40af2cc57a98a6c198cb4e8fdaa167a652429babee6498d350f3b332f625a34
2273,T23D-CompBench_ply/A_bonsai_with_metal_leaves/bonsai_Hunyuan-2.0_3.ply,T23D-CompBench_ply,810208,76383244b9e63be0812b18abf057155c33771070211b9944588963533726ad23
2274,T23D-CompBench_ply/A_bonsai_with_metal_leaves/bonsai_LGM_2.333.ply,T23D-CompBench_ply,810208,452bbdf0aec7dae473532ee5973db5f304e114931e299052938931cec23a307a
2275,T23D-CompBench_ply/A_bonsai_with_metal_leaves/bonsai_Magic3D_2.ply,T23D-CompBench_ply,810208,8c43b9758a43321e318d800674aa458e211836a434861556a5bafb0a4776712a
2276,T23D-CompBench_ply/A_bonsai_with_metal_leaves/bonsai_Meshy_AI-5_4.ply,T23D-CompBench_ply,810208,febd84009ebe67dc74fde73dc45f3a97f915acb7c61dfc5eac0d166db6306f10
2277,T23D-CompBench_ply/A_bonsai_with_metal_leaves/bonsai_Rodin_Gen-1.5_3.ply,T23D-CompBench_ply,810208,f1c3e3ae7525bd11076fb25bd9690ed98fcedbeb423a035399e9cee4d2065618
2278,T23D-CompBench_ply/A_bonsai_with_metal_leaves/bonsai_Tripo_AI-2.5_3.667.ply,T23D-CompBench_ply,810208,3c849c95424894aa6ccbaa9c283f0ecf24b27a1c37581238f3b8905e22c34286
2279,T23D-CompBench_ply/A_brown_bear_playing_with_a_ball_of_yarn/bear_3DTopia_1.667.ply,T23D-CompBench_ply,810208,e70da20c04b3b6239db369e21f8bdf4d8468258c702416c365836035cffe95c1
2280,T23D-CompBench_ply/A_brown_bear_playing_with_a_ball_of_yarn/bear_DreamFusion_2.667.ply,T23D-CompBench_ply,810208,6c6a95917e09432fdf2181c7fdfcbd6ecaaafc041fe0af721ad9540f678a3116
2281,T23D-CompBench_ply/A_brown_bear_playing_with_a_ball_of_yarn/bear_Hunyuan-2.0_5.ply,T23D-CompBench_ply,810208,677c0adf900839e9e4b8fe39e25c80dbb1146e2732ff72b87a804938ef88daff
2282,T23D-CompBench_ply/A_brown_bear_playing_with_a_ball_of_yarn/bear_LGM_4.ply,T23D-CompBench_ply,810208,75dc49ffbde3445e49745463b83fe044be3b600ffcf8f0a520e39218d80c3ab2
2283,T23D-CompBench_ply/A_brown_bear_playing_with_a_ball_of_yarn/bear_Magic3D_3.ply,T23D-CompBench_ply,810208,ff6059a68afa4fe8f8bc640e0bd1a7da68b009a09747d5d82dc8d16b7f5944f6
2284,T23D-CompBench_ply/A_brown_bear_playing_with_a_ball_of_yarn/bear_Meshy_AI-5_4.667.ply,T23D-CompBench_ply,810208,31b6009386658f1b070ded9479729326cb8506d55060b2feeabb8a3a894816f7
2285,T23D-CompBench_ply/A_brown_bear_playing_with_a_ball_of_yarn/bear_Rodin_Gen-1.5_4.333.ply,T23D-CompBench_ply,810208,b355272dc8ad9d3e9824a3537243bb656ce0835eaf645c1e543d06c7189641f4
2286,T23D-CompBench_ply/A_brown_bear_playing_with_a_ball_of_yarn/bear_Tripo_AI-2.5_5.ply,T23D-CompBench_ply,810208,e866b1eec36cab07aca5d0ec0d8785f4f568eb8a8b6f3d9dee8683729d3a4b48
2287,T23D-CompBench_ply/A_brown_sweater_with_a_snowflake_pattern/sweater_3DTopia_3.ply,T23D-CompBench_ply,810208,58f9895da848c3f8269b11d438ef87f1d004223d074b24158b1bd8efee1b6822
2288,T23D-CompBench_ply/A_brown_sweater_with_a_snowflake_pattern/sweater_DreamFusion_2.ply,T23D-CompBench_ply,810208,bf08bcfaee6eb1ff02a868258d60d709cda5b133fd2a646726589e4071df4915
2289,T23D-CompBench_ply/A_brown_sweater_with_a_snowflake_pattern/sweater_Hunyuan-2.0_5.ply,T23D-CompBench_ply,810208,8bfd3973f835be9db7551656d0e45ea4990d6f334cb055efa9a2547b767a0db5
2290,T23D-CompBench_ply/A_brown_sweater_with_a_snowflake_pattern/sweater_LGM_3.ply,T23D-CompBench_ply,810208,171b7c0fc971e49214debdbbfc5032ac6cce84676f0533783d30b39613929c53
2291,T23D-CompBench_ply/A_brown_sweater_with_a_snowflake_pattern/sweater_Magic3D_2.ply,T23D-CompBench_ply,810208,7f3e22302507685d278f943062ea12110de2e673a741061c7326bdde82bb56ee
2292,T23D-CompBench_ply/A_brown_sweater_with_a_snowflake_pattern/sweater_Meshy_AI-5_5.ply,T23D-CompBench_ply,810208,9c10d8bdf528dd0316f2ca1a6e6716ecdc625077da63a3309d248b657d26ab16
2293,T23D-CompBench_ply/A_brown_sweater_with_a_snowflake_pattern/sweater_Rodin_Gen-1.5_4.ply,T23D-CompBench_ply,810208,8565e7fffa9faee20464af960312fdd30e9a07c3ba5a7e25309efa83c179f716
2294,T23D-CompBench_ply/A_brown_sweater_with_a_snowflake_pattern/sweater_Tripo_AI-2.5_4.ply,T23D-CompBench_ply,810208,749c2f3e78139f644678ec5d910241cea4b106234a51faace0d75506120bedcc
2295,T23D-CompBench_ply/A_butterfly_on_a_flower/flower_and_butterfly[1]_3DTopia_1.333.ply,T23D-CompBench_ply,810208,b95a70feeb9acf927711291e5b8b5091030ea50ccfad68df885fe33fe13ff6ec
2296,T23D-CompBench_ply/A_butterfly_on_a_flower/flower_and_butterfly[1]_DreamFusion_2.5.ply,T23D-CompBench_ply,810208,aedbcb9cd82402555c0c63599b77e565e88e060b658da1f2e2eb58c7e433de8f
2297,T23D-CompBench_ply/A_butterfly_on_a_flower/flower_and_butterfly[1]_Hunyuan-2.0_4.667.ply,T23D-CompBench_ply,810208,c6788a762fcd68996c6e1b34a0f39eff119e747ef609adea180a99993fe5c0f7
2298,T23D-CompBench_ply/A_butterfly_on_a_flower/flower_and_butterfly[1]_LGM_2.333.ply,T23D-CompBench_ply,810208,e8f39c4eb0e364fbf32222ee1ef0aeb5dfa12b6a38fb96db9d44cdec724b8a28
2299,T23D-CompBench_ply/A_butterfly_on_a_flower/flower_and_butterfly[1]_Magic3D_2.333.ply,T23D-CompBench_ply,810208,218c85c7c1f7bbb092aa955724cd4466e5638b4bc5babb5e283b1d787b8052cd
2300,T23D-CompBench_ply/A_butterfly_on_a_flower/flower_and_butterfly[1]_Meshy_AI-5_3.333.ply,T23D-CompBench_ply,810208,8e2c3cb642ce4d51173ac92143a7f08af73b95d09808aff836ce17279e8d174e
2301,T23D-CompBench_ply/A_butterfly_on_a_flower/flower_and_butterfly[1]_Rodin_Gen-1.5_3.667.ply,T23D-CompBench_ply,810208,21498ac06611e3525c3a8484be9d2e18fdd677b1cd8601351b12620a2e93bced
2302,T23D-CompBench_ply/A_butterfly_on_a_flower/flower_and_butterfly[1]_Tripo_AI-2.5_4.667.ply,T23D-CompBench_ply,810208,6dfe3f44393f6c818d274cac778dc7642365bbfd82b6e1fc36f2fb8679c34f51
2303,T23D-CompBench_ply/A_cactus_with_arms_of_different_lengths_shaped_like_a_candelabra/cactus_3DTopia_2.ply,T23D-CompBench_ply,810208,26a110080a284ff5268a05a517f2e9e2c717e707a4d748d1105b8f3b3d172be6
2304,T23D-CompBench_ply/A_cactus_with_arms_of_different_lengths_shaped_like_a_candelabra/cactus_DreamFusion_2.ply,T23D-CompBench_ply,810208,ce10b32a9a0b24a9e5af7ebbf0d1db3d93b25999a43ac78801648ef038e9ce1f
2305,T23D-CompBench_ply/A_cactus_with_arms_of_different_lengths_shaped_like_a_candelabra/cactus_Hunyuan-2.0_4.667.ply,T23D-CompBench_ply,810208,a2eec3e890df3d85ee5de7e338766f0a37fb8d187d83c46c6ed416c62bd59d1f
2306,T23D-CompBench_ply/A_cactus_with_arms_of_different_lengths_shaped_like_a_candelabra/cactus_LGM_2.ply,T23D-CompBench_ply,810208,4b4e5fa92eba198838a681c6794180531cc0a3fced16727e4a76ec1f3b9cda3a
2307,T23D-CompBench_ply/A_cactus_with_arms_of_different_lengths_shaped_like_a_candelabra/cactus_Magic3D_3.ply,T23D-CompBench_ply,810208,6f8e1fcf8c5906ebdd2fc9b6e5fdf75796d1070f1fbfb1fe17a7ea9e7f10ed78
2308,T23D-CompBench_ply/A_cactus_with_arms_of_different_lengths_shaped_like_a_candelabra/cactus_Meshy_AI-5_4.ply,T23D-CompBench_ply,810208,299da13aebb187a0994678fce919cec265770eb7708e6d90ca7177e9a322fde6
2309,T23D-CompBench_ply/A_cactus_with_arms_of_different_lengths_shaped_like_a_candelabra/cactus_Rodin_Gen-1.5_5.ply,T23D-CompBench_ply,810208,ffa42e7a6a0052605678a2b1e367657b716229f96199324156aa7ce4645075ea
2310,T23D-CompBench_ply/A_cactus_with_arms_of_different_lengths_shaped_like_a_candelabra/cactus_Tripo_AI-2.5_5.ply,T23D-CompBench_ply,810208,f519d061bb680a2642d6b3bb4251110a6c1cb9642e8231c3e6dc876763529f67
2311,T23D-CompBench_ply/A_car_shaped_like_sushi/car_3DTopia_2.ply,T23D-CompBench_ply,810208,b88d79133188e4342f3f259b899170320debd8dc8e2934381af06015d6bbb1d7
2312,T23D-CompBench_ply/A_car_shaped_like_sushi/car_DreamFusion_2.667.ply,T23D-CompBench_ply,810208,c40a258ca0f34131974b9e12c65289768cd72107e3d53f8289380f961d6ac84d
2313,T23D-CompBench_ply/A_car_shaped_like_sushi/car_Hunyuan-2.0_3.667.ply,T23D-CompBench_ply,810208,a36967123ebd458cd5ba203366af43e220ffa44051738c1a634360d967870db7
2314,T23D-CompBench_ply/A_car_shaped_like_sushi/car_LGM_2.ply,T23D-CompBench_ply,810208,3e5f278e4bf2bb8cdf346f472a9756cc22a130ff8ff668f7f80abda2d9eca6e5
2315,T23D-CompBench_ply/A_car_shaped_like_sushi/car_Magic3D_3.667.ply,T23D-CompBench_ply,810208,31898a8cf95c5bb8d557ec644ad0137a8f2162d7f2b348eef770bb88c28b49c8
2316,T23D-CompBench_ply/A_car_shaped_like_sushi/car_Meshy_AI-5_5.ply,T23D-CompBench_ply,810208,316cbe42d21850eaf4f3d64e4c83e2558156e55c3aeab5e2c8e43f4ebdbbfc44
2317,T23D-CompBench_ply/A_car_shaped_like_sushi/car_Rodin_Gen-1.5_3.ply,T23D-CompBench_ply,810208,8efcde7b3aa40a723aff1b3052c3c015d2f5a4c35f02af9276442058adc433b6
2318,T23D-CompBench_ply/A_car_shaped_like_sushi/car_Tripo_AI-2.5_4.ply,T23D-CompBench_ply,810208,30591161979c799c970a69b60a050de3924432584243298a5639f6b68873c5dd
2319,T23D-CompBench_ply/A_cat_curling_up_on_a_bicycle_with_tail_batting_at_the_seat/bicycle_and_cat[1]_3DTopia_1.ply,T23D-CompBench_ply,810208,8490d0f5bae492d51f32952825f4d4af1da8615658ffcb303cf1bfc9eaa61eba
2320,T23D-CompBench_ply/A_cat_curling_up_on_a_bicycle_with_tail_batting_at_the_seat/bicycle_and_cat[1]_DreamFusion_2.ply,T23D-CompBench_ply,810208,96e6fe8986e4c2639128c1529ef824ffe3225bb1dfd407905eb645b02115f52a
2321,T23D-CompBench_ply/A_cat_curling_up_on_a_bicycle_with_tail_batting_at_the_seat/bicycle_and_cat[1]_Hunyuan-2.0_4.667.ply,T23D-CompBench_ply,810208,1df9a43e7033a3459c46b86f417480abc27cde1195cd83c8df1484e29e5af39f
2322,T23D-CompBench_ply/A_cat_curling_up_on_a_bicycle_with_tail_batting_at_the_seat/bicycle_and_cat[1]_LGM_1.ply,T23D-CompBench_ply,810208,735d3ae6950c191504eb61f58513b210faf80ee426efe639b7e4de2b1ab0671e
2323,T23D-CompBench_ply/A_cat_curling_up_on_a_bicycle_with_tail_batting_at_the_seat/bicycle_and_cat[1]_Magic3D_2.ply,T23D-CompBench_ply,810208,d7e2d691ecb85fc4d1cf5d3d86887b9aeda0f91b3e81423c0f1ce9648b8a72c7
2324,T23D-CompBench_ply/A_cat_curling_up_on_a_bicycle_with_tail_batting_at_the_seat/bicycle_and_cat[1]_Meshy_AI-5_4.333.ply,T23D-CompBench_ply,810208,206fd4f06ed9e63f507966e84e7c777cdbc5e08e23e7d1efb563d6623e9cfefd
2325,T23D-CompBench_ply/A_cat_curling_up_on_a_bicycle_with_tail_batting_at_the_seat/bicycle_and_cat[1]_Rodin_Gen-1.5_4.5.ply,T23D-CompBench_ply,810208,970393a047c08268831081437b1f3cadc03d885be45c74043902626791386db7
2326,T23D-CompBench_ply/A_cat_curling_up_on_a_bicycle_with_tail_batting_at_the_seat/bicycle_and_cat[1]_Tripo_AI-2.5_5.ply,T23D-CompBench_ply,810208,a1b51f2dc81b67fb7205be7ef4555b7effbd9ebe8c75c1043a59a19b64b2af6f
2327,T23D-CompBench_ply/A_cat_wizard_wearing_a_magic_hat/cat_3DTopia_1.667.ply,T23D-CompBench_ply,810208,046dbb746e7fd9b9bb2679d150f3ca9f96f47140d5c077d87c9ad02c802cd498
2328,T23D-CompBench_ply/A_cat_wizard_wearing_a_magic_hat/cat_DreamFusion_2.333.ply,T23D-CompBench_ply,810208,74a4db79ce75bb2779ccee0b56ff055366ef56c6805d5685ecf5412cfccc143e
2329,T23D-CompBench_ply/A_cat_wizard_wearing_a_magic_hat/cat_Hunyuan-2.0_5.ply,T23D-CompBench_ply,810208,f2db3a7a82e7571977e4b0e492bc3a72a1b126115bea045acb2f41469320c88d
2330,T23D-CompBench_ply/A_cat_wizard_wearing_a_magic_hat/cat_LGM_3.ply,T23D-CompBench_ply,810208,477150f7b1bc2babf775cc2874e777b01ca3a78261fb0bd055382d1fb81732fa
2331,T23D-CompBench_ply/A_cat_wizard_wearing_a_magic_hat/cat_Magic3D_3.333.ply,T23D-CompBench_ply,810208,0d45a56d8476ecd39323697e24c5fcfa113e27d49f0988aed986085c7096a4b6
2332,T23D-CompBench_ply/A_cat_wizard_wearing_a_magic_hat/cat_Meshy_AI-5_4.667.ply,T23D-CompBench_ply,810208,4b5ff31ae85a581e2377cabffe0fc875c429109799343b6920c49d15d3ca33e6
2333,T23D-CompBench_ply/A_cat_wizard_wearing_a_magic_hat/cat_Rodin_Gen-1.5_5.ply,T23D-CompBench_ply,810208,db038dee18bcbf0807aa35e9a052c53e2321aeccd7f027d23fc7a3e6108a6710
2334,T23D-CompBench_ply/A_cat_wizard_wearing_a_magic_hat/cat_Tripo_AI-2.5_5.ply,T23D-CompBench_ply,810208,0e2eb210d3f15ceb194539d6f48c32898a721c5beb863010d05e2ac19d9993ff
2335,T23D-CompBench_ply/A_church_with_a_tall_steeple_located_near_a_modern_house_with_large_windows/church_3DTopia_3.ply,T23D-CompBench_ply,810208,0045df296aae32b20284202210c5d69c46b14b0a6a7c72e7deaff45755e0c1d9
2336,T23D-CompBench_ply/A_church_with_a_tall_steeple_located_near_a_modern_house_with_large_windows/church_DreamFusion_2.ply,T23D-CompBench_ply,810208,9d7b14620373c18d20effc8755fc6c6db8b8f452f1f4b00b9d3410bdfd9ac9b4
2337,T23D-CompBench_ply/A_church_with_a_tall_steeple_located_near_a_modern_house_with_large_windows/church_Hunyuan-2.0_4.ply,T23D-CompBench_ply,810208,97ff4d346e87039886852826e87e18b44a13c17c48004be630abe7fbc4a44a19
2338,T23D-CompBench_ply/A_church_with_a_tall_steeple_located_near_a_modern_house_with_large_windows/church_LGM_2.ply,T23D-CompBench_ply,810208,ed87fedbaf9e7cc87aa927d52ef0488516a674232084fcbb45ab014a0314dc4e
2339,T23D-CompBench_ply/A_church_with_a_tall_steeple_located_near_a_modern_house_with_large_windows/church_Magic3D_2.ply,T23D-CompBench_ply,810208,0099b0fd6570bfe1bf001ec6bfd1f37c21b8cb6e7843070acd92f14b5ea0b09e
2340,T23D-CompBench_ply/A_church_with_a_tall_steeple_located_near_a_modern_house_with_large_windows/church_Meshy_AI-5_4.ply,T23D-CompBench_ply,810208,59b8bc1e5f9269ec6d7ddee329ff2f2cad5b60ae252152c58fb4a34df9f32662
2341,T23D-CompBench_ply/A_church_with_a_tall_steeple_located_near_a_modern_house_with_large_windows/church_Rodin_Gen-1.5_4.333.ply,T23D-CompBench_ply,810208,9e23e7db66b1a1e5dd4581c7acc2064ccb7fc3491ea5c76ae974e37a29a87705
2342,T23D-CompBench_ply/A_church_with_a_tall_steeple_located_near_a_modern_house_with_large_windows/church_Tripo_AI-2.5_5.ply,T23D-CompBench_ply,810208,d94c9e8135aeaa0809c7b807d0bbcab5eac82ef9d9cb1fb18eb104379afc92ca
2343,T23D-CompBench_ply/A_colored_mushroom_growing_on_a_log/mushroom_3DTopia_2.ply,T23D-CompBench_ply,810208,996a358b8bb98337d63b77c98c1813f9a1e00d2c43020a07b54fc4cbc9a0dc1d
2344,T23D-CompBench_ply/A_colored_mushroom_growing_on_a_log/mushroom_DreamFusion_3.ply,T23D-CompBench_ply,810208,77e4e52e76efe744b99901765f17669d50b9f2ffca91f54048c0d02a45e2fa3b
2345,T23D-CompBench_ply/A_colored_mushroom_growing_on_a_log/mushroom_Hunyuan-2.0_5.ply,T23D-CompBench_ply,810208,9b1b3d75d74029c7231baa978e70cb24232a96b5bb80b8be42c089137cc7fc1a
2346,T23D-CompBench_ply/A_colored_mushroom_growing_on_a_log/mushroom_LGM_1.ply,T23D-CompBench_ply,810208,62d1551b4da213c7aef1fb7bd99e012e84d74decff11effea67202ad1bf7e80e
2347,T23D-CompBench_ply/A_colored_mushroom_growing_on_a_log/mushroom_Magic3D_2.ply,T23D-CompBench_ply,810208,095887c7b1e8b0d7452cc4922d98ea21871e15a4a322b0d498c1b91a32e002de
2348,T23D-CompBench_ply/A_colored_mushroom_growing_on_a_log/mushroom_Meshy_AI-5_5.ply,T23D-CompBench_ply,810208,e847a18ddb899a99a343643262ca61150b71a2a95458061d23f8c8107617cfb6
2349,T23D-CompBench_ply/A_colored_mushroom_growing_on_a_log/mushroom_Rodin_Gen-1.5_5.ply,T23D-CompBench_ply,810208,2db888e3cc4426cd2417adf28d9ad892d642aa1ff1ad5bb3cb15c057a7c26f79
2350,T23D-CompBench_ply/A_colored_mushroom_growing_on_a_log/mushroom_Tripo_AI-2.5_5.ply,T23D-CompBench_ply,810208,ff4250eecb18b70373429bb64dd799a2a37280acb36f3254d7484ba77515ea9e
2351,T23D-CompBench_ply/A_conical_tower/tower_3DTopia_2.333.ply,T23D-CompBench_ply,810208,ac5ecc9c43168596817111bf2f9fad448fb152e90749d1fceea3c44973ea2d84
2352,T23D-CompBench_ply/A_conical_tower/tower_DreamFusion_1.667.ply,T23D-CompBench_ply,810208,821c47ba7bdf00db93e0a0faa7edb80eb7ad53cfb3dc7589a4f36becef6772f6
2353,T23D-CompBench_ply/A_conical_tower/tower_Hunyuan-2.0_3.667.ply,T23D-CompBench_ply,810208,f81cce95d11267fcefa3e7299fc36104dcb77cf9c1bf9e5dc397158558b30794
2354,T23D-CompBench_ply/A_conical_tower/tower_LGM_3.ply,T23D-CompBench_ply,810208,d44b538ecba262b67bfb99180652cab75485421b8e945f0069a0c57eb088c6f8
2355,T23D-CompBench_ply/A_conical_tower/tower_Magic3D_2.667.ply,T23D-CompBench_ply,810208,1bc66960e8e893b5be0c95631c8126227ef0e0bf0551528d215b99c1c1003b4b
2356,T23D-CompBench_ply/A_conical_tower/tower_Meshy_AI-5_5.ply,T23D-CompBench_ply,810208,bb5c8c350a21ec97022a6032c4d6ce1944f7225b8bf7f57c07b96723e43cbf5c
2357,T23D-CompBench_ply/A_conical_tower/tower_Rodin_Gen-1.5_4.667.ply,T23D-CompBench_ply,810208,aeafb2f3c72b49a96d97820f5361fcb36c4054f4f5b1608d4371f0ef51598a94
2358,T23D-CompBench_ply/A_conical_tower/tower_Tripo_AI-2.5_5.ply,T23D-CompBench_ply,810208,def7fb0936fccc66d00af09c0511b9b41779794ef1d08d0f1942de5fbb758671
2359,T23D-CompBench_ply/A_cup_full_of_colorful_pens_and_pencils/cup_of_pens[1]_3DTopia_3.ply,T23D-CompBench_ply,810208,af993f05cbaf9330792bb5b343cef397fe1fd425a971fd58fcf74c147e4410f5
2360,T23D-CompBench_ply/A_cup_full_of_colorful_pens_and_pencils/cup_of_pens[1]_DreamFusion_2.667.ply,T23D-CompBench_ply,810208,5b7d817570ecbaeba3e775b22b45f5e144c2861bc7d6d88f2102402a0da7caa0
2361,T23D-CompBench_ply/A_cup_full_of_colorful_pens_and_pencils/cup_of_pens[1]_Hunyuan-2.0_3.667.ply,T23D-CompBench_ply,810208,b52db31a2afd199eca28c71de9ceb7ca03b8144eb54bd78dc1f957b9a73437ed
2362,T23D-CompBench_ply/A_cup_full_of_colorful_pens_and_pencils/cup_of_pens[1]_LGM_3.5.ply,T23D-CompBench_ply,810208,1cf91ecfeb3222164dac64a44e04c04559a8ed11a1a0cd9aab75b9e23ec8d36f
2363,T23D-CompBench_ply/A_cup_full_of_colorful_pens_and_pencils/cup_of_pens[1]_Magic3D_2.333.ply,T23D-CompBench_ply,810208,95e58144e4dd166bf5aa8e63dfef5c96d3a3fa6e57d1086d83aa866f1872694f
2364,T23D-CompBench_ply/A_cup_full_of_colorful_pens_and_pencils/cup_of_pens[1]_Meshy_AI-5_4.ply,T23D-CompBench_ply,810208,137564b3d442c945196beb1b1526f9f56725b18a81879372a68b0119f5b64f5b
2365,T23D-CompBench_ply/A_cup_full_of_colorful_pens_and_pencils/cup_of_pens[1]_Rodin_Gen-1.5_4.ply,T23D-CompBench_ply,810208,2b6649e467e9a704cb6ddbbc638cbc4107bf66c07f477d894496de70292a06a9
2366,T23D-CompBench_ply/A_cup_full_of_colorful_pens_and_pencils/cup_of_pens[1]_Tripo_AI-2.5_4.ply,T23D-CompBench_ply,810208,ad29b106723f9852cd783dfcff61434c2b2d6f413bea0d2bb614a53d9996a1c9
2367,T23D-CompBench_ply/A_delicate_porcelain_teacup_painted_with_flowers_rests_on_a_saucer/teacup_3DTopia_2.667.ply,T23D-CompBench_ply,810208,7896362c6cf94226aec0c3b29559b08554d3bc8bbc06cec29d91fe78bdc650dd
2368,T23D-CompBench_ply/A_delicate_porcelain_teacup_painted_with_flowers_rests_on_a_saucer/teacup_DreamFusion_2.ply,T23D-CompBench_ply,810208,2d4f41162db5fd27aa466be858acb9d8873d6e4833ccf20e31b147b014989086
2369,T23D-CompBench_ply/A_delicate_porcelain_teacup_painted_with_flowers_rests_on_a_saucer/teacup_Hunyuan-2.0_4.667.ply,T23D-CompBench_ply,810208,4040687df39118bd4d4304d8893ab62b40433184102e1195701917b02f185cf0
2370,T23D-CompBench_ply/A_delicate_porcelain_teacup_painted_with_flowers_rests_on_a_saucer/teacup_LGM_3.ply,T23D-CompBench_ply,810208,26ad17209696e0e1086359b31da759750bc6e320fb8b0bb2415ed5f92e4bc218
2371,T23D-CompBench_ply/A_delicate_porcelain_teacup_painted_with_flowers_rests_on_a_saucer/teacup_Magic3D_2.ply,T23D-CompBench_ply,810208,7c467d374a71bb4d749111adb6578c82ac36fb973e612bf1d05175d881ca6805
2372,T23D-CompBench_ply/A_delicate_porcelain_teacup_painted_with_flowers_rests_on_a_saucer/teacup_Meshy_AI-5_5.ply,T23D-CompBench_ply,810208,3197542a1cb075f7c56f66e473def45c29e77534d9c67f227c7156b16a57eeb4
2373,T23D-CompBench_ply/A_delicate_porcelain_teacup_painted_with_flowers_rests_on_a_saucer/teacup_Rodin_Gen-1.5_5.ply,T23D-CompBench_ply,810208,9b4d40a09401857855bed3729930cf9ee923ed7f87a8c9fc8dbe579dcc96f141
2374,T23D-CompBench_ply/A_delicate_porcelain_teacup_painted_with_flowers_rests_on_a_saucer/teacup_Tripo_AI-2.5_5.ply,T23D-CompBench_ply,810208,4d3052e8a04779797db15feb9aa8fdc90166358f9150b4d45daf48b030004619
2375,T23D-CompBench_ply/A_dog_sitting_next_to_a_white_cat/cat_and_dog[1]_3DTopia_1.ply,T23D-CompBench_ply,810208,3def0d23f152d206711eb5f3abc42cce42292ec13137808f22481d3d97fad1fe
2376,T23D-CompBench_ply/A_dog_sitting_next_to_a_white_cat/cat_and_dog[1]_DreamFusion_1.667.ply,T23D-CompBench_ply,810208,83c140b9e57e73f77010d1106e0310e69da2ff511fd64f94277cb2b12f171226
2377,T23D-CompBench_ply/A_dog_sitting_next_to_a_white_cat/cat_and_dog[1]_Hunyuan-2.0_4.667.ply,T23D-CompBench_ply,810208,24ec8037d3c3a267645327a435d845e1553b4af0f8617f1320008b1e1c169d0e
2378,T23D-CompBench_ply/A_dog_sitting_next_to_a_white_cat/cat_and_dog[1]_LGM_1.ply,T23D-CompBench_ply,810208,9a48f81ccf8041c2345d4165d625cdee16194aaa1a1ebfeef62909face2da1b0
2379,T23D-CompBench_ply/A_dog_sitting_next_to_a_white_cat/cat_and_dog[1]_Magic3D_3.5.ply,T23D-CompBench_ply,810208,26854782e6c73367ae6caff7060838a8eec5532115e588c346eb72d0deeec028
2380,T23D-CompBench_ply/A_dog_sitting_next_to_a_white_cat/cat_and_dog[1]_Meshy_AI-5_4.333.ply,T23D-CompBench_ply,810208,33d44e334fa4b1b9cb87d5363b0b4e6af20c582aa4eb6485f5e9e66d1088db66
2381,T23D-CompBench_ply/A_dog_sitting_next_to_a_white_cat/cat_and_dog[1]_Rodin_Gen-1.5_4.333.ply,T23D-CompBench_ply,810208,31d7d0bc0332bc685085737a45fb29d67059195ca1bd93f8196979d0ac32fe14
2382,T23D-CompBench_ply/A_dog_sitting_next_to_a_white_cat/cat_and_dog[1]_Tripo_AI-2.5_4.667.ply,T23D-CompBench_ply,810208,9abf7dd4842e6c488a216500f09008c4fbf5385cd2da348f2664363fa3d8ec08
2383,T23D-CompBench_ply/A_dragon_with_metallic_scales/dragon_3DTopia_1.ply,T23D-CompBench_ply,810208,90dedb946b483ca124b48e5978185b9475f4d82c83aacf9a440b8294d16a2bc4
2384,T23D-CompBench_ply/A_dragon_with_metallic_scales/dragon_DreamFusion_2.ply,T23D-CompBench_ply,810208,e4c682ffb53f327d561b9a1e4993ce52847b6b708e549407fa7209e3eaec65fe
2385,T23D-CompBench_ply/A_dragon_with_metallic_scales/dragon_Hunyuan-2.0_5.ply,T23D-CompBench_ply,810208,34a36dfef2cede8a9a46bd8add2283e9168946c644f3fe2af787cc5350b3262f
2386,T23D-CompBench_ply/A_dragon_with_metallic_scales/dragon_LGM_2.ply,T23D-CompBench_ply,810208,8f13ef346453a7dc56f019ab9915e96429d169671e44876622abe37f4e04d5d0
2387,T23D-CompBench_ply/A_dragon_with_metallic_scales/dragon_Magic3D_2.ply,T23D-CompBench_ply,810208,23cd5e609274bb6d6a8860c87ee8ac5efca11f3721d5fec20f87ae944321abc5
2388,T23D-CompBench_ply/A_dragon_with_metallic_scales/dragon_Meshy_AI-5_4.333.ply,T23D-CompBench_ply,810208,77f8d38202e55946d89772337816b9c5def4e3c46f7137bd596515d3702b6c8c
2389,T23D-CompBench_ply/A_dragon_with_metallic_scales/dragon_Rodin_Gen-1.5_5.ply,T23D-CompBench_ply,810208,e6a8f90d3c00b0a1685ab677c382bfb4c1537e8374779836ab8d57e6d102c708
2390,T23D-CompBench_ply/A_dragon_with_metallic_scales/dragon_Tripo_AI-2.5_5.ply,T23D-CompBench_ply,810208,f4f432a476cc86858bab6dd85dd9294613c9f243f8af75931bcee8c4e3566de8
2391,T23D-CompBench_ply/A_fat_owl_wearing_a_black_gown/owl_3DTopia_1.ply,T23D-CompBench_ply,810208,b900a2d8df582cf77b93997e7cdca8df823e813398399d4690769fde46168162
2392,T23D-CompBench_ply/A_fat_owl_wearing_a_black_gown/owl_DreamFusion_1.ply,T23D-CompBench_ply,810208,e23985f0380627b87c50642a3012828c189793f2344f770084a7459321107a13
2393,T23D-CompBench_ply/A_fat_owl_wearing_a_black_gown/owl_Hunyuan-2.0_4.667.ply,T23D-CompBench_ply,810208,f4090f71056de125ff32800a0f0bb3117b68781cfa04b85a9d4a49eb9a6c76e5
2394,T23D-CompBench_ply/A_fat_owl_wearing_a_black_gown/owl_LGM_3.ply,T23D-CompBench_ply,810208,0944a54d17e726db6311cc64dfbc2c25a1bff58b58db48f01aab5cbbb61afa47
2395,T23D-CompBench_ply/A_fat_owl_wearing_a_black_gown/owl_Magic3D_2.ply,T23D-CompBench_ply,810208,f0db2b4652e208654df36dfce60d29f3834db7c4d35b0f918b01c0d145a0742f
2396,T23D-CompBench_ply/A_fat_owl_wearing_a_black_gown/owl_Meshy_AI-5_4.333.ply,T23D-CompBench_ply,810208,e1e1b2f749d93f42e057d814c83b088c2362efda999b2768a5f6ebb90bf62044
2397,T23D-CompBench_ply/A_fat_owl_wearing_a_black_gown/owl_Rodin_Gen-1.5_4.ply,T23D-CompBench_ply,810208,8b90409c93f8c067edf85246f8f82d5cd8ac499964599d7fed57087568fbd157
2398,T23D-CompBench_ply/A_fat_owl_wearing_a_black_gown/owl_Tripo_AI-2.5_4.667.ply,T23D-CompBench_ply,810208,c97d1737cadcbf853725e68cb127bbcb383b3aac8054aa8e71693580348442d6
2399,T23D-CompBench_ply/A_floral_dress_hanging_on_a_coat_rack/dress_3DTopia_3.ply,T23D-CompBench_ply,810208,dd4b900d8768944f564e2ebfaf81895f21e5aad37a1abdb49b1db525dc531c21
2400,T23D-CompBench_ply/A_floral_dress_hanging_on_a_coat_rack/dress_DreamFusion_1.667.ply,T23D-CompBench_ply,810208,15dc3127c66381554fad6cc2074968c5d487fe7a174f80d6c037c16d774fe95c
2401,T23D-CompBench_ply/A_floral_dress_hanging_on_a_coat_rack/dress_Hunyuan-2.0_3.667.ply,T23D-CompBench_ply,810208,65978186fbc94fce49fa0870cedf5a2952d32870e0b78e2295b46fa3eae0985d
2402,T23D-CompBench_ply/A_floral_dress_hanging_on_a_coat_rack/dress_LGM_3.667.ply,T23D-CompBench_ply,810208,cb86c1064b3c4b611d27cd3b2d2e6129b111fe53d35fcd6505177effc20305a6
2403,T23D-CompBench_ply/A_floral_dress_hanging_on_a_coat_rack/dress_Magic3D_2.ply,T23D-CompBench_ply,810208,df13f075f2124bad0732d0b4e60e2ca37a6f00e9faa02e356cc47376fe28950b
2404,T23D-CompBench_ply/A_floral_dress_hanging_on_a_coat_rack/dress_Meshy_AI-5_5.ply,T23D-CompBench_ply,810208,a6ce9d9f9fdc760d7e087503439e62249f5ba7351a87f481d7799306c6c18f93
2405,T23D-CompBench_ply/A_floral_dress_hanging_on_a_coat_rack/dress_Rodin_Gen-1.5_5.ply,T23D-CompBench_ply,810208,e91294d3c3f403fccb7d756c099348b7194fd70a37de316a20660b89cf56815c
2406,T23D-CompBench_ply/A_floral_dress_hanging_on_a_coat_rack/dress_Tripo_AI-2.5_5.ply,T23D-CompBench_ply,810208,0ed91dbed56733461d24fc8385e601ba325ca7e04c16b230e385f0c7a45afa99
2407,T23D-CompBench_ply/A_flower_with_round_copper_petals/flower_3DTopia_3.ply,T23D-CompBench_ply,810208,903d8d3ce9a1b3f15b87b137dcc416cb87720c04feb3a5c032af68c302216c54
2408,T23D-CompBench_ply/A_flower_with_round_copper_petals/flower_DreamFusion_1.ply,T23D-CompBench_ply,810208,80e08b7b669b57337ef5004eb58c45dfc37883417de534720a07a883034b1580
2409,T23D-CompBench_ply/A_flower_with_round_copper_petals/flower_Hunyuan-2.0_4.667.ply,T23D-CompBench_ply,810208,7140699aa666aece75e8a50702b0011da0fb61f6311f6548c70a086a192bc7db
2410,T23D-CompBench_ply/A_flower_with_round_copper_petals/flower_LGM_3.667.ply,T23D-CompBench_ply,810208,6b548d0c2705a669a244e0824fb87d1993deed6f0da93f54ec3b4b512157b724
2411,T23D-CompBench_ply/A_flower_with_round_copper_petals/flower_Magic3D_2.ply,T23D-CompBench_ply,810208,d438aef73db7031c046519213d31214344d4a02b658d9d43a07e948d853d6b48
2412,T23D-CompBench_ply/A_flower_with_round_copper_petals/flower_Meshy_AI-5_4.667.ply,T23D-CompBench_ply,810208,bd3ec4901543be3f81561b8f8db4f4ae0c81504d23c928c5988f7be4bbfffdf9
2413,T23D-CompBench_ply/A_flower_with_round_copper_petals/flower_Rodin_Gen-1.5_5.ply,T23D-CompBench_ply,810208,7692044e23f14d211018413a69baedb7449ef612f9f4641844e55872aa94ec7a
2414,T23D-CompBench_ply/A_flower_with_round_copper_petals/flower_Tripo_AI-2.5_4.ply,T23D-CompBench_ply,810208,7acc34e263af7587dd4b257dcad1a45d9d2b3ec60c53bdfe150fe70d0efd9838
2415,"T23D-CompBench_ply/A_fox_with_a_bushy,_crescent-shaped_tail_and_pointed_ears/fox_3DTopia_2.667.ply",T23D-CompBench_ply,810208,9e28e22400a756007a97bdba1d1bade9f29f09936474faa638cdfb7ca2f6f966
2416,"T23D-CompBench_ply/A_fox_with_a_bushy,_crescent-shaped_tail_and_pointed_ears/fox_DreamFusion_2.ply",T23D-CompBench_ply,810208,3d43e1b7b3dd341ab74bf20516a8975750084ce8f043fc1424fdc4d47329ae25
2417,"T23D-CompBench_ply/A_fox_with_a_bushy,_crescent-shaped_tail_and_pointed_ears/fox_Hunyuan-2.0_4.667.ply",T23D-CompBench_ply,810208,67150f4d13869f3e8d45bbfcd2a4b557c56d7844e065ebffb7f51faf10a146e8
2418,"T23D-CompBench_ply/A_fox_with_a_bushy,_crescent-shaped_tail_and_pointed_ears/fox_LGM_2.ply",T23D-CompBench_ply,810208,7d6dd97e3f8566a9eb0b18b18e16ebdfca9f6c589638885037bf72a73926161a
2419,"T23D-CompBench_ply/A_fox_with_a_bushy,_crescent-shaped_tail_and_pointed_ears/fox_Magic3D_2.667.ply",T23D-CompBench_ply,810208,24247e541fb7fc6339deede1644d248669c11fa67511ca50da6a316caf8d7e63
2420,"T23D-CompBench_ply/A_fox_with_a_bushy,_crescent-shaped_tail_and_pointed_ears/fox_Meshy_AI-5_4.667.ply",T23D-CompBench_ply,810208,c7af0d65faaf327a6f4b49ae76f44449741cd5af3ce9a7df8c182c69268f7bba
2421,"T23D-CompBench_ply/A_fox_with_a_bushy,_crescent-shaped_tail_and_pointed_ears/fox_Rodin_Gen-1.5_5.ply",T23D-CompBench_ply,810208,d9343bb43da9956731d78c2ff6cf003adb301c1ce61b6f611def85af3baacc86
2422,"T23D-CompBench_ply/A_fox_with_a_bushy,_crescent-shaped_tail_and_pointed_ears/fox_Tripo_AI-2.5_5.ply",T23D-CompBench_ply,810208,ecba7a90c728608993dbca0f9645f7381b7a03fe52db6886898e76506f22a31b
2423,T23D-CompBench_ply/A_fruit_basket_filled_with_apples_and_oranges_on_a_table/fruit_and_fruit_basket[1]_3DTopia_1.ply,T23D-CompBench_ply,810208,f9c504b35aff03d1e0b2ee294e3e80d0305803cc13d7238b1ccb19d0f399106d
2424,T23D-CompBench_ply/A_fruit_basket_filled_with_apples_and_oranges_on_a_table/fruit_and_fruit_basket[1]_DreamFusion_3.ply,T23D-CompBench_ply,810208,8cdb2fab0b8fdf5d58e9fe3fd247e8dc8ff8611cd6ae9e926e497114a6c60388
2425,T23D-CompBench_ply/A_fruit_basket_filled_with_apples_and_oranges_on_a_table/fruit_and_fruit_basket[1]_Hunyuan-2.0_4.ply,T23D-CompBench_ply,810208,a7ba87cb794881f53bca484da7b5b0798351bf2b43bf450d4f4d51de76fd2cf0
2426,T23D-CompBench_ply/A_fruit_basket_filled_with_apples_and_oranges_on_a_table/fruit_and_fruit_basket[1]_LGM_3.ply,T23D-CompBench_ply,810208,82814808614490c967b4abab4b64da2af79199b6e8cb05b71acb914bff3950f2
2427,T23D-CompBench_ply/A_fruit_basket_filled_with_apples_and_oranges_on_a_table/fruit_and_fruit_basket[1]_Magic3D_3.ply,T23D-CompBench_ply,810208,440ee19e09340bd46e4b5383b5657e288c36b4ad5149861c4ab2d31c92084b86
2428,T23D-CompBench_ply/A_fruit_basket_filled_with_apples_and_oranges_on_a_table/fruit_and_fruit_basket[1]_Meshy_AI-5_3.667.ply,T23D-CompBench_ply,810208,ebc91027c2ff0c1b2467da27eea0c49d8691962b3f3595b0d3e897277d946797
2429,T23D-CompBench_ply/A_fruit_basket_filled_with_apples_and_oranges_on_a_table/fruit_and_fruit_basket[1]_Rodin_Gen-1.5_4.667.ply,T23D-CompBench_ply,810208,b4c76278504a5dff5754424ea031627271b3b52f04f2a3ded2a682fc3e19ba0a
2430,T23D-CompBench_ply/A_fruit_basket_filled_with_apples_and_oranges_on_a_table/fruit_and_fruit_basket[1]_Tripo_AI-2.5_4.ply,T23D-CompBench_ply,810208,30938d20627856068316f368995dd07116b5aa6c0370d2e25ea90019a1158002
2431,T23D-CompBench_ply/A_giant_ant_standing_on_a_blue_crystal_ball/crystal_ball_and_ant[1]_3DTopia_1.ply,T23D-CompBench_ply,810208,cb5d09571bad56e75ced67ea460f04e8c036ff028daaef42c2d55c0df70ebe99
2432,T23D-CompBench_ply/A_giant_ant_standing_on_a_blue_crystal_ball/crystal_ball_and_ant[1]_DreamFusion_2.ply,T23D-CompBench_ply,810208,55b95401c3cf846ce1a3a7e3abf42fb5fd66c1bbbac0a9ca074de5f1b61d177c
2433,T23D-CompBench_ply/A_giant_ant_standing_on_a_blue_crystal_ball/crystal_ball_and_ant[1]_Hunyuan-2.0_4.ply,T23D-CompBench_ply,810208,57a97ff9d06d2307339fdb020548f4c35a272f834fffa99d40c667d6389b4d1f
2434,T23D-CompBench_ply/A_giant_ant_standing_on_a_blue_crystal_ball/crystal_ball_and_ant[1]_LGM_2.ply,T23D-CompBench_ply,810208,396449ab6f451b9a49a272343ad793e5eb5747aeb2539803724c9d5a29183e95
2435,T23D-CompBench_ply/A_giant_ant_standing_on_a_blue_crystal_ball/crystal_ball_and_ant[1]_Magic3D_1.ply,T23D-CompBench_ply,810208,9cf0275ff032049066e8f70714cff4ad19b84c5a17fe2c18ad3f6c6a0059088a
2436,T23D-CompBench_ply/A_giant_ant_standing_on_a_blue_crystal_ball/crystal_ball_and_ant[1]_Meshy_AI-5_5.ply,T23D-CompBench_ply,810208,b058743d9e8f457cec526f2cfbed3e8505cc28c6d291db09bf051bbe250388ec
2437,T23D-CompBench_ply/A_giant_ant_standing_on_a_blue_crystal_ball/crystal_ball_and_ant[1]_Rodin_Gen-1.5_3.ply,T23D-CompBench_ply,810208,f9a228ca1cbfceaa924227a573fd3a3ef20ad1cb0023bc5244bb87a22f342730
2438,T23D-CompBench_ply/A_giant_ant_standing_on_a_blue_crystal_ball/crystal_ball_and_ant[1]_Tripo_AI-2.5_5.ply,T23D-CompBench_ply,810208,51307b966ac1519673f5fef5bce17142059db6e8419b52ffc32ebe36a439f665
2439,T23D-CompBench_ply/A_golden_motorcycle/motorcycle_3DTopia_3.333.ply,T23D-CompBench_ply,810208,fb2870951c9b6273c841f8afa564423609776fd66394c9cf1c7f8dac4fc35ad0
2440,T23D-CompBench_ply/A_golden_motorcycle/motorcycle_DreamFusion_3.ply,T23D-CompBench_ply,810208,a039cf296c3a9234c8f54fd1cace7ee96af11c940ae3ededb6bc3cf1e687a10b
2441,T23D-CompBench_ply/A_golden_motorcycle/motorcycle_Hunyuan-2.0_4.333.ply,T23D-CompBench_ply,810208,afcfbccb437498447570ee9907ff48adf70fa441014d6b5b81bc0d6194176600
2442,T23D-CompBench_ply/A_golden_motorcycle/motorcycle_LGM_2.ply,T23D-CompBench_ply,810208,50f1023913b7ec575ea8db24acfe3405d5bcacef6e4ed399b3b28bff23b037f8
2443,T23D-CompBench_ply/A_golden_motorcycle/motorcycle_Magic3D_3.ply,T23D-CompBench_ply,810208,395b884a9eade117d92ca2789e34104036a7427300611f22af61777913ccd8da
2444,T23D-CompBench_ply/A_golden_motorcycle/motorcycle_Meshy_AI-5_4.667.ply,T23D-CompBench_ply,810208,7d3af0bc720cd150f2330dff2bfd2346f33e0454707c20527da9834e79f52d85
2445,T23D-CompBench_ply/A_golden_motorcycle/motorcycle_Rodin_Gen-1.5_4.667.ply,T23D-CompBench_ply,810208,b072d8d0a0fedcc145878bc9532c48a609011f9180d1e2332518b7a2def5fdb1
2446,T23D-CompBench_ply/A_golden_motorcycle/motorcycle_Tripo_AI-2.5_5.ply,T23D-CompBench_ply,810208,37c7e5b7260ad1efb769bca28c3bc05f75943c306a0d8d593e7ff732d11c1a27
2447,T23D-CompBench_ply/A_gray_cotton_t-shirt_with_a_printed_logo/t-shirt_3DTopia_3.ply,T23D-CompBench_ply,810208,f52d44f31572b2f34b28e3db938d7ba12e5ffc4bd1617c76dfa18e346cb211c7
2448,T23D-CompBench_ply/A_gray_cotton_t-shirt_with_a_printed_logo/t-shirt_DreamFusion_1.ply,T23D-CompBench_ply,810208,279392782432ecf977180b0ecefb20b7c2788780f34e0f980dc29738ac3c95bf
2449,T23D-CompBench_ply/A_gray_cotton_t-shirt_with_a_printed_logo/t-shirt_Hunyuan-2.0_4.667.ply,T23D-CompBench_ply,810208,000d7bcf96db2bca368eb25d78d4c6ed71e7a9dbc5784c91571ae3849451b13c
2450,T23D-CompBench_ply/A_gray_cotton_t-shirt_with_a_printed_logo/t-shirt_LGM_4.ply,T23D-CompBench_ply,810208,cf957295ec4c74e24e2888edb738eb6a8bb51ae13bef913bc966f34bf61bb06c
2451,T23D-CompBench_ply/A_gray_cotton_t-shirt_with_a_printed_logo/t-shirt_Magic3D_2.ply,T23D-CompBench_ply,810208,114bf1198d52a147ae7272dc36495f1330747735bd565008d73aeb7e99808e2b
2452,T23D-CompBench_ply/A_gray_cotton_t-shirt_with_a_printed_logo/t-shirt_Meshy_AI-5_4.ply,T23D-CompBench_ply,810208,c3e123781505b1346eee0020fe49b1f37064f0f9b5f3260113a21c36eb2ca568
2453,T23D-CompBench_ply/A_gray_cotton_t-shirt_with_a_printed_logo/t-shirt_Rodin_Gen-1.5_4.ply,T23D-CompBench_ply,810208,f3b3dd3a842568fafc98843fdcdb333eba95c558ed252a3e84fe6dcc9538deab
2454,T23D-CompBench_ply/A_gray_cotton_t-shirt_with_a_printed_logo/t-shirt_Tripo_AI-2.5_4.ply,T23D-CompBench_ply,810208,cf57cd434c95baa4430b5187a427319d581af35e7e0be48e2b6e2418cca98539
2455,T23D-CompBench_ply/A_gray_skyscraper_with_rectangular_windows/skyscraper_3DTopia_4.333.ply,T23D-CompBench_ply,810208,11cd293d4fad4813d9ce96b10a452c28dd6118ed336cbacfd5a11e6e924c08a6
2456,T23D-CompBench_ply/A_gray_skyscraper_with_rectangular_windows/skyscraper_DreamFusion_1.667.ply,T23D-CompBench_ply,810208,925e860eefd97f1a325d922e754e7b828fabe92c12dbfda051aa7d09a4ad7d6f
2457,T23D-CompBench_ply/A_gray_skyscraper_with_rectangular_windows/skyscraper_Hunyuan-2.0_4.ply,T23D-CompBench_ply,810208,9f87948062260ddde8035833724a624ef34a7faa56bf220ec1cbc4c5fac96015
2458,T23D-CompBench_ply/A_gray_skyscraper_with_rectangular_windows/skyscraper_LGM_2.667.ply,T23D-CompBench_ply,810208,8ebc36a2a27c358c24303a7a8c92a2ab3cd1dd384556724a533492f8909a90a5
2459,T23D-CompBench_ply/A_gray_skyscraper_with_rectangular_windows/skyscraper_Magic3D_1.ply,T23D-CompBench_ply,810208,d09de05f7887990f249cdf5a8943c682ea261bd7d37638e0e5cf3f250243991a
2460,T23D-CompBench_ply/A_gray_skyscraper_with_rectangular_windows/skyscraper_Meshy_AI-5_5.ply,T23D-CompBench_ply,810208,f33033e64084d241fe7cd868d6a24f5928fefb264d9aa1ab12e213eb92808ec9
2461,T23D-CompBench_ply/A_gray_skyscraper_with_rectangular_windows/skyscraper_Rodin_Gen-1.5_5.ply,T23D-CompBench_ply,810208,8c887c14765a20ea43e3ac3909673b84beef719ed1068551bca2bbf1dba5110b
2462,T23D-CompBench_ply/A_gray_skyscraper_with_rectangular_windows/skyscraper_Tripo_AI-2.5_5.ply,T23D-CompBench_ply,810208,a154fa38d7beaf52595d9b4640f4df5676e399dc3c91fe633fe5c34e9e167766
2463,T23D-CompBench_ply/A_green_cactus_in_a_clay_pot/cactus_3DTopia_2.333.ply,T23D-CompBench_ply,810208,e585dcbb144abe50647fadade96bbb87590b78fc4226a06e38c327352ef77a30
2464,T23D-CompBench_ply/A_green_cactus_in_a_clay_pot/cactus_DreamFusion_4.ply,T23D-CompBench_ply,810208,d6e1ac8903f61b96934c8f183913dcc52c06fc8fb7bfaee33d93dc421ece7c46
2465,T23D-CompBench_ply/A_green_cactus_in_a_clay_pot/cactus_Hunyuan-2.0_5.ply,T23D-CompBench_ply,810208,56e1e6fbef1e01febd19be91d37fce7030aace055bec661135a36784e5447d12
2466,T23D-CompBench_ply/A_green_cactus_in_a_clay_pot/cactus_LGM_3.ply,T23D-CompBench_ply,810208,5100d4e3394728a68ef1cb18cecdbb5bb0429c93b8f3f14c894187f64fa9f9f7
2467,T23D-CompBench_ply/A_green_cactus_in_a_clay_pot/cactus_Magic3D_3.667.ply,T23D-CompBench_ply,810208,227439198396296babe29f21529cc6093ed9f57c2ac3c75e2f5b525fab5c4ce8
2468,T23D-CompBench_ply/A_green_cactus_in_a_clay_pot/cactus_Meshy_AI-5_4.333.ply,T23D-CompBench_ply,810208,65ccdbcbb901b43d6dd155f59efbe55280e79fbb84fc34d2b4dcc91d7b69a6b3
2469,T23D-CompBench_ply/A_green_cactus_in_a_clay_pot/cactus_Rodin_Gen-1.5_4.667.ply,T23D-CompBench_ply,810208,53e270563f7497d65255ebebc3b5cd5cb466594b88f9e60c008fd94939409f90
2470,T23D-CompBench_ply/A_green_cactus_in_a_clay_pot/cactus_Tripo_AI-2.5_5.ply,T23D-CompBench_ply,810208,f47a65ecc6319fd9d758a01a1ac12b43514fb9be7db9bf50acf493e31523ffff
2471,T23D-CompBench_ply/A_griffin_eating_a_golden_apple/apple_and_griffin_3DTopia_1.ply,T23D-CompBench_ply,810208,bd6e2100d1650bd7b4a056a6f1a4b510c22e57c0a599bfbeae2dd687f8671546
2472,T23D-CompBench_ply/A_griffin_eating_a_golden_apple/apple_and_griffin_DreamFusion_2.ply,T23D-CompBench_ply,810208,697f1f9835b2a7e83833f947debb1ae1acb0b8451fb35f61ec81e83e2e4a3cf1
2473,T23D-CompBench_ply/A_griffin_eating_a_golden_apple/apple_and_griffin_Hunyuan-2.0_5.ply,T23D-CompBench_ply,810208,81450dfb93087331eec6a3bb4e638005606b3d57d55ff7822c7e73985c87d9c6
2474,T23D-CompBench_ply/A_griffin_eating_a_golden_apple/apple_and_griffin_LGM_2.ply,T23D-CompBench_ply,810208,3d1f4ecb7bba6bfb0bb06fab42548dde292fcd30acb1c144161010239079f730
2475,T23D-CompBench_ply/A_griffin_eating_a_golden_apple/apple_and_griffin_Magic3D_2.667.ply,T23D-CompBench_ply,810208,eb0380c15b5dd16174cb5a10ca72bbe1e51017c0c51fc2c80278de03415c8223
2476,T23D-CompBench_ply/A_griffin_eating_a_golden_apple/apple_and_griffin_Meshy_AI-5_4.333.ply,T23D-CompBench_ply,810208,c6f46d911d5e55efffe5f5672cdfef54db9bb8cace033248a28e87be161aa494
2477,T23D-CompBench_ply/A_griffin_eating_a_golden_apple/apple_and_griffin_Rodin_Gen-1.5_4.667.ply,T23D-CompBench_ply,810208,4c6a9eead78b8ee4bfa7c90ea9e15a3fc8a2d82920484f1307fbda7ad6436523
2478,T23D-CompBench_ply/A_griffin_eating_a_golden_apple/apple_and_griffin_Tripo_AI-2.5_5.ply,T23D-CompBench_ply,810208,87a06129ee4d4e064f8a0f56212fec4f5ed19a318a13526cc08141cc986ecda5
2479,T23D-CompBench_ply/A_hamster_wearing_a_tiny_white_lab_coat_and_square_framed_goggles/hamster_3DTopia_1.667.ply,T23D-CompBench_ply,810208,10b3431884c2123c28656d88cf1ca862f57d17a26c9fcd27a0ee18717da1e7a7
2480,T23D-CompBench_ply/A_hamster_wearing_a_tiny_white_lab_coat_and_square_framed_goggles/hamster_DreamFusion_2.ply,T23D-CompBench_ply,810208,c8363e7381826fbc88896d73fec41e07a1d33411a722105b75a8e1339a106d14
2481,T23D-CompBench_ply/A_hamster_wearing_a_tiny_white_lab_coat_and_square_framed_goggles/hamster_Hunyuan-2.0_3.667.ply,T23D-CompBench_ply,810208,055c3f0f0973add33cf3da09a76888680af29d8691f4ee4946ede1556c50f0f2
2482,T23D-CompBench_ply/A_hamster_wearing_a_tiny_white_lab_coat_and_square_framed_goggles/hamster_LGM_2.ply,T23D-CompBench_ply,810208,e4544e07352b04feacf9709487787e5966e641fa11da14c447f3872685bc9cef
2483,T23D-CompBench_ply/A_hamster_wearing_a_tiny_white_lab_coat_and_square_framed_goggles/hamster_Magic3D_2.667.ply,T23D-CompBench_ply,810208,4efbe0fbe795abbbfa1581e8a81c2f8e4f36758d1352e4c1e59a6cc29b50ba07
2484,T23D-CompBench_ply/A_hamster_wearing_a_tiny_white_lab_coat_and_square_framed_goggles/hamster_Meshy_AI-5_4.ply,T23D-CompBench_ply,810208,6234517dcac8bc3f19f21dfe65f89a1bf2d976f7036a4851810cc61f4f5d1be3
2485,T23D-CompBench_ply/A_hamster_wearing_a_tiny_white_lab_coat_and_square_framed_goggles/hamster_Rodin_Gen-1.5_4.ply,T23D-CompBench_ply,810208,1f3b51600a01960f826a2ed482e73af8396a5b6295e32e58ebf4c5cde12a776a
2486,T23D-CompBench_ply/A_hamster_wearing_a_tiny_white_lab_coat_and_square_framed_goggles/hamster_Tripo_AI-2.5_5.ply,T23D-CompBench_ply,810208,1c71e31ac0c49451ab50de311b22970a5c975153b84ba523a4a4328791404c67
2487,T23D-CompBench_ply/A_horse_eating_hay/horse_3DTopia_2.ply,T23D-CompBench_ply,810208,eca298917c89dd67185b506421fac3dbab04fabf7cbedfbb622f245291e8b5e0
2488,T23D-CompBench_ply/A_horse_eating_hay/horse_DreamFusion_2.667.ply,T23D-CompBench_ply,810208,be23981349d9fa508d81fca2d652532702e901d2dbddc2609313d4b8941f119e
2489,T23D-CompBench_ply/A_horse_eating_hay/horse_Hunyuan-2.0_3.333.ply,T23D-CompBench_ply,810208,5f9b4f335fbb2b37452eaec972fb8d5d52d23a7b87a50dbf2aa09e60729567fc
2490,T23D-CompBench_ply/A_horse_eating_hay/horse_LGM_2.ply,T23D-CompBench_ply,810208,64337bb43591d7b7836ba653f82d9a7addc51d8d7d5ff81d1089ac3f08fa813d
2491,T23D-CompBench_ply/A_horse_eating_hay/horse_Magic3D_2.ply,T23D-CompBench_ply,810208,ba9568f04f7696fce7ce16bb2225358f426c0d7282b2129d19cacc5fc77d2aa5
2492,T23D-CompBench_ply/A_horse_eating_hay/horse_Meshy_AI-5_5.ply,T23D-CompBench_ply,810208,a2af85ab2099e31997bb70680b96c694c4e0c8980a3c7b3c19d7838e1b6d63dd
2493,T23D-CompBench_ply/A_horse_eating_hay/horse_Rodin_Gen-1.5_4.ply,T23D-CompBench_ply,810208,d88d87a47124dfeae34fde1ae9cc0770951f272e2a9a4913d5cdbe2cbbcc6a0f
2494,T23D-CompBench_ply/A_horse_eating_hay/horse_Tripo_AI-2.5_4.667.ply,T23D-CompBench_ply,810208,04f790bf8eec5f0d07d37a9ed415d2e2eb2d066cb05786333d8af35f6971c558
2495,T23D-CompBench_ply/A_house_made_of_red_bricks/house_3DTopia_3.333.ply,T23D-CompBench_ply,810208,389597d441d2f190625e1e25a9282a559b23cfdd2e5a3ce57add1503093a9095
2496,T23D-CompBench_ply/A_house_made_of_red_bricks/house_DreamFusion_1.ply,T23D-CompBench_ply,810208,57554bca7e3496d8be114e8d81e139c88b3556df2c9799bf8a2d7af279e57cd3
2497,T23D-CompBench_ply/A_house_made_of_red_bricks/house_Hunyuan-2.0_5.ply,T23D-CompBench_ply,810208,a77edbeb3c73fa9e9253e175470b555c39301619304df198f775d1160c7367ee
2498,T23D-CompBench_ply/A_house_made_of_red_bricks/house_LGM_2.ply,T23D-CompBench_ply,810208,5139c31740ff1222e13d87caac2c1fb4f05815c12f9bd05df80c02b55e7931ab
2499,T23D-CompBench_ply/A_house_made_of_red_bricks/house_Magic3D_1.ply,T23D-CompBench_ply,810208,0b88f5527556b35c8e1541017eac10e333ad9c583fa6faf932521bf8f0ad9797
2500,T23D-CompBench_ply/A_house_made_of_red_bricks/house_Meshy_AI-5_4.ply,T23D-CompBench_ply,810208,0412018701aecb8036ba71c751658282c79a59c382caa569d591c3eb50e2f7ef
2501,T23D-CompBench_ply/A_house_made_of_red_bricks/house_Rodin_Gen-1.5_4.333.ply,T23D-CompBench_ply,810208,afa0ceb2792cf2d00fbd269455fbd46996ef4e564c0bcdbc3f2d22262f70e1af
2502,T23D-CompBench_ply/A_house_made_of_red_bricks/house_Tripo_AI-2.5_4.ply,T23D-CompBench_ply,810208,0bd7cf8a1a832e4e121ca0bbd0a59772292fe7271015e75ef7171916d8ce0ed2
2503,T23D-CompBench_ply/A_lamp_near_a_sofa/sofa_and_lamp[1]_3DTopia_3.667.ply,T23D-CompBench_ply,810208,23ceb1fd7564bdb9f784716d3263c54f05d82a2584ad53ad58e00ec0caf844d0
2504,T23D-CompBench_ply/A_lamp_near_a_sofa/sofa_and_lamp[1]_DreamFusion_2.333.ply,T23D-CompBench_ply,810208,f9e6c75ece7bf235e1ad1f4e345279df7f9e6b0819752ba71abb4ff2165f8523
2505,T23D-CompBench_ply/A_lamp_near_a_sofa/sofa_and_lamp[1]_Hunyuan-2.0_4.5.ply,T23D-CompBench_ply,810208,124e17fd041f316fc3f9c384b437427d18c8eab1d2b1adb805e03a025e7829b0
2506,T23D-CompBench_ply/A_lamp_near_a_sofa/sofa_and_lamp[1]_LGM_1.ply,T23D-CompBench_ply,810208,b99e88c8b7c2d28956de6a98e5dd612bb83fe92678ab83cae5d65abfbefe5578
2507,T23D-CompBench_ply/A_lamp_near_a_sofa/sofa_and_lamp[1]_Magic3D_2.ply,T23D-CompBench_ply,810208,b0f5505f82f0dab3342e8c96f3d3381219d184e6d5bbe367388d4590f7d8350e
2508,T23D-CompBench_ply/A_lamp_near_a_sofa/sofa_and_lamp[1]_Meshy_AI-5_4.ply,T23D-CompBench_ply,810208,e07402f20711fa1474221d2c7fdf994d25ea39a2c58dc1136446366efeceffdb
2509,T23D-CompBench_ply/A_lamp_near_a_sofa/sofa_and_lamp[1]_Rodin_Gen-1.5_4.667.ply,T23D-CompBench_ply,810208,6b9de866fc1427ee0c752ce5d58c553e20f58ffbdd2565e5ea8e2672d0634206
2510,T23D-CompBench_ply/A_lamp_near_a_sofa/sofa_and_lamp[1]_Tripo_AI-2.5_5.ply,T23D-CompBench_ply,810208,14e1cbc225663a296ed24d03bf113e3d196afee0b275cf5ee30f1e25c143afe0
2511,T23D-CompBench_ply/A_large_truck_parked_beside_a_trailer_loaded_with_construction_materials/truck_3DTopia_1.ply,T23D-CompBench_ply,810208,d15a5f49172ea476df4c486eb34621aac3377c2aa54646888157ed08ec30f161
2512,T23D-CompBench_ply/A_large_truck_parked_beside_a_trailer_loaded_with_construction_materials/truck_DreamFusion_3.ply,T23D-CompBench_ply,810208,6c1002b6f411756955949e0c3b15d40fbdd0cb4800c4c4c735b1875e2c3dfab1
2513,T23D-CompBench_ply/A_large_truck_parked_beside_a_trailer_loaded_with_construction_materials/truck_Hunyuan-2.0_3.667.ply,T23D-CompBench_ply,810208,d2b6043d2fd275fc2e8f7328fb094f5117d641b34315f6749d677aac87f873fd
2514,T23D-CompBench_ply/A_large_truck_parked_beside_a_trailer_loaded_with_construction_materials/truck_LGM_2.ply,T23D-CompBench_ply,810208,8e9c3bf2f0e9841df88f037856fd43ae6ba18d065d4eacc5d35a4c2d496e39f3
2515,T23D-CompBench_ply/A_large_truck_parked_beside_a_trailer_loaded_with_construction_materials/truck_Magic3D_2.333.ply,T23D-CompBench_ply,810208,79af60dbbb6129e023d38831708d271ae481e611f2af0289ff68010a06d25747
2516,T23D-CompBench_ply/A_large_truck_parked_beside_a_trailer_loaded_with_construction_materials/truck_Meshy_AI-5_3.333.ply,T23D-CompBench_ply,810208,c840f0a8e9396ecdb117c32c51d19284be0cc00b73f35a7e3355abac20c80460
2517,T23D-CompBench_ply/A_large_truck_parked_beside_a_trailer_loaded_with_construction_materials/truck_Rodin_Gen-1.5_4.333.ply,T23D-CompBench_ply,810208,b5005c7de8d0b04586cb827146806f5436e1fb9d3e0e3114d9542c2d5d2c0b95
2518,T23D-CompBench_ply/A_large_truck_parked_beside_a_trailer_loaded_with_construction_materials/truck_Tripo_AI-2.5_4.ply,T23D-CompBench_ply,810208,7a20d7e5b1253b0e315548ab2a5f3e009b0c7a3e23b5f494439c8d0807d7fd45
2519,"T23D-CompBench_ply/A_lotus_flower_with_gelatinous,_shimmering_green_leaves_and_pearl-like_seed_pods/lotus_flower_3DTopia_2.333.ply",T23D-CompBench_ply,810208,40887890ae90cf205007d6bd1599f9c3b1cb6f236587806282797f10cd1f4022
2520,"T23D-CompBench_ply/A_lotus_flower_with_gelatinous,_shimmering_green_leaves_and_pearl-like_seed_pods/lotus_flower_DreamFusion_2.ply",T23D-CompBench_ply,810208,cb2479e811fe835849cdc1e3f097fee138cc66084b481ba497233c8496533a6c
2521,"T23D-CompBench_ply/A_lotus_flower_with_gelatinous,_shimmering_green_leaves_and_pearl-like_seed_pods/lotus_flower_Hunyuan-2.0_3.667.ply",T23D-CompBench_ply,810208,1ede0e3d7dcd058ac258a921dbf3f668a61dc40f9bb437ea8957f245e5f43ca0
2522,"T23D-CompBench_ply/A_lotus_flower_with_gelatinous,_shimmering_green_leaves_and_pearl-like_seed_pods/lotus_flower_LGM_2.333.ply",T23D-CompBench_ply,810208,98b3c13808c60a67bc5a8b555cf82369dbd737dfc32a9325b8c4b38e4976cd9b
2523,"T23D-CompBench_ply/A_lotus_flower_with_gelatinous,_shimmering_green_leaves_and_pearl-like_seed_pods/lotus_flower_Magic3D_2.ply",T23D-CompBench_ply,810208,52bf7c887b5c3cc0d2f813d7b84a6ffcd11ed3269ff774f629fd74713b7d9660
2524,"T23D-CompBench_ply/A_lotus_flower_with_gelatinous,_shimmering_green_leaves_and_pearl-like_seed_pods/lotus_flower_Meshy_AI-5_3.ply",T23D-CompBench_ply,810208,127ce85ecbfbc4543f1dda4a674d0f7dc731358cbe6afbc74b79b1640d4e9705
2525,"T23D-CompBench_ply/A_lotus_flower_with_gelatinous,_shimmering_green_leaves_and_pearl-like_seed_pods/lotus_flower_Rodin_Gen-1.5_4.ply",T23D-CompBench_ply,810208,50e16ac92d73e4c2f6241f60c5644b7d88543d7d7617bde1d7a8ea7eafeec818
2526,"T23D-CompBench_ply/A_lotus_flower_with_gelatinous,_shimmering_green_leaves_and_pearl-like_seed_pods/lotus_flower_Tripo_AI-2.5_4.333.ply",T23D-CompBench_ply,810208,11a519e7a56c4f94c16fdc49d56bbf671de2e73c0a69113a6c7b5c8324967ca6
2527,T23D-CompBench_ply/A_metal_screwdriver/screwdriver_3DTopia_3.333.ply,T23D-CompBench_ply,810208,8f16467d9fa60a1781c73ae2adea626ddba45a1146731988b43c8b17e3fcb1ef
2528,T23D-CompBench_ply/A_metal_screwdriver/screwdriver_DreamFusion_2.667.ply,T23D-CompBench_ply,810208,fad98e78967ce0c75003549c771ea86f8b7cdcb8548998e53e72e7965c0184a0
2529,T23D-CompBench_ply/A_metal_screwdriver/screwdriver_Hunyuan-2.0_4.333.ply,T23D-CompBench_ply,810208,07159a624ae8748bcbcf57d980c0aadb0bbc38406a609c8c9e7d97af1aedfed3
2530,T23D-CompBench_ply/A_metal_screwdriver/screwdriver_LGM_4.ply,T23D-CompBench_ply,810208,4f658159f6ae08bf09af4cd7a522239fd4359262ccbdb441f0a41a0e85fd0cb2
2531,T23D-CompBench_ply/A_metal_screwdriver/screwdriver_Magic3D_2.667.ply,T23D-CompBench_ply,810208,97f343b6aca8cd373778aea7b4547380fc9ad406806782cf2fb66c773f4d558b
2532,T23D-CompBench_ply/A_metal_screwdriver/screwdriver_Meshy_AI-5_4.ply,T23D-CompBench_ply,810208,1ee00bdb04a69e271751d458e9d228ae14b2c044af72e5a2f380694c78345edf
2533,T23D-CompBench_ply/A_metal_screwdriver/screwdriver_Rodin_Gen-1.5_4.667.ply,T23D-CompBench_ply,810208,5d76cc547fdb3d3eaa26535e846b7569e1d69d9d850b6f5bffcd9b2f4f8b874b
2534,T23D-CompBench_ply/A_metal_screwdriver/screwdriver_Tripo_AI-2.5_3.ply,T23D-CompBench_ply,810208,7d837cf7251fa07b550aa17317f8cbf4a03513683a13910dbe5de9164226da95
2535,"T23D-CompBench_ply/A_mushroom_with_a_purple_head,_two_eyes_and_a_round_nozzle/mushroom_3DTopia_3.ply",T23D-CompBench_ply,810208,5eb6fc2e42783a91435fd6960867d6eb4a468413c2cc198cd53e4a644cc58a8a
2536,"T23D-CompBench_ply/A_mushroom_with_a_purple_head,_two_eyes_and_a_round_nozzle/mushroom_DreamFusion_3.333.ply",T23D-CompBench_ply,810208,67f11a12b04ae5d2c44654643967bf864923a0012d7da4e4c9e03dec36da7c20
2537,"T23D-CompBench_ply/A_mushroom_with_a_purple_head,_two_eyes_and_a_round_nozzle/mushroom_Hunyuan-2.0_3.667.ply",T23D-CompBench_ply,810208,cf17eb340cf59cf6c7f6f6aff5374692a3666009296ed0c626e84ba5ab81679f
2538,"T23D-CompBench_ply/A_mushroom_with_a_purple_head,_two_eyes_and_a_round_nozzle/mushroom_LGM_3.667.ply",T23D-CompBench_ply,810208,688d208af88c2e6c256ebbbcda5107bdbb220d4000fbdab4b8440ed5eca654d9
2539,"T23D-CompBench_ply/A_mushroom_with_a_purple_head,_two_eyes_and_a_round_nozzle/mushroom_Magic3D_1.ply",T23D-CompBench_ply,810208,bd157caa74b697077c3d4c518aa889e630a8852dd77c5fa67a944c0ed786dcf9
2540,"T23D-CompBench_ply/A_mushroom_with_a_purple_head,_two_eyes_and_a_round_nozzle/mushroom_Meshy_AI-5_4.ply",T23D-CompBench_ply,810208,ed8d3b9f1250b6ba890d95b78728f4372631520c2c3cc09962762ab446ea33ef
2541,"T23D-CompBench_ply/A_mushroom_with_a_purple_head,_two_eyes_and_a_round_nozzle/mushroom_Rodin_Gen-1.5_4.333.ply",T23D-CompBench_ply,810208,7aa855eea0db77038d4b4ee6eee3095fa9467f9ee9a283f13d5a602424b379c7
2542,"T23D-CompBench_ply/A_mushroom_with_a_purple_head,_two_eyes_and_a_round_nozzle/mushroom_Tripo_AI-2.5_5.ply",T23D-CompBench_ply,810208,2c909ee91e0b6979ce290924147a97d6e74feacebd27ffa25fc1dbb03b54533f
2543,T23D-CompBench_ply/A_paintbrush_with_bristles_made_of_tiny_flower_petals/paintbrush[2]_3DTopia_2.ply,T23D-CompBench_ply,810208,de967fef306785993d9ae92529696b879290730f8abc65bb0b39f7c3660d6a83
2544,T23D-CompBench_ply/A_paintbrush_with_bristles_made_of_tiny_flower_petals/paintbrush[2]_DreamFusion_2.ply,T23D-CompBench_ply,810208,3beab567d589a50fe4364e263d4dd9871d3752c7bcf48aa99f3457835cfc030b
2545,T23D-CompBench_ply/A_paintbrush_with_bristles_made_of_tiny_flower_petals/paintbrush[2]_Hunyuan-2.0_4.ply,T23D-CompBench_ply,810208,e288154c2cdf684c71decd5e8afac311f9b49f301c9c3703e1bbb3ad0ddc77d0
2546,T23D-CompBench_ply/A_paintbrush_with_bristles_made_of_tiny_flower_petals/paintbrush[2]_LGM_1.667.ply,T23D-CompBench_ply,810208,c4946ab8ca28f152a6becfb8c28eac767660ac749a9a90900085fd65c5aef1de
2547,T23D-CompBench_ply/A_paintbrush_with_bristles_made_of_tiny_flower_petals/paintbrush[2]_Magic3D_2.ply,T23D-CompBench_ply,810208,e15359a68a8e1929cde6de0130959105f42ad90d54be299bbcebed8552d595df
2548,T23D-CompBench_ply/A_paintbrush_with_bristles_made_of_tiny_flower_petals/paintbrush[2]_Meshy_AI-5_4.ply,T23D-CompBench_ply,810208,75889e112eaf7ac763506bf8792c55936ece2ced9b25ddfcf4439ee1c2ba5b08
2549,T23D-CompBench_ply/A_paintbrush_with_bristles_made_of_tiny_flower_petals/paintbrush[2]_Rodin_Gen-1.5_2.ply,T23D-CompBench_ply,810208,2995d1b8ef8155488eb23822a1dd76f2282b163ae31938af082ae1af16503c23
2550,T23D-CompBench_ply/A_paintbrush_with_bristles_made_of_tiny_flower_petals/paintbrush[2]_Tripo_AI-2.5_2.333.ply,T23D-CompBench_ply,810208,2c13f2a70320bdf833b3473cf93c33907ec383032ef9a91148bbfd2c14cefde1
2551,T23D-CompBench_ply/A_panda_detective_holding_a_berry_that_pulses_with_red_light/panda_3DTopia_1.ply,T23D-CompBench_ply,810208,0d3c6e2620bfe9de1a071c1934d47dc38725f2ceca22d58a0330a43c221b3c90
2552,T23D-CompBench_ply/A_panda_detective_holding_a_berry_that_pulses_with_red_light/panda_DreamFusion_1.ply,T23D-CompBench_ply,810208,7c2fed10dfbdac34ac14b01aeee0e94411b734c899603b807bc86d5cbdd4c2bc
2553,T23D-CompBench_ply/A_panda_detective_holding_a_berry_that_pulses_with_red_light/panda_Hunyuan-2.0_5.ply,T23D-CompBench_ply,810208,07dbb74882e85541e438acf303788361eae4f848cfb135b98beb85fe7d8adba5
2554,T23D-CompBench_ply/A_panda_detective_holding_a_berry_that_pulses_with_red_light/panda_LGM_3.ply,T23D-CompBench_ply,810208,cbffe982782e8fbdcc4ad19854bc977ba2b5747bfcbcc04e5446340cdc85c27a
2555,T23D-CompBench_ply/A_panda_detective_holding_a_berry_that_pulses_with_red_light/panda_Magic3D_1.ply,T23D-CompBench_ply,810208,b7b710f137ed0cb0c38ad001261426c81e1d5305114d80eebd96aa8d27b9c0f4
2556,T23D-CompBench_ply/A_panda_detective_holding_a_berry_that_pulses_with_red_light/panda_Meshy_AI-5_5.ply,T23D-CompBench_ply,810208,b2207a8b966f2c2ceeeea9b703131d9f6f75eeea33cf276b244569bbfc2580b9
2557,T23D-CompBench_ply/A_panda_detective_holding_a_berry_that_pulses_with_red_light/panda_Rodin_Gen-1.5_4.ply,T23D-CompBench_ply,810208,8bb7d07ca6225b939e5ca38717fdd4eea7343668effc16634b05befa90e26c56
2558,T23D-CompBench_ply/A_panda_detective_holding_a_berry_that_pulses_with_red_light/panda_Tripo_AI-2.5_5.ply,T23D-CompBench_ply,810208,3db9cc81a5b1bd1f54e999df4dc490ee3feabc2991adb1affd81f047d6d0f712
2559,T23D-CompBench_ply/A_parrot_wearing_a_hat_with_a_glowing_feather/parrot_3DTopia_1.333.ply,T23D-CompBench_ply,810208,ced3b92a2d12b32594ccce3000aae9585fed18f99fca6b5e5c01fbcc95a87bd4
2560,T23D-CompBench_ply/A_parrot_wearing_a_hat_with_a_glowing_feather/parrot_DreamFusion_2.ply,T23D-CompBench_ply,810208,4266fff5e72cfd7980801919a6aece09669802ab3c327d4e3be96554a12f7b6f
2561,T23D-CompBench_ply/A_parrot_wearing_a_hat_with_a_glowing_feather/parrot_Hunyuan-2.0_4.667.ply,T23D-CompBench_ply,810208,804c254dacbb3baeecffc37cfdfc67c0a0b0b87676e4f61ab681e180def4fd20
2562,T23D-CompBench_ply/A_parrot_wearing_a_hat_with_a_glowing_feather/parrot_LGM_3.ply,T23D-CompBench_ply,810208,c95fabe243496b4b64584f047cb453e446167ad7e5391029bee1e6e79db33246
2563,T23D-CompBench_ply/A_parrot_wearing_a_hat_with_a_glowing_feather/parrot_Magic3D_2.333.ply,T23D-CompBench_ply,810208,122f98b508f983323a788c2cfef2b298956e19c314fa0ad687927a1231ee538b
2564,T23D-CompBench_ply/A_parrot_wearing_a_hat_with_a_glowing_feather/parrot_Meshy_AI-5_4.ply,T23D-CompBench_ply,810208,bb1878fccd4d689710a97d690a93c43b6a51b658f666696bcbfce8caa97fb866
2565,T23D-CompBench_ply/A_parrot_wearing_a_hat_with_a_glowing_feather/parrot_Rodin_Gen-1.5_5.ply,T23D-CompBench_ply,810208,d7cb65f1bc7bf5b0aee60423252e32e6357c3d9985b8e229a45df9d1bdb9d463
2566,T23D-CompBench_ply/A_parrot_wearing_a_hat_with_a_glowing_feather/parrot_Tripo_AI-2.5_5.ply,T23D-CompBench_ply,810208,c70aa4b3e2cbbc250956d8d99d55c388775f62107b6a8757896ee03349c740eb
2567,T23D-CompBench_ply/A_pig_playing_a_drum_set/drum_and_pig[1]_3DTopia_1.ply,T23D-CompBench_ply,810208,f34b75d325af9d222f6472a7ac098fca933831afd5800373226262c3c5fbe8a2
2568,T23D-CompBench_ply/A_pig_playing_a_drum_set/drum_and_pig[1]_DreamFusion_3.ply,T23D-CompBench_ply,810208,b4365e9b1116326bfd1e38b9c380d2b6205850e1805f12b3dbf536eb45954032
2569,T23D-CompBench_ply/A_pig_playing_a_drum_set/drum_and_pig[1]_Hunyuan-2.0_3.ply,T23D-CompBench_ply,810208,abc845ea0cd0f03ed5ff68009afaa37bdc4e27993c49f4fc4cc5644646d134c9
2570,T23D-CompBench_ply/A_pig_playing_a_drum_set/drum_and_pig[1]_LGM_3.ply,T23D-CompBench_ply,810208,2d251fc5108100c8ae3bb52ab453253a7f121229bc7a17365153ef61d609f0ae
2571,T23D-CompBench_ply/A_pig_playing_a_drum_set/drum_and_pig[1]_Magic3D_3.ply,T23D-CompBench_ply,810208,5690bf55d0f9e91c7ebcb2c9090f955967f8379884ec36587d943d18cc52fa95
2572,T23D-CompBench_ply/A_pig_playing_a_drum_set/drum_and_pig[1]_Meshy_AI-5_4.ply,T23D-CompBench_ply,810208,7e5eec7b36402fcfffc599c95270f9ccda2aebe70a6688ec499092e3105b0c33
2573,T23D-CompBench_ply/A_pig_playing_a_drum_set/drum_and_pig[1]_Rodin_Gen-1.5_4.667.ply,T23D-CompBench_ply,810208,d322c8f45be528b8d8fba04dc4f14a0c9183fa16e1560416c7fe12439c697dca
2574,T23D-CompBench_ply/A_pig_playing_a_drum_set/drum_and_pig[1]_Tripo_AI-2.5_5.ply,T23D-CompBench_ply,810208,837e6273b91c700dc26289e716ffa0cefc6f69632326afe28a662fa23dae35ad
2575,T23D-CompBench_ply/A_pink_boat/boat_3DTopia_2.667.ply,T23D-CompBench_ply,810208,098dd3708e663a6da490f346e8d07beb4827638515ab794049f072706f395205
2576,T23D-CompBench_ply/A_pink_boat/boat_DreamFusion_3.ply,T23D-CompBench_ply,810208,9dbed58c30b27bbe949f34e4357a943510f9e9e54bc149a02ecb5f4a257b8b4f
2577,T23D-CompBench_ply/A_pink_boat/boat_Hunyuan-2.0_4.667.ply,T23D-CompBench_ply,810208,76b98b28e615959c643c7eb06be802d26fb9ad0d9589274b112d0c1becbc23ed
2578,T23D-CompBench_ply/A_pink_boat/boat_LGM_2.ply,T23D-CompBench_ply,810208,872dd19fe18c761a9d330f361234e6627ead1f40327428a0808812e2736e3f28
2579,T23D-CompBench_ply/A_pink_boat/boat_Magic3D_1.667.ply,T23D-CompBench_ply,810208,93d3cf1c583b2296f950dabba271a7706201149dd454a415d22c7a37295baedd
2580,T23D-CompBench_ply/A_pink_boat/boat_Meshy_AI-5_4.ply,T23D-CompBench_ply,810208,872869985c8535961b31b0c684d677492d154e9b0ece082f3344d7b743715d13
2581,T23D-CompBench_ply/A_pink_boat/boat_Rodin_Gen-1.5_5.ply,T23D-CompBench_ply,810208,081b277350bf14630fa3399d1223d0d1f4eb28b912557e005fbfddbeca8c17ff
2582,T23D-CompBench_ply/A_pink_boat/boat_Tripo_AI-2.5_3.333.ply,T23D-CompBench_ply,810208,3e8dd974006c15eb2b9621b942da74865dbabb06f81136c672b615abb01b5bd3
2583,T23D-CompBench_ply/A_pink_shark/shark_3DTopia_2.333.ply,T23D-CompBench_ply,810208,52b5452ab8bce27affbeac99b8b9863bc48ca6b2f3caac0c32ed8f89bea7e6a9
2584,T23D-CompBench_ply/A_pink_shark/shark_DreamFusion_2.ply,T23D-CompBench_ply,810208,db8ed7ee71007ca85a0eb944fb65bcc0c3ded0475ec4e09e20ead3a2be0c2dc8
2585,T23D-CompBench_ply/A_pink_shark/shark_Hunyuan-2.0_4.ply,T23D-CompBench_ply,810208,080762229335e9a0df26ff176ba8e955d64038316cd1adbd821ef72066d12768
2586,T23D-CompBench_ply/A_pink_shark/shark_LGM_2.ply,T23D-CompBench_ply,810208,fda28664cd465e40e46e425e4cbd25488f8106178797ace76342a1ffc24cf61a
2587,T23D-CompBench_ply/A_pink_shark/shark_Magic3D_1.ply,T23D-CompBench_ply,810208,380f693895ca1e93232020be93ab352d8ec0983a6ddedc45fc3524b0264e8424
2588,T23D-CompBench_ply/A_pink_shark/shark_Meshy_AI-5_5.ply,T23D-CompBench_ply,810208,f0c122939cba6d1323327bbc4c5c1364efd9bd049e35ce050062d126193f9452
2589,T23D-CompBench_ply/A_pink_shark/shark_Rodin_Gen-1.5_5.ply,T23D-CompBench_ply,810208,0b0fdad7243020c1bd29e67fda62e1527ef7051db793e3610763e03dd120a722
2590,T23D-CompBench_ply/A_pink_shark/shark_Tripo_AI-2.5_5.ply,T23D-CompBench_ply,810208,87e2c81f3ccc94692797ae87824d4a1daafd793435cdf720a1338749de70cffe
2591,T23D-CompBench_ply/A_pizza_placed_beside_a_fresh_salad/pizza[scene][1]_3DTopia_2.ply,T23D-CompBench_ply,810208,b200921d5e532f0006ef42f48ccf3a95beabf87605fffe444858b19c6f47a8ba
2592,T23D-CompBench_ply/A_pizza_placed_beside_a_fresh_salad/pizza[scene][1]_DreamFusion_2.333.ply,T23D-CompBench_ply,810208,283ad15981915f5a93d5ebc4a991057cfe25f6eb01760100349d3bbff2184d36
2593,T23D-CompBench_ply/A_pizza_placed_beside_a_fresh_salad/pizza[scene][1]_Hunyuan-2.0_4.333.ply,T23D-CompBench_ply,810208,b3abfa306158dc104553049f3a8e5cd3bf9f9a7cc76c4c4b0d79aa82e4767db0
2594,T23D-CompBench_ply/A_pizza_placed_beside_a_fresh_salad/pizza[scene][1]_LGM_1.667.ply,T23D-CompBench_ply,810208,d858dd6e2c9a291f4cf5deb38c7efe13e0a7c2beb721adb6a73f2c00aed3448b
2595,T23D-CompBench_ply/A_pizza_placed_beside_a_fresh_salad/pizza[scene][1]_Magic3D_1.333.ply,T23D-CompBench_ply,810208,efb8a3d83661be8893604c531c4ac7c0540c2829525d0a8a96c80e11b935678f
2596,T23D-CompBench_ply/A_pizza_placed_beside_a_fresh_salad/pizza[scene][1]_Meshy_AI-5_4.333.ply,T23D-CompBench_ply,810208,68e38297cbe92824b369b5f1d3e7c5a7981e32def4f1c4feb635876e316d0c5d
2597,T23D-CompBench_ply/A_pizza_placed_beside_a_fresh_salad/pizza[scene][1]_Rodin_Gen-1.5_3.333.ply,T23D-CompBench_ply,810208,7febf3871b12120d2659e87316bc13c1e2fb968eb03c4eaa9921a2c0c0372def
2598,T23D-CompBench_ply/A_pizza_placed_beside_a_fresh_salad/pizza[scene][1]_Tripo_AI-2.5_4.ply,T23D-CompBench_ply,810208,a98abdba19400ddd5405016801a6162a7ed1da7cdfe1f2a1fb5110fe034b440e
2599,T23D-CompBench_ply/A_pyramidal_bottle_with_glowing_liquid/bottle_3DTopia_2.ply,T23D-CompBench_ply,810208,36e2507b0e11c9cae3f790630296a899182d127d531312b2a385b963f14ddacc
2600,T23D-CompBench_ply/A_pyramidal_bottle_with_glowing_liquid/bottle_DreamFusion_2.ply,T23D-CompBench_ply,810208,9a61cff80150d11f26e7471e058f250ccd5626f4b810d64d924270675491ad23
2601,T23D-CompBench_ply/A_pyramidal_bottle_with_glowing_liquid/bottle_Hunyuan-2.0_5.ply,T23D-CompBench_ply,810208,c2fd8e956ff36c2ae9525f8ea196c099a17816eaa671d80faff5acb5aa1c7e6e
2602,T23D-CompBench_ply/A_pyramidal_bottle_with_glowing_liquid/bottle_LGM_4.ply,T23D-CompBench_ply,810208,f4749da6431580c29052e17db46cf829d60ad322276f193a9606037b1a6d51ca
2603,T23D-CompBench_ply/A_pyramidal_bottle_with_glowing_liquid/bottle_Magic3D_3.ply,T23D-CompBench_ply,810208,15bac4ffd7322547dbfe40a300479b6deeb7057f7c7fcf6c6c2d9d67fc4e9ff8
2604,T23D-CompBench_ply/A_pyramidal_bottle_with_glowing_liquid/bottle_Meshy_AI-5_4.333.ply,T23D-CompBench_ply,810208,7248136af17bbed850c1a3180b1ed81fb4057885acc1192c8ebf64fe662f075d
2605,T23D-CompBench_ply/A_pyramidal_bottle_with_glowing_liquid/bottle_Rodin_Gen-1.5_4.667.ply,T23D-CompBench_ply,810208,bd466396bed721eb96352d343e3247cc230e9798f617488e4f3e8fe133dbb26f
2606,T23D-CompBench_ply/A_pyramidal_bottle_with_glowing_liquid/bottle_Tripo_AI-2.5_4.333.ply,T23D-CompBench_ply,810208,341a60b574f3578c8a2e6414e4948d1d8bd809a0d0aff9d1294fb59dd65933ae
2607,T23D-CompBench_ply/A_rabbit_wearing_a_dress/rabbit_3DTopia_2.333.ply,T23D-CompBench_ply,810208,4f8c6a8a794b9b8f619a73b24e6d356ae800d9d238e4238df041cf8c8c1362b6
2608,T23D-CompBench_ply/A_rabbit_wearing_a_dress/rabbit_DreamFusion_3.ply,T23D-CompBench_ply,810208,d904d485d4898c8b90cb2a34eaec7860428df67d173fa2042db9013295bd6f2b
2609,T23D-CompBench_ply/A_rabbit_wearing_a_dress/rabbit_Hunyuan-2.0_5.ply,T23D-CompBench_ply,810208,6219db79944b7650bc2ecf3bec05b91715a3453e4cd9c58f05a1027ece949bbf
2610,T23D-CompBench_ply/A_rabbit_wearing_a_dress/rabbit_LGM_4.ply,T23D-CompBench_ply,810208,6db3cd52a5f057333ca11e49407c25ef2eff9e792715bf111dbee7c54d374429
2611,T23D-CompBench_ply/A_rabbit_wearing_a_dress/rabbit_Magic3D_2.ply,T23D-CompBench_ply,810208,6cfdc3448aa422f380a9cb50b976a593b2b53e336b2526f3fe79d27ce55fb19a
2612,T23D-CompBench_ply/A_rabbit_wearing_a_dress/rabbit_Meshy_AI-5_4.667.ply,T23D-CompBench_ply,810208,ab13dec7716dad696caeb7680fc87c68561ddd59f85d5e3ab2e532680652146e
2613,T23D-CompBench_ply/A_rabbit_wearing_a_dress/rabbit_Rodin_Gen-1.5_5.ply,T23D-CompBench_ply,810208,2fdff8b2ed0d5c0b762442ba39901255f18d59fac437dae15222f9ff074d8460
2614,T23D-CompBench_ply/A_rabbit_wearing_a_dress/rabbit_Tripo_AI-2.5_4.667.ply,T23D-CompBench_ply,810208,21dcefdf99095e8dadf321c9ca0235a8f4294783a28311e8f1514f7575c9b59d
2615,T23D-CompBench_ply/A_raccoon_wearing_a_helmet_piloting_an_airplane/raccoon_3DTopia_1.ply,T23D-CompBench_ply,810208,b6aa2f66cc449e51da4bccfeb2fc6a03fb253d46914c3677d8cbf84a2553bf8b
2616,T23D-CompBench_ply/A_raccoon_wearing_a_helmet_piloting_an_airplane/raccoon_DreamFusion_2.ply,T23D-CompBench_ply,810208,962f0f9630ecf8e4416604b7574dd6ac9603b88c6f4944387f009faaa3c21642
2617,T23D-CompBench_ply/A_raccoon_wearing_a_helmet_piloting_an_airplane/raccoon_Hunyuan-2.0_4.667.ply,T23D-CompBench_ply,810208,e928fa55cf4cf20b8ca15bdabf379109252e57cf9364067be5fc71eba02bfc41
2618,T23D-CompBench_ply/A_raccoon_wearing_a_helmet_piloting_an_airplane/raccoon_LGM_2.ply,T23D-CompBench_ply,810208,e39784126c4a6f759ac032bc9d3113d3d6ceec07d5b7d1cc6191546a75a0f9cf
2619,T23D-CompBench_ply/A_raccoon_wearing_a_helmet_piloting_an_airplane/raccoon_Magic3D_3.333.ply,T23D-CompBench_ply,810208,b6a56e277e1455d9053624ddb438aa1395d664985142ca21c99c7ecb9184aec0
2620,T23D-CompBench_ply/A_raccoon_wearing_a_helmet_piloting_an_airplane/raccoon_Meshy_AI-5_4.5.ply,T23D-CompBench_ply,810208,4758c206ea63c5fe51b1d63528ba44974cb368fd0eba998de8bef57560d3f9d6
2621,T23D-CompBench_ply/A_raccoon_wearing_a_helmet_piloting_an_airplane/raccoon_Rodin_Gen-1.5_5.ply,T23D-CompBench_ply,810208,181d09f01b0d6ec4faab9dd8804dc7418e371c7522c0aebc462005c8b8767d91
2622,T23D-CompBench_ply/A_raccoon_wearing_a_helmet_piloting_an_airplane/raccoon_Tripo_AI-2.5_4.667.ply,T23D-CompBench_ply,810208,49fdef80c7aa96568b60b8b545d436549ff60c88eb8b52fc9913991f9ca97c93
2623,T23D-CompBench_ply/A_rectangular_car/car_3DTopia_1.ply,T23D-CompBench_ply,810208,3f3653c3292bd65bb46402821b677b89af850ffef841f5ad2eebce42b05274e8
2624,T23D-CompBench_ply/A_rectangular_car/car_DreamFusion_2.667.ply,T23D-CompBench_ply,810208,193e0beda4fd3d6e760eb715c57b6b15fdb9fbc6a01b5a060ac1cc6bce902db5
2625,T23D-CompBench_ply/A_rectangular_car/car_Hunyuan-2.0_4.667.ply,T23D-CompBench_ply,810208,2799bfd056b9defd4d748e4d80dcc508a9cb7a45f4f6a272712740e0ec593795
2626,T23D-CompBench_ply/A_rectangular_car/car_LGM_1.333.ply,T23D-CompBench_ply,810208,44e2b65cc4ab431108818e40d6eafcc6bf29832fe86f1058985f089cfc6d9f45
2627,T23D-CompBench_ply/A_rectangular_car/car_Magic3D_2.ply,T23D-CompBench_ply,810208,63b6c73c3e10e997dff8c3ab94cd82ded170bfefb948e85e98878420ac61e85f
2628,T23D-CompBench_ply/A_rectangular_car/car_Meshy_AI-5_5.ply,T23D-CompBench_ply,810208,560c8ae5b63e03dc508a6a1cc27dcae086acc7580b0bfdc8334a8f0228ed82a3
2629,T23D-CompBench_ply/A_rectangular_car/car_Rodin_Gen-1.5_5.ply,T23D-CompBench_ply,810208,f87a280e7d940ce06ee62fd2ab75d24000f018b60cc80ab546ad87bfcc71b2a1
2630,T23D-CompBench_ply/A_rectangular_car/car_Tripo_AI-2.5_4.333.ply,T23D-CompBench_ply,810208,3ae1f958724c69bb736f875056793aad4513c5c2e28ba2bf6ef00e06b823e9d1
2631,T23D-CompBench_ply/A_red_drum_with_a_wooden_and_cylindrical_body/drum_3DTopia_3.ply,T23D-CompBench_ply,810208,0aeefba06eb698fbbfb5facfdb8cc163c1eb354fa3525f66f19a187e5224653d
2632,T23D-CompBench_ply/A_red_drum_with_a_wooden_and_cylindrical_body/drum_DreamFusion_1.ply,T23D-CompBench_ply,810208,0c8e377f217e95c337ee836bd85fcaa232d7f7b210453a911397db05f5b74afc
2633,T23D-CompBench_ply/A_red_drum_with_a_wooden_and_cylindrical_body/drum_Hunyuan-2.0_4.667.ply,T23D-CompBench_ply,810208,9e7cb482ca249f06e9098a5163c95dda92483d19cc17dd142898882f8cb7271d
2634,T23D-CompBench_ply/A_red_drum_with_a_wooden_and_cylindrical_body/drum_LGM_2.333.ply,T23D-CompBench_ply,810208,9dda406d63b019968aed92bbe45265fad4b79cf2ae5b25388b3565ee96bb224a
2635,T23D-CompBench_ply/A_red_drum_with_a_wooden_and_cylindrical_body/drum_Magic3D_1.ply,T23D-CompBench_ply,810208,12a5fca3dc1a4e22ab05f44ddf35e1fb8123f165917590571370256cb558004f
2636,T23D-CompBench_ply/A_red_drum_with_a_wooden_and_cylindrical_body/drum_Meshy_AI-5_5.ply,T23D-CompBench_ply,810208,c2cb3e6818a50d37d50078eb83b383435a835c3b48c79fe65f37c95b49103978
2637,T23D-CompBench_ply/A_red_drum_with_a_wooden_and_cylindrical_body/drum_Rodin_Gen-1.5_4.667.ply,T23D-CompBench_ply,810208,534934d9ce469796e0563c28540232f833eb54f9c7c522edc3e81e47b42cfc71
2638,T23D-CompBench_ply/A_red_drum_with_a_wooden_and_cylindrical_body/drum_Tripo_AI-2.5_5.ply,T23D-CompBench_ply,810208,75acb9d92353aaab3356eed081c81b170485897f62859a735d1cb4a0911a515b
2639,T23D-CompBench_ply/A_rocking_chair_made_of_amber_with_cloud-like_foam_cushions/rocking_chair_3DTopia_3.333.ply,T23D-CompBench_ply,810208,4a6d73ddf0a65f5cb96333d846349fea1b35af9d8f12b506c1ae80052188c6a9
2640,T23D-CompBench_ply/A_rocking_chair_made_of_amber_with_cloud-like_foam_cushions/rocking_chair_DreamFusion_2.333.ply,T23D-CompBench_ply,810208,99a29c2861b54842335f8983c2767cb9e198fabc8d2e4a9b60c2fcc62ee06178
2641,T23D-CompBench_ply/A_rocking_chair_made_of_amber_with_cloud-like_foam_cushions/rocking_chair_Hunyuan-2.0_4.ply,T23D-CompBench_ply,810208,31cfec61924d471d696c3d04c3f60dde7859e41a4685a691a065aec12eed27c3
2642,T23D-CompBench_ply/A_rocking_chair_made_of_amber_with_cloud-like_foam_cushions/rocking_chair_LGM_1.ply,T23D-CompBench_ply,810208,c0162a766d613284a16ebcbcfadcf69caa9928bbb5e0f3a038e3e029edc67dea
2643,T23D-CompBench_ply/A_rocking_chair_made_of_amber_with_cloud-like_foam_cushions/rocking_chair_Magic3D_3.ply,T23D-CompBench_ply,810208,390d8d2359c1023e4b7a3a2a4fe848c80961e2a3940127dbe175b11a052946b4
2644,T23D-CompBench_ply/A_rocking_chair_made_of_amber_with_cloud-like_foam_cushions/rocking_chair_Meshy_AI-5_4.ply,T23D-CompBench_ply,810208,622a91bab06ab24aedc46f8f8d0d866b469d25b158476aeeb542debcd9e63983
2645,T23D-CompBench_ply/A_rocking_chair_made_of_amber_with_cloud-like_foam_cushions/rocking_chair_Rodin_Gen-1.5_5.ply,T23D-CompBench_ply,810208,88c75abdd5398fb9284e5286dfc2a5c17ec2a0bc1a867ee470975785e193d43d
2646,T23D-CompBench_ply/A_rocking_chair_made_of_amber_with_cloud-like_foam_cushions/rocking_chair_Tripo_AI-2.5_4.333.ply,T23D-CompBench_ply,810208,8c903b638ee94e1e5d1e5210f098a7bf67b6a1f4580dfcb23d2c695f05b78eda
2647,T23D-CompBench_ply/A_round_pizza/pizza_3DTopia_1.ply,T23D-CompBench_ply,810208,a9348d8d02cd8b1c3de6e590a884c01539dee2334a137fddeff7d0f4ca0570d5
2648,T23D-CompBench_ply/A_round_pizza/pizza_DreamFusion_2.333.ply,T23D-CompBench_ply,810208,f29e904093267e39cee8432b1bcef3f52118526d7e870021f6327b96afb8b7d4
2649,T23D-CompBench_ply/A_round_pizza/pizza_Hunyuan-2.0_5.ply,T23D-CompBench_ply,810208,45dc8e31e74c03c024d178f4227cec2ac5f3e0b73367ac372e0807d07885a0ae
2650,T23D-CompBench_ply/A_round_pizza/pizza_LGM_2.333.ply,T23D-CompBench_ply,810208,6326a6874fff1f9497de63f4040a577e859837eaf0b6cf7abc9ac6dc723b91be
2651,T23D-CompBench_ply/A_round_pizza/pizza_Magic3D_2.ply,T23D-CompBench_ply,810208,501f9832cbb6b384824e49e43f5b33dddebcf35a0fac74c677b51edbc454961e
2652,T23D-CompBench_ply/A_round_pizza/pizza_Meshy_AI-5_4.667.ply,T23D-CompBench_ply,810208,f39b8165894af74e820ab32babdd9b635d46c8e1294d0bda38f66ecc414e55c9
2653,T23D-CompBench_ply/A_round_pizza/pizza_Rodin_Gen-1.5_5.ply,T23D-CompBench_ply,810208,3254ba4abeccc36f80c996f531cb24ee310bea2e823f43fa80869b874b4493d9
2654,T23D-CompBench_ply/A_round_pizza/pizza_Tripo_AI-2.5_5.ply,T23D-CompBench_ply,810208,501fb3b8ce6b8bbef882b160b4ad014917fa620fa07a471991d8b00475186103
2655,T23D-CompBench_ply/A_shark_with_a_crown_is_holding_a_trident/shark_3DTopia_1.ply,T23D-CompBench_ply,810208,046c5c9d742ebae5e91c3a25bc33abdd11200f62ec3f793fe378d4c5072c1e4d
2656,T23D-CompBench_ply/A_shark_with_a_crown_is_holding_a_trident/shark_DreamFusion_3.ply,T23D-CompBench_ply,810208,f55925c1b29df7cfa4146be203d88337e3eb3d4e5412e06e2d98f42c0c517923
2657,T23D-CompBench_ply/A_shark_with_a_crown_is_holding_a_trident/shark_Hunyuan-2.0_5.ply,T23D-CompBench_ply,810208,c0954b66cae31415d10317e49cf8afc0ffeb0a55cf63168deba60189544dd449
2658,T23D-CompBench_ply/A_shark_with_a_crown_is_holding_a_trident/shark_LGM_2.ply,T23D-CompBench_ply,810208,2ae9abbd787851916178becf7d9a24177f1a3921f3ec6e9375ba0d4d6b5df84b
2659,T23D-CompBench_ply/A_shark_with_a_crown_is_holding_a_trident/shark_Magic3D_1.ply,T23D-CompBench_ply,810208,b6dd5f0116581e0783af2a1c24d6ba5045666b559adac870667758286cac140a
2660,T23D-CompBench_ply/A_shark_with_a_crown_is_holding_a_trident/shark_Meshy_AI-5_4.ply,T23D-CompBench_ply,810208,3c9c8b5a9924a3bc164fbba608739b434d53443fb5b36c618734e560a2261433
2661,T23D-CompBench_ply/A_shark_with_a_crown_is_holding_a_trident/shark_Rodin_Gen-1.5_4.667.ply,T23D-CompBench_ply,810208,f838a7787761879bfb221bd9ee4b34f10b31260b95be41ba19d725399d992760
2662,T23D-CompBench_ply/A_shark_with_a_crown_is_holding_a_trident/shark_Tripo_AI-2.5_5.ply,T23D-CompBench_ply,810208,97ebee5ac1c400eea1f3fabe6feb162f060b5f9ba4ff0953bc3d728dd1756685
2663,T23D-CompBench_ply/A_short_and_dense_fern_with_leaves_shaped_like_feathers/fern_3DTopia_2.ply,T23D-CompBench_ply,810208,f2fd883a86c8389617ab901cd3dbedc40885e383f30e6acaf4b512777411435a
2664,T23D-CompBench_ply/A_short_and_dense_fern_with_leaves_shaped_like_feathers/fern_DreamFusion_1.ply,T23D-CompBench_ply,810208,8143c292da9b8d2bec185c018d8dbe33991643b044eb9ebaaa041bd46606a8a2
2665,T23D-CompBench_ply/A_short_and_dense_fern_with_leaves_shaped_like_feathers/fern_Hunyuan-2.0_4.333.ply,T23D-CompBench_ply,810208,18654cd05dbd01293ca8004a8a483e7d4b5cb5adfac236daf8926d1274ba1651
2666,T23D-CompBench_ply/A_short_and_dense_fern_with_leaves_shaped_like_feathers/fern_LGM_3.667.ply,T23D-CompBench_ply,810208,4cf29063da22ad518ba2d264368d4898d5834c08dfd6bac047193c1938b7c6bf
2667,T23D-CompBench_ply/A_short_and_dense_fern_with_leaves_shaped_like_feathers/fern_Magic3D_2.333.ply,T23D-CompBench_ply,810208,10c6ecd9da623c645c1c3edd9583646492059409c46ac827285d8c3d416a4702
2668,T23D-CompBench_ply/A_short_and_dense_fern_with_leaves_shaped_like_feathers/fern_Meshy_AI-5_3.ply,T23D-CompBench_ply,810208,4426acc5757103765263d13f46a7e4025a6c8863fef24f9d4656758144b8999e
2669,T23D-CompBench_ply/A_short_and_dense_fern_with_leaves_shaped_like_feathers/fern_Rodin_Gen-1.5_5.ply,T23D-CompBench_ply,810208,4dc12a82229b58d90a9ee511cc2dae9d4d17489b93485b64b3fbd99662a3264f
2670,T23D-CompBench_ply/A_short_and_dense_fern_with_leaves_shaped_like_feathers/fern_Tripo_AI-2.5_5.ply,T23D-CompBench_ply,810208,d811b04d8d6a45fc4b73f6746b986de1afdc45bdfa60a71f723ed69ca6e07f51
2671,"T23D-CompBench_ply/A_silver_scissors_with_rubber_handles,_and_a_screw_joint/scissors_3DTopia_2.ply",T23D-CompBench_ply,810208,6dfbf8d75ca10b727949d7a0685388e4c49d5f1fa3b4819155e560e7c1556baf
2672,"T23D-CompBench_ply/A_silver_scissors_with_rubber_handles,_and_a_screw_joint/scissors_DreamFusion_3.ply",T23D-CompBench_ply,810208,728d53d4b0905a831c9ca1e7c4d1b35fc684603a0898883fe24f4a19229a7a10
2673,"T23D-CompBench_ply/A_silver_scissors_with_rubber_handles,_and_a_screw_joint/scissors_Hunyuan-2.0_4.ply",T23D-CompBench_ply,810208,d9c8be2abdb0a57d8f86c9347651482e1e34d9674b44fcf4322e1894dabc8f93
2674,"T23D-CompBench_ply/A_silver_scissors_with_rubber_handles,_and_a_screw_joint/scissors_LGM_2.ply",T23D-CompBench_ply,810208,f543b63102901c5dfec1d93d6bc25d9256595c8050a41d69a3d9887d4f09b5e4
2675,"T23D-CompBench_ply/A_silver_scissors_with_rubber_handles,_and_a_screw_joint/scissors_Magic3D_2.ply",T23D-CompBench_ply,810208,a7781dcbfe29df65e8752740f1d8eb65f59583407381585ca233d5e2ba6fcf0d
2676,"T23D-CompBench_ply/A_silver_scissors_with_rubber_handles,_and_a_screw_joint/scissors_Meshy_AI-5_3.333.ply",T23D-CompBench_ply,810208,fe61c2c18fee06be93aa4955be9fdadf3f5004f7d415f692fbfa2d618b1bd2e4
2677,"T23D-CompBench_ply/A_silver_scissors_with_rubber_handles,_and_a_screw_joint/scissors_Rodin_Gen-1.5_3.667.ply",T23D-CompBench_ply,810208,bbc8e03b2065eb1d323b1c9c10280b5a15336f73cab33c40493891a36b5714cf
2678,"T23D-CompBench_ply/A_silver_scissors_with_rubber_handles,_and_a_screw_joint/scissors_Tripo_AI-2.5_5.ply",T23D-CompBench_ply,810208,188c255f7aa5b6c76489d892faec83ae647fb76b7a13bdb7f5f455efa229f897
2679,T23D-CompBench_ply/A_small_wooden_ship_inside_a_porcelain_cup/wooden_ship_3DTopia_2.ply,T23D-CompBench_ply,810208,a3b7fe4e589d3561bbbe0889dba4113789bf14fde867757f91da5ed265201025
2680,T23D-CompBench_ply/A_small_wooden_ship_inside_a_porcelain_cup/wooden_ship_DreamFusion_2.333.ply,T23D-CompBench_ply,810208,5fb938aec70cb66f09b58aa8793eae63aa2662203e1b41ca50c0b7025abcdcb4
2681,T23D-CompBench_ply/A_small_wooden_ship_inside_a_porcelain_cup/wooden_ship_Hunyuan-2.0_4.ply,T23D-CompBench_ply,810208,1c386c91bfd67f24828618e38ecd809cab646673a9f6db6594ba4d59f89a3bc7
2682,T23D-CompBench_ply/A_small_wooden_ship_inside_a_porcelain_cup/wooden_ship_LGM_3.667.ply,T23D-CompBench_ply,810208,e6f25f74008daa3b11dfea3d24053adbdd5a01f688606677e547c03f9c94984e
2683,T23D-CompBench_ply/A_small_wooden_ship_inside_a_porcelain_cup/wooden_ship_Magic3D_3.333.ply,T23D-CompBench_ply,810208,f85b2c8d08c2b2daece784f00b0755671703daecc6452f0e6228c925332dac40
2684,T23D-CompBench_ply/A_small_wooden_ship_inside_a_porcelain_cup/wooden_ship_Meshy_AI-5_4.667.ply,T23D-CompBench_ply,810208,114c0f169762e2e5e743a217d3c421a11d52cc214f8e6968b6ecb615eb258fbf
2685,T23D-CompBench_ply/A_small_wooden_ship_inside_a_porcelain_cup/wooden_ship_Rodin_Gen-1.5_4.667.ply,T23D-CompBench_ply,810208,a891b4667028d0dc1d04a6b6fa8038502d07cb3b0d06284049f128b1adb14ac9
2686,T23D-CompBench_ply/A_small_wooden_ship_inside_a_porcelain_cup/wooden_ship_Tripo_AI-2.5_4.333.ply,T23D-CompBench_ply,810208,507e0097316eea3ff02c6f1c50783e0294d17d812d587416082aa0a787babcda
2687,T23D-CompBench_ply/A_sneaker_with_blue_stripes_on_the_surface/sneaker_3DTopia_1.ply,T23D-CompBench_ply,810208,0a997054250cc7cd386629581d5a9ea002556d98beb3938bf45843e889442b76
2688,T23D-CompBench_ply/A_sneaker_with_blue_stripes_on_the_surface/sneaker_DreamFusion_2.667.ply,T23D-CompBench_ply,810208,334d2f8a0768782ad63c093a37fb83ec4ccdf5cc6ffb88caad1b949a0be7ca7c
2689,T23D-CompBench_ply/A_sneaker_with_blue_stripes_on_the_surface/sneaker_Hunyuan-2.0_5.ply,T23D-CompBench_ply,810208,5afed0dc83c0ee8549a90dac085173479ff159db3ac6ec171a6fdd4c87e95a0e
2690,T23D-CompBench_ply/A_sneaker_with_blue_stripes_on_the_surface/sneaker_LGM_2.ply,T23D-CompBench_ply,810208,1de636e505c91f7357d4986d8983160fdcdb75e7322ce356214aa819c836a04c
2691,T23D-CompBench_ply/A_sneaker_with_blue_stripes_on_the_surface/sneaker_Magic3D_3.ply,T23D-CompBench_ply,810208,581c34a5608de361ed68fad21152b192ff096f44d9f594b8cdec652a92fa9c71
2692,T23D-CompBench_ply/A_sneaker_with_blue_stripes_on_the_surface/sneaker_Meshy_AI-5_4.ply,T23D-CompBench_ply,810208,e1c5269389000f8c6929a11ddf054f929a30ae6dd6e5eb61a6d36bce020199cb
2693,T23D-CompBench_ply/A_sneaker_with_blue_stripes_on_the_surface/sneaker_Rodin_Gen-1.5_5.ply,T23D-CompBench_ply,810208,4ea0bcc9260088ebf56bc839675fd9de1013a36f0462313098bbf203ccc3b9d7
2694,T23D-CompBench_ply/A_sneaker_with_blue_stripes_on_the_surface/sneaker_Tripo_AI-2.5_5.ply,T23D-CompBench_ply,810208,f68bf9187f7403150a08116e81dbbe543f53a4a524c8ccdf1deed7028848bdf2
2695,T23D-CompBench_ply/A_spoon_in_a_bowl/bowl_and_spoon[1]_3DTopia_2.ply,T23D-CompBench_ply,810208,b75b8a97ae5f25cf8269c02a9f7c2c9a0505bfbdf2a76771ca271ba88e4d0275
2696,T23D-CompBench_ply/A_spoon_in_a_bowl/bowl_and_spoon[1]_DreamFusion_2.333.ply,T23D-CompBench_ply,810208,c6b5d81b8c248279ecb3b09e87fb97e6e59ed5dc45049f624adeb0190a140624
2697,T23D-CompBench_ply/A_spoon_in_a_bowl/bowl_and_spoon[1]_Hunyuan-2.0_4.667.ply,T23D-CompBench_ply,810208,eeb2e28c4366aa147ae26cd0f131753f93abb2c50aba1b9873a911489f214a98
2698,T23D-CompBench_ply/A_spoon_in_a_bowl/bowl_and_spoon[1]_LGM_1.ply,T23D-CompBench_ply,810208,3eae1e60711a75de51b50b24c81926034618e9e37eb3a1762cba7e3c712d0154
2699,T23D-CompBench_ply/A_spoon_in_a_bowl/bowl_and_spoon[1]_Magic3D_1.ply,T23D-CompBench_ply,810208,d17e6aa2f46da668ae6b83dbe12e85cd8d9baf9a4c6b9c60c1d482182c1bc432
2700,T23D-CompBench_ply/A_spoon_in_a_bowl/bowl_and_spoon[1]_Meshy_AI-5_4.333.ply,T23D-CompBench_ply,810208,a42d4ed8f6ed8cd87123fa2d46479fd2814b44454645da6894096330454ffdd0
2701,T23D-CompBench_ply/A_spoon_in_a_bowl/bowl_and_spoon[1]_Rodin_Gen-1.5_4.667.ply,T23D-CompBench_ply,810208,c971306fac801fc7e7e8626499fc07f908e26b982e06e56c5b5d62870c1b972d
2702,T23D-CompBench_ply/A_spoon_in_a_bowl/bowl_and_spoon[1]_Tripo_AI-2.5_5.ply,T23D-CompBench_ply,810208,1f19f9e800574f3c4030784d513c7902d69396cecff9d318cd4e77b6708d3c7c
2703,T23D-CompBench_ply/A_squirrel_eating_a_donut/squirrel_3DTopia_1.667.ply,T23D-CompBench_ply,810208,b8827f3568b2c82b0ade99bbca9d59fea1dfdad9b921c169306e31b38fafa3b3
2704,T23D-CompBench_ply/A_squirrel_eating_a_donut/squirrel_DreamFusion_1.ply,T23D-CompBench_ply,810208,1a17eeaab440fb476c7ae229c51d97d0619f3622255ecda7ca480058b4160a01
2705,T23D-CompBench_ply/A_squirrel_eating_a_donut/squirrel_Hunyuan-2.0_4.ply,T23D-CompBench_ply,810208,51d07f0c60e57372c5b14ea46a3a9cfa9c47a8203e1895f56f5dd9ece39447a2
2706,T23D-CompBench_ply/A_squirrel_eating_a_donut/squirrel_LGM_2.667.ply,T23D-CompBench_ply,810208,fe7a5ce9ca4b1335e2c9562a532d4531b5e6adeeb773af80b2647e16a7cf36e9
2707,T23D-CompBench_ply/A_squirrel_eating_a_donut/squirrel_Magic3D_3.ply,T23D-CompBench_ply,810208,122760a1038cf809666f9e8788db877235e1b54d4febe97fa3769f3d1c33ac18
2708,T23D-CompBench_ply/A_squirrel_eating_a_donut/squirrel_Meshy_AI-5_4.333.ply,T23D-CompBench_ply,810208,9db912bfb63b5bebff98a13ba3db6cde42e5fa3543683d45717b2c2a4134d6f0
2709,T23D-CompBench_ply/A_squirrel_eating_a_donut/squirrel_Rodin_Gen-1.5_5.ply,T23D-CompBench_ply,810208,3e457e30439ec910a53a2bd21606c823e6aad431352bf6760b3d67d50060cdd3
2710,T23D-CompBench_ply/A_squirrel_eating_a_donut/squirrel_Tripo_AI-2.5_5.ply,T23D-CompBench_ply,810208,9525443b4c3e8f9040b456007b9ba526e68c8bc95cd00c7fb92c20ccf4dec8d8
2711,T23D-CompBench_ply/A_steaming_basket_full_of_dumplings/dumplings_3DTopia_1.ply,T23D-CompBench_ply,810208,f4a08a58a23214d5734aa2bb0fbf5359f6be96b58cca03aaaa2c2bdc0c7a6e28
2712,T23D-CompBench_ply/A_steaming_basket_full_of_dumplings/dumplings_DreamFusion_2.667.ply,T23D-CompBench_ply,810208,47f5b39bc0d1901a04ce3b75ed981acc7929b9fe7b670b2392afbc949a5066ce
2713,T23D-CompBench_ply/A_steaming_basket_full_of_dumplings/dumplings_Hunyuan-2.0_4.ply,T23D-CompBench_ply,810208,ea6f120e9341f244671164df84bbcdefa783dc6bf0276f8cdbf4c03703c90ce4
2714,T23D-CompBench_ply/A_steaming_basket_full_of_dumplings/dumplings_LGM_2.ply,T23D-CompBench_ply,810208,a29789670631255cbedc0dc0d6d278ac63dff390cf371364259444743ef45f2a
2715,T23D-CompBench_ply/A_steaming_basket_full_of_dumplings/dumplings_Magic3D_3.ply,T23D-CompBench_ply,810208,285f82170d2634fc4b17953e588034efd7b7cfbd4a6579dd128ddecd3309db07
2716,T23D-CompBench_ply/A_steaming_basket_full_of_dumplings/dumplings_Meshy_AI-5_5.ply,T23D-CompBench_ply,810208,944585ecbdad00f752fcaef9db4be51cb24b7b17a0de86e38265826ec93549f7
2717,T23D-CompBench_ply/A_steaming_basket_full_of_dumplings/dumplings_Rodin_Gen-1.5_4.333.ply,T23D-CompBench_ply,810208,24c6a1eccceea2e28fe7d7bf6a3cad2f9ec4a63d9256cad1474de7d654978617
2718,T23D-CompBench_ply/A_steaming_basket_full_of_dumplings/dumplings_Tripo_AI-2.5_4.667.ply,T23D-CompBench_ply,810208,4c807b0cbd2846d95b73e1934dc0ee6c3bb318273856a5afe9e090183e86fe85
2719,T23D-CompBench_ply/A_stool_with_legs_like_an_elephant's_leg_and_a_seat_like_a_mushroom_top/stool_3DTopia_2.333.ply,T23D-CompBench_ply,810208,7084a87743948c8b0fb81911671ad526b605ce1bfaf81f934e1ca9cc5b18dce1
2720,T23D-CompBench_ply/A_stool_with_legs_like_an_elephant's_leg_and_a_seat_like_a_mushroom_top/stool_DreamFusion_2.ply,T23D-CompBench_ply,810208,b3bf0a7921c3eac9e41be9059c47bea360dab7c3b291703c2ac63ee893bf62f8
2721,T23D-CompBench_ply/A_stool_with_legs_like_an_elephant's_leg_and_a_seat_like_a_mushroom_top/stool_Hunyuan-2.0_4.ply,T23D-CompBench_ply,810208,a06affcd460520ba77083fdc05a0abf5df481f87788bcfc24fe9de2ef8165b23
2722,T23D-CompBench_ply/A_stool_with_legs_like_an_elephant's_leg_and_a_seat_like_a_mushroom_top/stool_LGM_2.ply,T23D-CompBench_ply,810208,8148ab111cb7aedf72328d179379be9204d3d223c157758a7c3b6fa8678918c5
2723,T23D-CompBench_ply/A_stool_with_legs_like_an_elephant's_leg_and_a_seat_like_a_mushroom_top/stool_Magic3D_2.ply,T23D-CompBench_ply,810208,6bb98072796d52caa83790cd8ef13c366f4c51c242c2ba75ab34fec94bddcb66
2724,T23D-CompBench_ply/A_stool_with_legs_like_an_elephant's_leg_and_a_seat_like_a_mushroom_top/stool_Meshy_AI-5_4.333.ply,T23D-CompBench_ply,810208,80ae5faab00fe5ab8981c46a12e67756a8e9e7c98e329becab42eb0d991beb77
2725,T23D-CompBench_ply/A_stool_with_legs_like_an_elephant's_leg_and_a_seat_like_a_mushroom_top/stool_Rodin_Gen-1.5_4.ply,T23D-CompBench_ply,810208,0b9d896d7276b53af24fcee0997f33de06c233b26b21ca882891df8aea53c757
2726,T23D-CompBench_ply/A_stool_with_legs_like_an_elephant's_leg_and_a_seat_like_a_mushroom_top/stool_Tripo_AI-2.5_3.667.ply,T23D-CompBench_ply,810208,b4b7c1b2119868d35f52038bcf23e8e7fb22d1626b163333ecf2bea040e69051
2727,T23D-CompBench_ply/A_sunflower_with_metallic_petals_and_a_brown_clock_face_in_the_middle/sunflower_3DTopia_3.333.ply,T23D-CompBench_ply,810208,398a73cab685ccd800c7855ae618d978ec17e41e9e45d30cfccce3449fa6a0ad
2728,T23D-CompBench_ply/A_sunflower_with_metallic_petals_and_a_brown_clock_face_in_the_middle/sunflower_DreamFusion_1.ply,T23D-CompBench_ply,810208,fb7b5fea48bc4e4d2f31475ba2a0ba29e7adb7915b95a982377cf3a8470f0390
2729,T23D-CompBench_ply/A_sunflower_with_metallic_petals_and_a_brown_clock_face_in_the_middle/sunflower_Hunyuan-2.0_2.ply,T23D-CompBench_ply,810208,fc2e959c2068b01899c6f30322d439e8ae031e4bf8b09509ac2af75e0014f4ac
2730,T23D-CompBench_ply/A_sunflower_with_metallic_petals_and_a_brown_clock_face_in_the_middle/sunflower_LGM_4.ply,T23D-CompBench_ply,810208,50cefc0588cbf570fcadb7fac956ea199b48dabbec7f439fddc7f113874288a1
2731,T23D-CompBench_ply/A_sunflower_with_metallic_petals_and_a_brown_clock_face_in_the_middle/sunflower_Magic3D_1.ply,T23D-CompBench_ply,810208,672ea6593341707b29a4b72b71594ea35a5982cdfb03158f8f9a8c486f2bb659
2732,T23D-CompBench_ply/A_sunflower_with_metallic_petals_and_a_brown_clock_face_in_the_middle/sunflower_Meshy_AI-5_4.333.ply,T23D-CompBench_ply,810208,b3cf251a8c3fa82b6d567cde55e29fe9769095cbd1791549743fe8e51ce43787
2733,T23D-CompBench_ply/A_sunflower_with_metallic_petals_and_a_brown_clock_face_in_the_middle/sunflower_Rodin_Gen-1.5_5.ply,T23D-CompBench_ply,810208,6630eabeacfed56dfd9b6f6f410016c4ad0eda609effe3c37afaee1edaf09d6f
2734,T23D-CompBench_ply/A_sunflower_with_metallic_petals_and_a_brown_clock_face_in_the_middle/sunflower_Tripo_AI-2.5_4.667.ply,T23D-CompBench_ply,810208,1d7332748e27041829738fc12c1c48898d965cc6377677aad4642244453b5130
2735,T23D-CompBench_ply/A_symmetrical_dragonfly_with_wings_made_of_light-colored_glass/dragonfly_3DTopia_2.ply,T23D-CompBench_ply,810208,1128a0207ba70845cd402c5c5bf299981f99d1f0455a7dc22d4e67c2993fee29
2736,T23D-CompBench_ply/A_symmetrical_dragonfly_with_wings_made_of_light-colored_glass/dragonfly_DreamFusion_1.ply,T23D-CompBench_ply,810208,9896f754934ae22b9cc55ae0fd65a3dd13c620dc8646e9fe9ac4555065126564
2737,T23D-CompBench_ply/A_symmetrical_dragonfly_with_wings_made_of_light-colored_glass/dragonfly_Hunyuan-2.0_5.ply,T23D-CompBench_ply,810208,188c99e058d3fa2719a3245c90a84f82217ad24c0c981fcefc37d8213f744945
2738,T23D-CompBench_ply/A_symmetrical_dragonfly_with_wings_made_of_light-colored_glass/dragonfly_LGM_4.ply,T23D-CompBench_ply,810208,2bd601628443e01e6cf4ed5b94d30f117d720e5caec600a48bf2b76ddf641178
2739,T23D-CompBench_ply/A_symmetrical_dragonfly_with_wings_made_of_light-colored_glass/dragonfly_Magic3D_3.ply,T23D-CompBench_ply,810208,fdc7f2fcbf594d7b2189933f9347edee8d3d5e7fb94c3350f484763d798ed38d
2740,T23D-CompBench_ply/A_symmetrical_dragonfly_with_wings_made_of_light-colored_glass/dragonfly_Meshy_AI-5_4.ply,T23D-CompBench_ply,810208,ae92d0cfd0e98a23aa1cc2be3daf0bb82154ac5a77a13e17121ceba4c5c68239
2741,T23D-CompBench_ply/A_symmetrical_dragonfly_with_wings_made_of_light-colored_glass/dragonfly_Rodin_Gen-1.5_5.ply,T23D-CompBench_ply,810208,ad3fdf739aebe2fc10ecbaf39fac40dcf625b18baee0ddf2633e385b4cdd938f
2742,T23D-CompBench_ply/A_symmetrical_dragonfly_with_wings_made_of_light-colored_glass/dragonfly_Tripo_AI-2.5_5.ply,T23D-CompBench_ply,810208,d110d1aef9db331301ccd27b9730e8e14f6a2161e89ac6c7a28b107303d592e6
2743,T23D-CompBench_ply/A_tiger_dressed_as_a_doctor/tiger_3DTopia_2.ply,T23D-CompBench_ply,810208,14946a704d94e807ecfb95a5c9157e10ae7c138fdf8eaa824ae217d2b504024d
2744,T23D-CompBench_ply/A_tiger_dressed_as_a_doctor/tiger_DreamFusion_1.ply,T23D-CompBench_ply,810208,e206bcd2486e52a72b5da3b70f644bef45117fc2204331c28df1e3c05598745e
2745,T23D-CompBench_ply/A_tiger_dressed_as_a_doctor/tiger_Hunyuan-2.0_4.ply,T23D-CompBench_ply,810208,275eca3348f4917b1eb7462da41bbb02942c2a8a8987295e113d8a261c263618
2746,T23D-CompBench_ply/A_tiger_dressed_as_a_doctor/tiger_LGM_2.ply,T23D-CompBench_ply,810208,781c034adb6cb6c37cbf9b26e4b9385661bead0dfb4ce7c4cc402c8b743af2f3
2747,T23D-CompBench_ply/A_tiger_dressed_as_a_doctor/tiger_Magic3D_3.ply,T23D-CompBench_ply,810208,d391cf0c6f7c0028084b5d41bf3201b78c33fd789cab91e41988cbfd3a47f9a4
2748,T23D-CompBench_ply/A_tiger_dressed_as_a_doctor/tiger_Meshy_AI-5_4.ply,T23D-CompBench_ply,810208,38bc9b1720c24399532d1b8350fc7c6365f8af208ff4c0086e61c3dc8f47bdfc
2749,T23D-CompBench_ply/A_tiger_dressed_as_a_doctor/tiger_Rodin_Gen-1.5_5.ply,T23D-CompBench_ply,810208,1c408777968637ce7ebb9f25dd3e92a2d1bf8b3102b472e0fb3dcc5a1180d553
2750,T23D-CompBench_ply/A_tiger_dressed_as_a_doctor/tiger_Tripo_AI-2.5_5.ply,T23D-CompBench_ply,810208,4788ffe155c5517b6d014770180ab3963360b9b88147906f0a6376f443c8a8e2
2751,T23D-CompBench_ply/A_tiny_shark_wearing_a_racing_driver's_suit_and_a_helmet_on_its_head/shark_3DTopia_2.ply,T23D-CompBench_ply,810208,6a07697d2880342528acf5e34e888b3183171cbccce365510295046fe70be024
2752,T23D-CompBench_ply/A_tiny_shark_wearing_a_racing_driver's_suit_and_a_helmet_on_its_head/shark_DreamFusion_2.ply,T23D-CompBench_ply,810208,819b2711190ecbd14b15ebee2a4a4e726093938218e0b096bd97a7849ae6f5ea
2753,T23D-CompBench_ply/A_tiny_shark_wearing_a_racing_driver's_suit_and_a_helmet_on_its_head/shark_Hunyuan-2.0_4.ply,T23D-CompBench_ply,810208,02db889cf7db557e12c6fb1729926e1ac66cad877ffeaab6475e7cf4277b8557
2754,T23D-CompBench_ply/A_tiny_shark_wearing_a_racing_driver's_suit_and_a_helmet_on_its_head/shark_LGM_2.ply,T23D-CompBench_ply,810208,d0e7a3db87d64c45f620d9f0d2dd1efe8c8fe066f2298ab115e3d267ba41e2ad
2755,T23D-CompBench_ply/A_tiny_shark_wearing_a_racing_driver's_suit_and_a_helmet_on_its_head/shark_Magic3D_2.ply,T23D-CompBench_ply,810208,d700f61c399424de84d2329fde09ed38834e10d803894727dbb25c2cd3e9eb87
2756,T23D-CompBench_ply/A_tiny_shark_wearing_a_racing_driver's_suit_and_a_helmet_on_its_head/shark_Meshy_AI-5_5.ply,T23D-CompBench_ply,810208,fa5d2f86b52160164d0e89627f32c5c41a9ba889bfd77385f543dd1655022797
2757,T23D-CompBench_ply/A_tiny_shark_wearing_a_racing_driver's_suit_and_a_helmet_on_its_head/shark_Rodin_Gen-1.5_4.ply,T23D-CompBench_ply,810208,f9cf67d962d1df2b1dba3427cbca3c1429cd4d11074cf672db9f37b9f35a5108
2758,T23D-CompBench_ply/A_tiny_shark_wearing_a_racing_driver's_suit_and_a_helmet_on_its_head/shark_Tripo_AI-2.5_5.ply,T23D-CompBench_ply,810208,d33f18d8e8f75881d2760f5cba54d428cedb8ac2a175a55f915701305df699b6
2759,T23D-CompBench_ply/A_vintage_rocking_chair_with_curved_arms_and_a_woven_cane_seat/rocking_chair_3DTopia_3.ply,T23D-CompBench_ply,810208,a60a3503c0dca8b78c39f91b51f6451bf5ab81d16d55094877063c7400c701f3
2760,T23D-CompBench_ply/A_vintage_rocking_chair_with_curved_arms_and_a_woven_cane_seat/rocking_chair_DreamFusion_3.ply,T23D-CompBench_ply,810208,e0b4e7bc10f673a044d17b62fcd7518881ebb5ec1c38e023a33d8313dff67356
2761,T23D-CompBench_ply/A_vintage_rocking_chair_with_curved_arms_and_a_woven_cane_seat/rocking_chair_Hunyuan-2.0_4.333.ply,T23D-CompBench_ply,810208,befbe30ef970b5c5734a24f9c492a93443c46b60c1fa27f7f30599e59803a691
2762,T23D-CompBench_ply/A_vintage_rocking_chair_with_curved_arms_and_a_woven_cane_seat/rocking_chair_LGM_2.333.ply,T23D-CompBench_ply,810208,555207e79f58b2812036ffe856ba95e90e63eed02a661f20160848912df27eab
2763,T23D-CompBench_ply/A_vintage_rocking_chair_with_curved_arms_and_a_woven_cane_seat/rocking_chair_Magic3D_3.ply,T23D-CompBench_ply,810208,18ee0233e1ec6ab6167e8a4bf1f084718e30b3601e56cde9b8512c0c3e1956aa
2764,T23D-CompBench_ply/A_vintage_rocking_chair_with_curved_arms_and_a_woven_cane_seat/rocking_chair_Meshy_AI-5_4.ply,T23D-CompBench_ply,810208,499ff78b90a32f0d479e2f9f44b0a36da82e739dfb1ff3b22637031ec1454b4d
2765,T23D-CompBench_ply/A_vintage_rocking_chair_with_curved_arms_and_a_woven_cane_seat/rocking_chair_Rodin_Gen-1.5_5.ply,T23D-CompBench_ply,810208,0d10c995778a1759ae59100dbe9e128f0e21a9763378b0c85dc74e4d58011dda
2766,T23D-CompBench_ply/A_vintage_rocking_chair_with_curved_arms_and_a_woven_cane_seat/rocking_chair_Tripo_AI-2.5_5.ply,T23D-CompBench_ply,810208,e4478ddb6937d8b28f0cf795506b4b556be170fd2843c1e41b824960b5f29ebf
2767,T23D-CompBench_ply/A_white_dog_with_wings/dog_3DTopia_1.ply,T23D-CompBench_ply,810208,6ee986ca61e6fabaaea0cd87d1b5a8c63cd42d7d1a02db025a1fb4631b957da7
2768,T23D-CompBench_ply/A_white_dog_with_wings/dog_DreamFusion_2.667.ply,T23D-CompBench_ply,810208,2814e75993c44e261f205406b1eac8235bec78512ecf795aaaad978ab0375eb4
2769,T23D-CompBench_ply/A_white_dog_with_wings/dog_Hunyuan-2.0_4.ply,T23D-CompBench_ply,810208,c61dfdccdd2d45e0879fd7307b0261c1966c6c5f5f3d8fd0efbbd0d1e970d556
2770,T23D-CompBench_ply/A_white_dog_with_wings/dog_LGM_2.ply,T23D-CompBench_ply,810208,71d231486da476b19eb05e48b351b324d4b7715f944d3983b8cf526d25ade661
2771,T23D-CompBench_ply/A_white_dog_with_wings/dog_Magic3D_3.ply,T23D-CompBench_ply,810208,830281b4cbcbfe812e35a649453c5f86118e908926b98bbfd46ac654c68c9416
2772,T23D-CompBench_ply/A_white_dog_with_wings/dog_Meshy_AI-5_4.333.ply,T23D-CompBench_ply,810208,78b729498eb8927a0bee49f7b5dab6bf3bc6c6c3b2a08c3612df0d7fffd2bad5
2773,T23D-CompBench_ply/A_white_dog_with_wings/dog_Rodin_Gen-1.5_5.ply,T23D-CompBench_ply,810208,b5e182d307f79c06b6e9539971d43201acb694c1c09aa78b7847d0589fb19602
2774,T23D-CompBench_ply/A_white_dog_with_wings/dog_Tripo_AI-2.5_5.ply,T23D-CompBench_ply,810208,f2385a52d00f9108f68839ee0722a088a246bafcb9cec8aa7f4efc1719753a5d
2775,T23D-CompBench_ply/A_white_scarf_with_fringed_edges/scarf_3DTopia_2.667.ply,T23D-CompBench_ply,810208,fe9a071f7b1bf280e59029d73d583985c0773def79f5768792048289a335b4c4
2776,T23D-CompBench_ply/A_white_scarf_with_fringed_edges/scarf_DreamFusion_1.ply,T23D-CompBench_ply,810208,2b875ef113d8e0cb18b7e92344c436489511ebea1a275faaaa599ff68ead68be
2777,T23D-CompBench_ply/A_white_scarf_with_fringed_edges/scarf_Hunyuan-2.0_4.ply,T23D-CompBench_ply,810208,09dfa58967d8c15c34e10a4a579569474bd54054964c89175aa0e2e786c9f3c7
2778,T23D-CompBench_ply/A_white_scarf_with_fringed_edges/scarf_LGM_3.ply,T23D-CompBench_ply,810208,b60cd852ede2a86d98f10199dcc02ad2f7ea27fd64b18f71176521873883f023
2779,T23D-CompBench_ply/A_white_scarf_with_fringed_edges/scarf_Magic3D_1.ply,T23D-CompBench_ply,810208,9a05a2bde6b8f1904a09ade4325d9189e902a5643d1bad4be787df47d474f0b4
2780,T23D-CompBench_ply/A_white_scarf_with_fringed_edges/scarf_Meshy_AI-5_3.667.ply,T23D-CompBench_ply,810208,c16c21ee1ba4f304b04d1dba1919627ebac1b96c19300b0f859124d250d034aa
2781,T23D-CompBench_ply/A_white_scarf_with_fringed_edges/scarf_Rodin_Gen-1.5_4.ply,T23D-CompBench_ply,810208,641ecd912ab70234a171f32156b5c7f7fece98cf9ec81f3cf59f8192389ad26d
2782,T23D-CompBench_ply/A_white_scarf_with_fringed_edges/scarf_Tripo_AI-2.5_4.ply,T23D-CompBench_ply,810208,f80e98d30990d234f7fd650ad344ae7549b31913511c464e3c23cdfcfa0b749f
2783,T23D-CompBench_ply/A_wooden_apple_above_a_brass_plate/apple_3DTopia_1.ply,T23D-CompBench_ply,810208,f131eecff20cb59af2d74a3e904eeb8f292089610f625eeca856f763450fa839
2784,T23D-CompBench_ply/A_wooden_apple_above_a_brass_plate/apple_DreamFusion_2.ply,T23D-CompBench_ply,810208,1ca03884ff1b061c146d27bc9cbcddc9adff405494f492fd388d17cd3e029608
2785,T23D-CompBench_ply/A_wooden_apple_above_a_brass_plate/apple_Hunyuan-2.0_4.333.ply,T23D-CompBench_ply,810208,3d6db2df2bf8cb735239db1e9d6998409fa7320561f4cc1029ebb328317cf8ac
2786,T23D-CompBench_ply/A_wooden_apple_above_a_brass_plate/apple_LGM_3.333.ply,T23D-CompBench_ply,810208,345638f43fb5da5e83a610e88263d84ea76133b5bf8a23ebe4db475545506a5a
2787,T23D-CompBench_ply/A_wooden_apple_above_a_brass_plate/apple_Magic3D_3.ply,T23D-CompBench_ply,810208,76d67cdf35c31bde37a343d79652574f5c066a0dd741ee97bf716370de0646e6
2788,T23D-CompBench_ply/A_wooden_apple_above_a_brass_plate/apple_Meshy_AI-5_4.ply,T23D-CompBench_ply,810208,7b7329d65ada75837acc6c11957c0882fb7d37cadac863c156bf4e8d240e7c18
2789,T23D-CompBench_ply/A_wooden_apple_above_a_brass_plate/apple_Rodin_Gen-1.5_4.667.ply,T23D-CompBench_ply,810208,e712b5aa1737634924bc955f6372f9bf635a74533d04d79b9a94e79b8626e4a0
2790,T23D-CompBench_ply/A_wooden_apple_above_a_brass_plate/apple_Tripo_AI-2.5_4.ply,T23D-CompBench_ply,810208,1b2a08c1e16d0f3ff925c5dfa790a99f7e7357a53fd6680082ae5ef16fa5e975
2791,T23D-CompBench_ply/A_wooden_house/wooden_house_3DTopia_3.667.ply,T23D-CompBench_ply,810208,3c1b17bbf151d00eb4c4ecdad7fcfab65b1aca8a5f840d6c181a57c58636ff5e
2792,T23D-CompBench_ply/A_wooden_house/wooden_house_DreamFusion_2.ply,T23D-CompBench_ply,810208,d0d7b1e3fe97cbd7d5e6206a4955d32172fdba80d8de6b82631b5d98d4baafd1
2793,T23D-CompBench_ply/A_wooden_house/wooden_house_Hunyuan-2.0_5.ply,T23D-CompBench_ply,810208,9f89e7e80d0e177f45101c5b0d4fd75a1ef82f224e01ba20a24749346ff6d047
2794,T23D-CompBench_ply/A_wooden_house/wooden_house_LGM_3.ply,T23D-CompBench_ply,810208,5f4b748fd84e7753a23078475df254d07922dcbb5357307e782fda31ea7052a2
2795,T23D-CompBench_ply/A_wooden_house/wooden_house_Magic3D_2.667.ply,T23D-CompBench_ply,810208,fa6bad636e74d6d1f8aee265715641fbfd9591482a117764c88751aa03c37617
2796,T23D-CompBench_ply/A_wooden_house/wooden_house_Meshy_AI-5_5.ply,T23D-CompBench_ply,810208,257af867fa01ad32e00a6945bf5510279aa7c9aa60ae0ddd05dd8569c2dcd78a
2797,T23D-CompBench_ply/A_wooden_house/wooden_house_Rodin_Gen-1.5_5.ply,T23D-CompBench_ply,810208,125e5fb451cf712c8bf573f25614aa7d55efca1f1a2fda1187447f54f4627e46
2798,T23D-CompBench_ply/A_wooden_house/wooden_house_Tripo_AI-2.5_4.667.ply,T23D-CompBench_ply,810208,d4d354bc3589ec3789757904266c85b90517b5b14e53bdc979a033c74d017e18
2799,T23D-CompBench_ply/An_apple_next_to_a_banana/apple_and_banana[1]_3DTopia_2.ply,T23D-CompBench_ply,810208,35b9d69731e17974d722cec01ca6bcf85a118b88131b9e339d8edb451d81371e
2800,T23D-CompBench_ply/An_apple_next_to_a_banana/apple_and_banana[1]_DreamFusion_2.667.ply,T23D-CompBench_ply,810208,4e9f01efe3813a123381f848bd9d59d6c8546ace8161421b780448cc45c3295e
2801,T23D-CompBench_ply/An_apple_next_to_a_banana/apple_and_banana[1]_Hunyuan-2.0_4.333.ply,T23D-CompBench_ply,810208,8ae82e0505ae96ade048c6758a2b69265469e4fc801e2929061be14eaac37580
2802,T23D-CompBench_ply/An_apple_next_to_a_banana/apple_and_banana[1]_LGM_3.ply,T23D-CompBench_ply,810208,a18744e923461cc5d1c4306b62cba85383828cf20f405281de2ac9d62fdb5f0d
2803,T23D-CompBench_ply/An_apple_next_to_a_banana/apple_and_banana[1]_Magic3D_3.333.ply,T23D-CompBench_ply,810208,87e7e4023d0d865fa32cd39e1711234168411260e49b3dc88199b3a3960b2aef
2804,T23D-CompBench_ply/An_apple_next_to_a_banana/apple_and_banana[1]_Meshy_AI-5_4.333.ply,T23D-CompBench_ply,810208,8e90eb4119091f320419e8c3aa177b5526dd49643ee5a1a9ca1bb82bd213136e
2805,T23D-CompBench_ply/An_apple_next_to_a_banana/apple_and_banana[1]_Rodin_Gen-1.5_4.333.ply,T23D-CompBench_ply,810208,0df17758647403eb478498efcd639ba803676f0328f5dd6cff54eb72d4a9a870
2806,T23D-CompBench_ply/An_apple_next_to_a_banana/apple_and_banana[1]_Tripo_AI-2.5_5.ply,T23D-CompBench_ply,810208,97a7b37c51362b2c4215760ba4c6b52ea073b90882ed7160ddd96ae14307dc92
2807,T23D-CompBench_ply/An_olive-shaped_metal_leaf/leaf_3DTopia_2.667.ply,T23D-CompBench_ply,810208,8952a6ea57238eb4961f55cc43b1a51a5f11821d5cf467794f58127123cb7faa
2808,T23D-CompBench_ply/An_olive-shaped_metal_leaf/leaf_DreamFusion_2.333.ply,T23D-CompBench_ply,810208,db0d8b3516f811ee7045e2972a940ea4cdfb72c1d6078a6965a81d72bc39c1c2
2809,T23D-CompBench_ply/An_olive-shaped_metal_leaf/leaf_Hunyuan-2.0_5.ply,T23D-CompBench_ply,810208,f435afe0519d092fc3bf796f068c41c626968492b269080253624f6a63b5a110
2810,T23D-CompBench_ply/An_olive-shaped_metal_leaf/leaf_LGM_3.ply,T23D-CompBench_ply,810208,bd1bc90c834429998501cc701e263c9ed91669a7851742c6954d6dc855236379
2811,T23D-CompBench_ply/An_olive-shaped_metal_leaf/leaf_Magic3D_3.667.ply,T23D-CompBench_ply,810208,8e00c2b65395a0e702ac8ad6d80fc80f33dd26e2ff7dc00c5244b0239f302208
2812,T23D-CompBench_ply/An_olive-shaped_metal_leaf/leaf_Meshy_AI-5_5.ply,T23D-CompBench_ply,810208,2d9b0eb47be443ccb2ad606a3858380b98d3e02206b4eae70a0270ec960df9a9
2813,T23D-CompBench_ply/An_olive-shaped_metal_leaf/leaf_Rodin_Gen-1.5_4.ply,T23D-CompBench_ply,810208,8fad29ec76abc09d8a960d09f6e47c674532f382639cd5d60192a0b293de7f3e
2814,T23D-CompBench_ply/An_olive-shaped_metal_leaf/leaf_Tripo_AI-2.5_4.ply,T23D-CompBench_ply,810208,88958c859af515a116dfe5bfbd8dfca6de36d425099be3b7678f1d1cd11eca21
2815,T23D-CompBench_ply/An_owl_on_a_boat/owl_on_boat[1]_3DTopia_1.ply,T23D-CompBench_ply,810208,1f858f00a59d0f7741a50922b71b4fd8ea65943577991a7348aff80402515f7f
2816,T23D-CompBench_ply/An_owl_on_a_boat/owl_on_boat[1]_DreamFusion_2.667.ply,T23D-CompBench_ply,810208,957d6d64244e952a73a03fa4b1edbdc2691cdbe84b0ebafa2f944c1a6e15ab9f
2817,T23D-CompBench_ply/An_owl_on_a_boat/owl_on_boat[1]_Hunyuan-2.0_5.ply,T23D-CompBench_ply,810208,ebf17f618d2b08c8a2b3114390f9178528657ed00b589d9e79d2a6ba13e24777
2818,T23D-CompBench_ply/An_owl_on_a_boat/owl_on_boat[1]_LGM_1.333.ply,T23D-CompBench_ply,810208,7ca6c5a3006999a4464c3cbabaad70420082644a0998f1066de2086f1d6fdcdb
2819,T23D-CompBench_ply/An_owl_on_a_boat/owl_on_boat[1]_Magic3D_3.333.ply,T23D-CompBench_ply,810208,7288049fad248623bbacbc2b2361e6e0d14b88cd703374d6d5f1340f1f23ea07
2820,T23D-CompBench_ply/An_owl_on_a_boat/owl_on_boat[1]_Meshy_AI-5_3.ply,T23D-CompBench_ply,810208,c12053a911870ae5538df6b109f00ae87c1b932f9037e2628bfc57120330899a
2821,T23D-CompBench_ply/An_owl_on_a_boat/owl_on_boat[1]_Rodin_Gen-1.5_5.ply,T23D-CompBench_ply,810208,c3beed34fe250e8e6cd6bfaf145294085cc58a4e7752b6416ed0ab0503fe03da
2822,T23D-CompBench_ply/An_owl_on_a_boat/owl_on_boat[1]_Tripo_AI-2.5_5.ply,T23D-CompBench_ply,810208,bcd8a1804a1e6bd7b6b016b0a433f49097f9997c60495fc43743febcb25b9c8a
2823,wpc_processed/bag/bag_REF_100.0.ply,wpc_processed,34232183,a8c70e7bb7d39c81a643d3014c70253473d1657b6109f7d4c85102cbb7c3f837
2824,wpc_processed/banana/banana_REF_100.0.ply,wpc_processed,21794335,ecbfa2a346cddb473c7a8c7deaa16488cc762e4ef5b02a3d348e885b0d1b82f1
2825,wpc_processed/cauliflower/cauliflower_gQP_1_tQP_1_87.6.ply,wpc_processed,41075851,63689f4cefe2830af2113695265f9c4e711aa6365572430520460ab3d12f05de
2826,wpc_processed/cauliflower/cauliflower_gQP_1_tQP_2_69.9.ply,wpc_processed,41075851,89c1cb4ee8f46bdbab503621259fdc662b99e21035262651da5b87e905573fd1
2827,wpc_processed/cauliflower/cauliflower_gQP_1_tQP_3_55.9.ply,wpc_processed,41075851,de764e7abca5eafe188bf8fc4fa27c95069b4ba449761bea1a5ad4ec034311d0
2828,wpc_processed/cauliflower/cauliflower_gQP_2_tQP_1_77.6.ply,wpc_processed,41184526,6f1598b6dec2d67b777f2e8ba751e67ba7f5afc0d6888601144502827e0ef5b2
2829,wpc_processed/cauliflower/cauliflower_gQP_3_tQP_1_34.5.ply,wpc_processed,41148406,bd5827f6ec33f68eb6786a4852808e7c31b3aaf17f286e66d3f1655756017f47
2830,wpc_processed/cauliflower/cauliflower_gsigma_0_tsigma_32_40.2.ply,wpc_processed,30986313,eb8364093d3dfafce13cec0f23a722bdbc2a3854ea59a285bc9ec205535207bb
2831,wpc_processed/cauliflower/cauliflower_gsigma_0_tsigma_8_77.8.ply,wpc_processed,30986313,0351b05f04b6baa2e645f22dc0c7fbd89fa92d3e3a26b26b30cddf34f0d25fad
2832,wpc_processed/cauliflower/cauliflower_gsigma_2_tsigma_32_31.4.ply,wpc_processed,29796905,a6eb8f973b7aeb23a6af8f46b0af632e785819561978176cbd0f2a82736c779f
2833,wpc_processed/cauliflower/cauliflower_gsigma_4_tsigma_8_47.9.ply,wpc_processed,30335177,64d680eca70d20ef3795be29be585db5e05efdbb5dff88d7e84cd79d170129de
2834,wpc_processed/cauliflower/cauliflower_level_9_74.7.ply,wpc_processed,26222148,a09bf6c72e88fcacec2eb1f679d86e5cded41a6c257fedf6610237c27e2ed024
2835,wpc_processed/cauliflower/cauliflower_pqs_1_qs_16_rounded_90.0.ply,wpc_processed,29049586,040565262d5b5ce8b7cb8634eec9bfedf5e6310fe719c2c8652a253aa8ca6ca8
2836,wpc_processed/cauliflower/cauliflower_REF_100.0.ply,wpc_processed,52289297,2d5a95e549a7b00b0233dc2c5c7e6e7c880c59144e6fec2b69890d1cfffda044
2837,wpc_processed/cauliflower/cauliflower_tsl_8_tqs_128_79.8.ply,wpc_processed,75871786,7d52271d81ce9730e92f4b27709db28ce66a55ee52a9e0728d31318bfecc696a
2838,wpc_processed/cauliflower/cauliflower_tsl_8_tqs_64_92.9.ply,wpc_processed,75871786,d345e1fc5c69b6c7b7375328bb45d271d5fc19722dc3ddd96183ec20aa7942bb
2839,wpc_processed/flowerpot/flowerpot_gQP_1_tQP_1_78.0.ply,wpc_processed,52376746,eb58254f39462759ea71b556073bfa7ba9eb32bd0626078d811c04a87aaf6c10
2840,wpc_processed/flowerpot/flowerpot_gQP_1_tQP_2_70.8.ply,wpc_processed,52376746,6d7e2a311ccb7bfe3a13b2daa11f0fd2cabe22b26f1a3117505af3d69fed3041
2841,wpc_processed/flowerpot/flowerpot_gQP_2_tQP_1_61.5.ply,wpc_processed,51998746,f44f31f8839babff19f232c4bb28c026ef62588340c2793e570f360bbfb90d8f
2842,wpc_processed/flowerpot/flowerpot_gQP_3_tQP_1_30.8.ply,wpc_processed,52152091,24f999626b7f70ec87a0cbf7256650f5c514be40783a08c99c3f532ac38e18cf
2843,wpc_processed/flowerpot/flowerpot_gsigma_0_tsigma_8_84.3.ply,wpc_processed,38514745,4244a20faf65dd284b77faf8dc667e96dd02c2251a272a28960f02ee15ed1fc0
2844,wpc_processed/flowerpot/flowerpot_gsigma_4_tsigma_16_41.9.ply,wpc_processed,37731321,e0649858f636e78d96d105b4b8295180d6f0763c256c3b943a98d314f58801d5
2845,wpc_processed/flowerpot/flowerpot_level_7_11.7.ply,wpc_processed,2547899,7a7e5d5e818cd8da416f44617c5d340b232a8e7e985bdd21440ad13c6f39d363
2846,wpc_processed/flowerpot/flowerpot_pqs_1_qs_16_rounded_91.3.ply,wpc_processed,36107491,11119874629e2602d397d064f572b0aab7a78193a76e9e1dac76068de2661804
2847,wpc_processed/flowerpot/flowerpot_pqs_1_qs_32_rounded_74.4.ply,wpc_processed,36107491,2778b6bbd511f5e4f838a18d46966815c0f7b35db9aface799ce34e271d4f30a
2848,wpc_processed/flowerpot/flowerpot_REF_100.0.ply,wpc_processed,64993526,acfb0b6518d69ae03d83c951139b66548de7272d74b621809701cefd6c4bdbb0
2849,wpc_processed/flowerpot/flowerpot_tsl_4_tqs_512_9.0.ply,wpc_processed,74230441,cf0b547709781351a279f2aa54221d311da1c7d5ceda8761ca9fa59444371722
2850,wpc_processed/flowerpot/flowerpot_tsl_6_tqs_128_61.6.ply,wpc_processed,78348271,69ec1a1af80dfd0c6c34f118c50b3c426c6035b4bb610a83489e82e5d5e33299
2851,wpc_processed/flowerpot/flowerpot_tsl_6_tqs_64_72.4.ply,wpc_processed,78348271,9be521e1e3ee79e4e241423ed2d6d5fd3736b651372f2987a652f55321dd0fcf
2852,wpc_processed/flowerpot/flowerpot_tsl_8_tqs_128_76.3.ply,wpc_processed,94820461,faf56e057eb363b6d114e1b83be600d6f1cf6235645253c3c1fe31227628c5f1
2853,wpc_processed/flowerpot/flowerpot_tsl_8_tqs_64_91.7.ply,wpc_processed,94820461,c71f57d84f71d513bbae7e0e9215ba180725e02f3d8643a6cf2e1a9afd1c360b
2854,wpc_processed/glasses_case/glasses_case_gQP_1_tQP_1_79.5.ply,wpc_processed,16893556,67630a772f1e96221d78975f2a8e43fe180dc002337fd645604e44103cce9d11
2855,wpc_processed/glasses_case/glasses_case_gQP_1_tQP_2_75.7.ply,wpc_processed,16893556,557e1e2c74b9be9192b8750af1e63cf608ebd003e867767e24899ef79177334a
2856,wpc_processed/glasses_case/glasses_case_gQP_2_tQP_1_60.3.ply,wpc_processed,16833616,362210cb87aac3fb9246f5bae376e3c34857b233267cdf20f13a3d104a395070
2857,wpc_processed/glasses_case/glasses_case_gQP_2_tQP_3_42.0.ply,wpc_processed,16833616,4c40a0b2863ed46f2461e38a64847f4c2177a2076065cf1512c085cfac8f70cc
2858,wpc_processed/glasses_case/glasses_case_gsigma_0_tsigma_16_78.2.ply,wpc_processed,11466824,5fb506958f4b1cf3e1188f5ee46593729d176f9a7c578c6c6ee6bad0b77d6d19
2859,wpc_processed/glasses_case/glasses_case_gsigma_0_tsigma_8_90.0.ply,wpc_processed,11466824,9acaa5bbd3e23e83408fc3d1e1710449e0b5d760e453e436fa8e94dc45529eae
2860,wpc_processed/glasses_case/glasses_case_gsigma_2_tsigma_16_44.0.ply,wpc_processed,11063240,1306466f715dca4b5e7304e5f64ab3a1cd214b6b170d8d21a8eaf9269f6f3f18
2861,wpc_processed/glasses_case/glasses_case_gsigma_2_tsigma_8_43.0.ply,wpc_processed,11072856,bdaf1331943c45d4e8b34de9b22e51c9ec636b5e697948a684bc6a624db930a6
2862,wpc_processed/glasses_case/glasses_case_level_9_69.2.ply,wpc_processed,10202076,9437644283b418101efe5838d7a4606a9ab848608e8b7beb24302c20c14e7bcf
2863,wpc_processed/glasses_case/glasses_case_pqs_1_qs_16_rounded_90.0.ply,wpc_processed,10750065,b01ba06481dae1a88ed8daffe0992eb0331eaa3baa544a7fa090906fbdd42258
2864,wpc_processed/glasses_case/glasses_case_pqs_1_qs_32_rounded_85.2.ply,wpc_processed,10750065,3b38d40406c43ac54b67b9358578e921df35d246d8fbc8158bb192f9c6422682
2865,wpc_processed/glasses_case/glasses_case_pqs_1_qs_48_rounded_69.2.ply,wpc_processed,10750065,642e6c85278afa61c399076d8bc7a51b09eb626378930aec9789551cb0231a4b
2866,wpc_processed/glasses_case/glasses_case_REF_100.0.ply,wpc_processed,19350160,625c70e334cecfc24a06e317b52f85664f8d0f7bd301fc00ae5d9e689f0d8bdf
2867,wpc_processed/glasses_case/glasses_case_tsl_4_tqs_128_73.2.ply,wpc_processed,24088981,7f6a32528653c463fb188b822c11066d75628a4a532ddb4ad38b9ee2e906bc2c
2868,wpc_processed/glasses_case/glasses_case_tsl_4_tqs_256_54.7.ply,wpc_processed,24088981,ad94f1b71676c0df3e527d89377fc4f9beec23c5db85be69b856d46d72b56b8d
2869,wpc_processed/glasses_case/glasses_case_tsl_4_tqs_512_28.1.ply,wpc_processed,24088981,7bbfbdeb169df9795a1766b2d7ebc07db7ae2655e2218c0c8c7a6f92af55f933
2870,wpc_processed/glasses_case/glasses_case_tsl_4_tqs_64_81.0.ply,wpc_processed,24088981,2bc15829e04e33cc571466b923cb700e326a652fa23c65459b7b5ff49d1e78a2
2871,wpc_processed/glasses_case/glasses_case_tsl_6_tqs_128_54.9.ply,wpc_processed,25187356,b6907c5568be56206732e84ce49fa9b2f944c691181aa1784360a14460074875
2872,wpc_processed/glasses_case/glasses_case_tsl_6_tqs_512_23.9.ply,wpc_processed,25187356,15ae49aeb96dabf34bbc6f32d94b5b7e32d9da256bb591fb65494ae56b06a02d
2873,wpc_processed/glasses_case/glasses_case_tsl_6_tqs_64_53.8.ply,wpc_processed,25187356,32af64fa6fcb0a4c347edec2d5b813d8641b2c27f9c69ea8334f586cbe2ac49d
2874,wpc_processed/glasses_case/glasses_case_tsl_8_tqs_128_77.9.ply,wpc_processed,29689636,cc1dbc1edd07e421fc1f13c64805bb6cfa7e6f8b72c316e58e470e8f73fa75d9
2875,wpc_processed/glasses_case/glasses_case_tsl_8_tqs_64_79.5.ply,wpc_processed,29689636,b2c192572c34858effbe80f1e518d893d3a911509d440e63a453ed9147e80db5
2876,wpc_processed/house/house_gQP_1_tQP_1_92.2.ply,wpc_processed,28861621,d2bd421e6bffdcac87ca602e80d42226b61e25a0b37fd0d037ee609b75c040a1
2877,wpc_processed/house/house_gQP_1_tQP_2_70.7.ply,wpc_processed,28861621,2ed729254b9aad9b7aeb66c78a38bb34dfae901b92f93e9d0bb877e93c4fd8b0
2878,wpc_processed/house/house_gQP_1_tQP_3_38.3.ply,wpc_processed,28861621,6aa36c8ceb885b71955e12c9ef96f63264f2f6a29d8dd392921ea59ed49099b0
2879,wpc_processed/house/house_gQP_2_tQP_1_74.5.ply,wpc_processed,28932046,529e5c1e4ce07065e1e34a55474415a45db23c4cfe062b021a8ad246d974d242
2880,wpc_processed/house/house_gQP_3_tQP_3_29.2.ply,wpc_processed,28899346,2e670eb2ef83d50d173e9dee0ad43e727efe510336df8e399ed8a7e8ddedc038
2881,wpc_processed/house/house_gsigma_0_tsigma_16_69.8.ply,wpc_processed,25096121,84e32923a9aca66986340401ed0452bbaa1d37f74c6c134c70ec1bd9b8019dcc
2882,wpc_processed/house/house_gsigma_0_tsigma_8_90.2.ply,wpc_processed,25096121,0dbdaa0ae8fd5a4caa387bba47c9f7aa13edc105df55f67ae793f0996c0fffe5
2883,wpc_processed/house/house_gsigma_2_tsigma_8_48.7.ply,wpc_processed,23957017,600f0996aa7e19927518812217a62f8c98adf99b70d22802fe4f8d8d68b66de5
2884,wpc_processed/house/house_gsigma_4_tsigma_32_19.4.ply,wpc_processed,24479769,f2b2d6073fb0a000c6201beca7ddb1774a7b57304037d867a77161df651257d5
2885,wpc_processed/house/house_pqs_1_qs_16_rounded_88.4.ply,wpc_processed,23527531,2817b2eef731c326f10216bf4c1ee08431cf11b664e483de1209418e36ede164
2886,wpc_processed/house/house_pqs_1_qs_32_rounded_77.7.ply,wpc_processed,23527531,17f7a58c6d5879b8e96c065dc1918c05d84cfe3a62470c3f6dbc6e46ffc225eb
2887,wpc_processed/house/house_pqs_1_qs_48_rounded_68.1.ply,wpc_processed,23527531,be93275787a01be23214bb08117ab0a1f5090813acca362fc58ad039641869cf
2888,wpc_processed/house/house_REF_100.0.ply,wpc_processed,42349598,ea329886bebe6baaf85858219a639cc4f773399f447c960d251f87535508c8d1
2889,wpc_processed/house/house_tsl_4_tqs_128_54.3.ply,wpc_processed,36420226,9f14b065fbb524d41f5ae66cd195bfac5f365e3d6c0303a814d353d42f6822a9
2890,wpc_processed/house/house_tsl_4_tqs_512_22.4.ply,wpc_processed,36420226,030d2d257ccb93a7582c016543416c55af5532d81a985cedce1d2f94aa075034
2891,wpc_processed/house/house_tsl_4_tqs_64_65.1.ply,wpc_processed,36420226,43c2370e971c3b49bf85dc1b988a3938e7d8915d3d02ade78cc1d247137e9dc1
2892,wpc_processed/house/house_tsl_6_tqs_128_75.4.ply,wpc_processed,41812891,248a373d50e487ea42586de142f562d702b49b099cd7cf0c31d39646ae7fd702
2893,wpc_processed/house/house_tsl_6_tqs_256_43.0.ply,wpc_processed,41812891,c6a11c26f1c25409e968d4ff2b7312f1a4876bae2ad297f4196558d13918dea9
2894,wpc_processed/house/house_tsl_6_tqs_512_26.6.ply,wpc_processed,41812891,c3de958d6f12b70d95aaa28d954aba79fecfd361bbc09d19e49106eeec01337f
2895,wpc_processed/house/house_tsl_6_tqs_64_84.8.ply,wpc_processed,41812891,72cb22135368926fa031fea6c43869d48513ac1eb1e5bad9e2e11f4b050dab19
2896,wpc_processed/house/house_tsl_8_tqs_128_80.2.ply,wpc_processed,52074706,c52216a7c1b39f4468ceded3947ae0b96690e6d9e3bbd631d805692ecb255d08
2897,wpc_processed/house/house_tsl_8_tqs_512_27.6.ply,wpc_processed,52074706,8b7d02e0ec5156e674acf092165860a3a8d8199f72fe8c2cf6d1b064722fc4df
2898,wpc_processed/litchi/litchi_gQP_1_tQP_1_83.8.ply,wpc_processed,19154476,b2c52191b6ff816d23517ba212ff9a22203e0c0763a5377e009a5f6da14b1417
2899,wpc_processed/litchi/litchi_gQP_1_tQP_2_73.7.ply,wpc_processed,19154476,da3ed6c02f614e7b76393fbc43556d0934690b28b5e02e93b7b7c0976da12773
2900,wpc_processed/litchi/litchi_gQP_3_tQP_1_38.8.ply,wpc_processed,19055116,e75b5f415c43b484027f88c62287314a17e86ed4e097bc7a1ac51ea7b8219e04
2901,wpc_processed/litchi/litchi_gQP_3_tQP_3_30.0.ply,wpc_processed,19055116,af996b6ee746b4692adbb19f688ebaf01733dcdd44421a0153485f167d7748a3
2902,wpc_processed/litchi/litchi_gsigma_0_tsigma_16_79.0.ply,wpc_processed,16639353,cd49f8f084c0b7b54d97a69ddbb11cdfe9418435ba56de21e559cf7e8542f5f8
2903,wpc_processed/litchi/litchi_gsigma_0_tsigma_8_92.6.ply,wpc_processed,16639353,e6b31250324e8699fc7418e2921016e68bd313abd7360032f5c6efd7e90c1272
2904,wpc_processed/litchi/litchi_gsigma_2_tsigma_16_55.5.ply,wpc_processed,15982728,aebb7a6ae038d7a1e2ceec78028358e0fee455b5ff9f47cfb6a86d49c2c138ef
2905,wpc_processed/litchi/litchi_gsigma_2_tsigma_8_66.7.ply,wpc_processed,15978904,dd700703ec6e71ca5dd2c262e5cbf69b21bd3bc54ee063d50dbfb8e49a6355f3
2906,wpc_processed/litchi/litchi_gsigma_4_tsigma_16_43.4.ply,wpc_processed,16274681,6877744c7b0a4b821d282734a89b8302861aea938be931667cb015419f01b61a
2907,wpc_processed/litchi/litchi_level_9_88.3.ply,wpc_processed,13778172,175f1b9449571ca756adbc76e50d352102d9e666ec8d897ab8ee57f85cf0405a
2908,wpc_processed/litchi/litchi_pqs_1_qs_16_rounded_90.6.ply,wpc_processed,15599311,ad3a2b517b6d4a926613d4330a3ba781436edae402a80c7f5fa107f528a2abca
2909,wpc_processed/litchi/litchi_REF_100.0.ply,wpc_processed,28078802,15a18544faf60501806c14ffa5dffb91b50e1eef64cc6cae830b7d12247f0d2b
2910,wpc_processed/litchi/litchi_tsl_4_tqs_128_33.9.ply,wpc_processed,26254516,7d20933f7f9df77218b8f43f7de46fac0408fe7ca4f4de86f6c74534983860d3
2911,wpc_processed/litchi/litchi_tsl_4_tqs_512_14.2.ply,wpc_processed,26254516,97ff9d136c4365ae592213b18badb0890fac0e6952692da7c85b9286f55dcd4c
2912,wpc_processed/litchi/litchi_tsl_4_tqs_64_41.4.ply,wpc_processed,26254516,340200e3eb71e29e7b4bbc7393266a8e5f71cdb0d8c68e892190fbbda4834b57
2913,wpc_processed/litchi/litchi_tsl_6_tqs_128_66.5.ply,wpc_processed,31615696,e38596df694ba3063ef3a36733b445606a3abea81eef01d56e5b003d1874d7fc
2914,wpc_processed/litchi/litchi_tsl_6_tqs_512_21.5.ply,wpc_processed,31615696,fc448b8378ac8a5a28882c6a7e133fca6f0f652cd499c0ebed2e20663324aee7
2915,wpc_processed/litchi/litchi_tsl_6_tqs_64_76.6.ply,wpc_processed,31615696,ad1b421c92fabf3c972c48c450d87b6405242411c6dcd11ef3e135d53fd81c77
2916,wpc_processed/litchi/litchi_tsl_8_tqs_128_72.3.ply,wpc_processed,39721696,038d66d6dd782e649f46e0a0e6f7144f50c267c777d5ac92ecc91a9afb0bb6ad
2917,wpc_processed/litchi/litchi_tsl_8_tqs_64_89.1.ply,wpc_processed,39721696,7e5a2c98a430b5feb1ca714784ebb1bc3bf754f558d8f8def8b179cc73910682
2918,wpc_processed/mushroom/mushroom_gQP_1_tQP_1_77.7.ply,wpc_processed,25657366,ce90fb96397ffe76bd31b35a4885d5429671d7707f2fcd62117f2f5ed03ef7ec
2919,wpc_processed/mushroom/mushroom_gQP_1_tQP_3_36.8.ply,wpc_processed,25657366,df848f6c1d738725ba81ae5f9b31bb2e1944cc01b77f5ff85fcdeb5d04f7e0c5
2920,wpc_processed/mushroom/mushroom_gQP_2_tQP_2_46.4.ply,wpc_processed,25604326,1a5cdad4522ee706d4ed6cb76a7b8c55e98285fbe3b5bb360660e2c2e103ea95
2921,wpc_processed/mushroom/mushroom_gQP_3_tQP_3_20.3.ply,wpc_processed,25533556,38116358fe3455d71a4ce040066461e4a7ea0910feac2b2c0fd9d54b140ad8a0
2922,wpc_processed/mushroom/mushroom_gsigma_0_tsigma_16_75.1.ply,wpc_processed,18313929,6691177f7b63949731e4f36367e18d04aaa2e379aab1a7e61017a080c79f9bbc
2923,wpc_processed/mushroom/mushroom_gsigma_0_tsigma_32_49.4.ply,wpc_processed,18313929,4a38757094f23c81eb8fc37a5351dc56400c8020f87ffb44ccbf75dc69c6564c
2924,wpc_processed/mushroom/mushroom_gsigma_0_tsigma_8_94.3.ply,wpc_processed,18313929,81ae857ff776b2bed29ced9774d151923dacfeca2517c61b620ff9f098bebccb
2925,wpc_processed/mushroom/mushroom_gsigma_2_tsigma_32_38.5.ply,wpc_processed,17633305,94115325cbdbc1756494ae67d4d7a2f9f3b647881b0983cb8eb09c5c1c35a6fe
2926,wpc_processed/mushroom/mushroom_gsigma_2_tsigma_8_53.9.ply,wpc_processed,17634185,438581453aabfee836a9737dd683e2b80467700b22ff3e057662e1d33eb3d543
2927,wpc_processed/mushroom/mushroom_gsigma_4_tsigma_16_37.9.ply,wpc_processed,17948937,3ee11a197f0f6e921ed63a59d302d71cd085b3e1bbe8b8eca11134ac8851006c
2928,wpc_processed/mushroom/mushroom_gsigma_4_tsigma_32_25.0.ply,wpc_processed,17947337,b7ee747d904abc5d0194437751c8b3a3a775db4eb847bfec055e63c21970d1e5
2929,wpc_processed/mushroom/mushroom_gsigma_4_tsigma_8_43.4.ply,wpc_processed,17952793,f9e9bca0333be67ef1431b36d5a683430b26fa84af55b27ad108e9fa781847dc
2930,wpc_processed/mushroom/mushroom_pqs_1_qs_16_rounded_89.2.ply,wpc_processed,17169226,ecc266cb4aa4b00edfaa05c8f536a249bd360ae76063bb02c09ac6ce19b99647
2931,wpc_processed/mushroom/mushroom_pqs_1_qs_32_rounded_67.3.ply,wpc_processed,17169226,76d4398a02441bca7b2823e9240eb45f587047c6ddf095fb034fa306de1edc60
2932,wpc_processed/mushroom/mushroom_pqs_1_qs_48_rounded_45.0.ply,wpc_processed,17169226,b5c894e5ed7fc09588e393cfde69041f93e5ab72c1e05ef248e2e560ceda55b8
2933,wpc_processed/mushroom/mushroom_REF_100.0.ply,wpc_processed,30904649,7d73d632a00be8d890fa035a2da481962e8a395b5b69d1c77adbedb83648452e
2934,wpc_processed/mushroom/mushroom_tsl_4_tqs_256_23.1.ply,wpc_processed,34684891,bc8a1911c3084e89cd70e8610d64546fc89787a9b51ab985da8e69270c7e8c24
2935,wpc_processed/mushroom/mushroom_tsl_6_tqs_128_48.1.ply,wpc_processed,38578741,ead7e09b7ef14705c092335abd7124d623d2a8c7729685b5c1fbf4ce29ab4e20
2936,wpc_processed/mushroom/mushroom_tsl_8_tqs_128_67.7.ply,wpc_processed,47840116,95f894f0e40132298d5e6dd91032d41c21fe702ab6898e12912bc1f1074789b0
2937,wpc_processed/mushroom/mushroom_tsl_8_tqs_256_40.5.ply,wpc_processed,47840116,f32d3adee1a5898125e1624439a09cd625ab93d8ef1425e376ca693eb5ecd942
2938,wpc_processed/mushroom/mushroom_tsl_8_tqs_64_88.3.ply,wpc_processed,47840116,d2c64e86c53d1a3bec937446e2b1cfb06ddea53134f4a01e5dbcaf249e911dcc
2939,wpc_processed/pineapple/pineapple_gQP_1_tQP_1_80.6.ply,wpc_processed,33298321,b44c980d684772fd5e8bf1a357541537bc39bbdd8103a503f72b474df9d4cacd
2940,wpc_processed/pineapple/pineapple_gQP_2_tQP_3_34.4.ply,wpc_processed,31678906,661b134864571ec0f1660362a2b26691141d8428636d2901e5020cc63f728a04
2941,wpc_processed/pineapple/pineapple_gQP_3_tQP_2_48.9.ply,wpc_processed,31598221,72699f2d28a7b7a3b3087995b98f5eee1bf99f18db008e7d7fa26c197db146a5
2942,wpc_processed/pineapple/pineapple_gsigma_0_tsigma_16_71.0.ply,wpc_processed,26062841,11933049be9ef3f05ea104439ce1cd500a3cc852711460db1bc591ddc9f46848
2943,wpc_processed/pineapple/pineapple_gsigma_0_tsigma_8_84.5.ply,wpc_processed,26062841,c94cfb721a411dd0a70c04718fdd22baedc4e32f5dd1b8daeb1e752f6de9be6e
2944,wpc_processed/pineapple/pineapple_gsigma_2_tsigma_16_46.6.ply,wpc_processed,24966905,658dc730dbfbbcbc779363f550f0b5be7972202fa89f11114d74b39471a4b145
2945,wpc_processed/pineapple/pineapple_gsigma_2_tsigma_32_33.1.ply,wpc_processed,24972153,944d62c088e1b264dbb8c5cac997410b6ac010d52da81ef7dd3e52f978cb2ba1
2946,wpc_processed/pineapple/pineapple_gsigma_4_tsigma_16_37.6.ply,wpc_processed,25464089,97626971b873113031a7fa046da1557ad4bd54e7e0c733b429bf5310ecf93cae
2947,wpc_processed/pineapple/pineapple_level_8_19.3.ply,wpc_processed,6391728,37c5255d507c6338430ae3b82b60736d045c6773aada5355a14560c1ebe44c02
2948,wpc_processed/pineapple/pineapple_level_9_68.2.ply,wpc_processed,22499874,89da51c5acef9931339d84cc6070dcb23350d794ac3f26079f5ee0b1b14b1c40
2949,wpc_processed/pineapple/pineapple_pqs_1_qs_16_rounded_87.8.ply,wpc_processed,24433831,1e34edcb755870093a9252ef3101862d119273df97bf70f32e5e25065e959e69
2950,wpc_processed/pineapple/pineapple_pqs_1_qs_32_rounded_68.4.ply,wpc_processed,24433831,8c4dc5d06c0ef57547d121535e212f6876ff2e7975310e61725f8fcdd19b3bd7
2951,wpc_processed/pineapple/pineapple_REF_100.0.ply,wpc_processed,43980938,439d8be602bd1e58722640c4f857d929206d5ee0372261b6c74d0520d1f7c48a
2952,wpc_processed/pineapple/pineapple_tsl_4_tqs_128_63.3.ply,wpc_processed,44238616,546a8f6a0d1a87f4a5c258ab9df67872566c58a1c0d1b251c273cae9f652bcaf
2953,wpc_processed/pineapple/pineapple_tsl_4_tqs_64_72.7.ply,wpc_processed,44238616,ff07fdd1231b0e0bdf04e611f893f52311f21bbef6d4d1d9beba8bf740451828
2954,wpc_processed/pineapple/pineapple_tsl_8_tqs_128_74.1.ply,wpc_processed,64636726,bc90753cf7b0c96473104b3ab8000881eb11e0b4dae8474e3b1976d89acbd300
2955,wpc_processed/pineapple/pineapple_tsl_8_tqs_256_49.6.ply,wpc_processed,64636726,a6cfcf9eff5cec36d1bea4ddafdc78af5fa974ae574a5515dc2cf1b10ac6e912
2956,wpc_processed/pineapple/pineapple_tsl_8_tqs_64_86.2.ply,wpc_processed,64636726,4f67fda4b7c8eb7dfd7c2245594be46b91932a12caa6c3da58fdb8c7a4e9269e
2957,wpc_processed/ping-pong_bat/ping-pong_bat_gQP_1_tQP_1_73.3.ply,wpc_processed,14186625,3c5b6216a3b8938f1d8bbeccdbf156d2426923cc26c82f0e0b419afbae827484
2958,wpc_processed/ping-pong_bat/ping-pong_bat_gQP_2_tQP_1_61.7.ply,wpc_processed,14204910,c7b3ca35ff81d9d1d26bdb5a845d738c4a9f2a4f0ccf40eebf36e8c29e491b2b
2959,wpc_processed/ping-pong_bat/ping-pong_bat_gQP_2_tQP_3_42.3.ply,wpc_processed,14204910,7f58db85283a9225954c6f1a3eb2f255f9aca0e602203653996a90316d20fcfa
2960,wpc_processed/ping-pong_bat/ping-pong_bat_gQP_3_tQP_1_35.6.ply,wpc_processed,14117175,a26fe8a7fcbcd9ff26f8a8a4dee765dfdac6a0ae8f7ff05f49ad840069069ede
2961,wpc_processed/ping-pong_bat/ping-pong_bat_gQP_3_tQP_2_34.7.ply,wpc_processed,14117175,cebd51871ccbb10d1641f773636ad18d60cbbe7ed31b0c69c04f43360cfd450e
2962,wpc_processed/ping-pong_bat/ping-pong_bat_gQP_3_tQP_3_36.8.ply,wpc_processed,14117175,7b3ca0d892d211d514c134f4b50e47fd167ef8add2ca36467308fd827806d928
2963,wpc_processed/ping-pong_bat/ping-pong_bat_gsigma_0_tsigma_8_85.8.ply,wpc_processed,11262344,198fc976fc688ecae553c4928db963687427fe83e13c630d56ddf61d1133a9aa
2964,wpc_processed/ping-pong_bat/ping-pong_bat_gsigma_2_tsigma_8_53.6.ply,wpc_processed,10753336,fade915f4567141195e5c0a30ec2c21702cfa185fd59f009a06dc61594808a1f
2965,wpc_processed/ping-pong_bat/ping-pong_bat_gsigma_4_tsigma_8_36.8.ply,wpc_processed,10988440,ea69b6edc59c0c967678d34eb6dbdcbdc9c7d4b4ab87cd08257d109ae60b7427
2966,wpc_processed/ping-pong_bat/ping-pong_bat_level_7_10.7.ply,wpc_processed,587969,04ede8f531f081557ed7138e71628bb3442d163bdfa086b2ae9d8a473e506ba0
2967,wpc_processed/ping-pong_bat/ping-pong_bat_level_9_85.7.ply,wpc_processed,8320554,a56c25cfef4176f3f78e8f6d7c69b6f5a1b78aeb1bc0b6555a7ede852217aa92
2968,wpc_processed/ping-pong_bat/ping-pong_bat_pqs_1_qs_16_rounded_91.8.ply,wpc_processed,10558365,59cbbddec6c332be5507e8c55db319aa3e6ad7c35eb04db968764630770f38e5
2969,wpc_processed/ping-pong_bat/ping-pong_bat_pqs_1_qs_32_rounded_57.3.ply,wpc_processed,10558365,770704f4a05cff6726fe7612a125839a84aec23e73f9b6e6791cb45092c40f93
2970,wpc_processed/ping-pong_bat/ping-pong_bat_REF_100.0.ply,wpc_processed,19005100,fe506244cb387be665a31b2bb4690075a70c3a55e87558ce80b9b7494f83f3a8
2971,wpc_processed/ping-pong_bat/ping-pong_bat_tsl_4_tqs_512_5.1.ply,wpc_processed,15591346,c0409b27d148ddc8340feb1ba3fae8985b63b07d180e3a2a9129a3df8c1384e2
2972,wpc_processed/ping-pong_bat/ping-pong_bat_tsl_6_tqs_256_33.5.ply,wpc_processed,18188041,73ccd12d09005ce6a54e6f96d0e62b1eb04959782d1b4ad28f626d8d148b26da
2973,wpc_processed/ping-pong_bat/ping-pong_bat_tsl_6_tqs_512_27.0.ply,wpc_processed,18188041,30d130eef5d4174e96460b7b0c9c6a3ccea9f59a924340fe765a8e1e4cce6669
2974,wpc_processed/ping-pong_bat/ping-pong_bat_tsl_8_tqs_256_38.3.ply,wpc_processed,23008816,6c3ceed85b185f8c2435baf33b65e387d59fb90b25730959137015f2859b6ff1
2975,wpc_processed/ping-pong_bat/ping-pong_bat_tsl_8_tqs_64_77.2.ply,wpc_processed,23008816,1c2269dfa5d8080a77073057437b7c9238301c1ab06f2b55281b5975025e08ac
2976,wpc_processed/puer_tea/puer_tea_gQP_1_tQP_1_77.9.ply,wpc_processed,10272225,961fa429278cf0b305946fcc552c433d703a932a76c0df39c4dda123d9bd5c0b
2977,wpc_processed/puer_tea/puer_tea_gQP_1_tQP_2_75.4.ply,wpc_processed,10272225,d917299bc23704906e5e7be474e8f896e4b65deddc7f19384e8b265769a81c41
2978,wpc_processed/puer_tea/puer_tea_gQP_1_tQP_3_51.3.ply,wpc_processed,10272225,77f635748a8d2ec2a91f46fd5ab291d03b01e0c92fbc02b5db710cf821621552
2979,wpc_processed/puer_tea/puer_tea_gQP_2_tQP_2_63.4.ply,wpc_processed,10054665,0f338af26013ccaa2cb4476494b00cfc10a85803a2d4fa3eb13024b34bb74074
2980,wpc_processed/puer_tea/puer_tea_gQP_3_tQP_2_42.1.ply,wpc_processed,10056135,1c881df44a6a37dd9556aa016b2100249a27da3eaebd750ba259ef70936f5696
2981,wpc_processed/puer_tea/puer_tea_gQP_3_tQP_3_37.3.ply,wpc_processed,10056135,b279a363d817f8f3af05bb5b85f3380c49988b365ad994afbb3e8c9212dfefe8
2982,wpc_processed/puer_tea/puer_tea_gsigma_0_tsigma_32_34.7.ply,wpc_processed,6592424,7233dc9ed545ea1a25d1d039cbdd71a688ebf8aac4ff90d09363caf01c2800d9
2983,wpc_processed/puer_tea/puer_tea_gsigma_0_tsigma_8_79.5.ply,wpc_processed,6592424,d19ee9a7cff57ac8a3c3689b57e2a7d142eea763533a285791791bab7d732cb5
2984,wpc_processed/puer_tea/puer_tea_gsigma_2_tsigma_8_43.5.ply,wpc_processed,6347960,70bf7f75f52a5f91f1f890e14f091c825d1666e41191794a3730fe67bb5167ea
2985,wpc_processed/puer_tea/puer_tea_gsigma_4_tsigma_16_23.0.ply,wpc_processed,6459192,4f7521403acd14cc2a8a09f4eb2b0800a95041ba61ebb1ec3c2bb804c88475b5
2986,wpc_processed/puer_tea/puer_tea_gsigma_4_tsigma_8_24.0.ply,wpc_processed,6461496,7a5e4450f46e80ffbf58dfbbbd9bd0bfad81b7249f6eda54ea46d9a1c89ee791
2987,wpc_processed/puer_tea/puer_tea_level_7_3.2.ply,wpc_processed,402560,c5c7e0c614946586bfe3c7570877b337574a1105c0b69e65c7a5c07a69f4e649
2988,wpc_processed/puer_tea/puer_tea_level_8_16.3.ply,wpc_processed,1553705,c9fc723200fb70a5c9ca57f6922a409733642bb9a95bbd17e61035f6dcf41b06
2989,wpc_processed/puer_tea/puer_tea_level_9_77.8.ply,wpc_processed,5566689,2cb6a8e76639caabca8d1aaa94d59ca96891f66e4a9c703f855815947df3f9fc
2990,wpc_processed/puer_tea/puer_tea_pqs_1_qs_48_rounded_53.8.ply,wpc_processed,6180315,20f885270edbe9e991a5b926d3cc4c99b60d72eb245079e2ea775b92fa8af3b4
2991,wpc_processed/puer_tea/puer_tea_REF_100.0.ply,wpc_processed,11124610,f3b9741d419d9bb6ff67133e0784e148b0a2a635a403caa828b5eeefc3b3e2df
2992,wpc_processed/puer_tea/puer_tea_tsl_4_tqs_256_12.2.ply,wpc_processed,11022660,3ed123e75d2fa2bfa1d2c14b34ded76ec4d3d3923fb0661dd087a7e9568964f9
2993,wpc_processed/puer_tea/puer_tea_tsl_6_tqs_64_86.9.ply,wpc_processed,12969780,ad25e49c898511540519b3164e2100232f1036a5fd2df723da9e32510cfdbb1c
2994,wpc_processed/puer_tea/puer_tea_tsl_8_tqs_256_36.1.ply,wpc_processed,14980905,e5f4c8aa456915efe35cf9a024d9aad52c2e9032d9d6a67b222937c49a5b90f8
2995,wpc_processed/pumpkin/pumpkin_gQP_1_tQP_1_80.0.ply,wpc_processed,31202806,12edf443e571cc073fb6c1fe843ec684b60643ea4a9f9fab187eaa2ccfb86817
2996,wpc_processed/pumpkin/pumpkin_gQP_2_tQP_2_56.3.ply,wpc_processed,31621021,2db87523a92e68bfc6fddcfb4bbd5b336720f0374e4352d069c939ade0349145
2997,wpc_processed/pumpkin/pumpkin_gQP_3_tQP_3_30.2.ply,wpc_processed,31126156,b1779270f63c6946b790e29e61da451df9954940ec16806fd4864f5b5e768f04
2998,wpc_processed/pumpkin/pumpkin_gsigma_0_tsigma_16_73.8.ply,wpc_processed,21445769,d18e6104947210144aa101cdb14e693ceec807f8332b9f506078d3bf3a2dd81b
2999,wpc_processed/pumpkin/pumpkin_gsigma_0_tsigma_8_88.7.ply,wpc_processed,21445769,697753d7bfbe4c2113d7414214dedbf422035ba0e854e844ab909b7e11c49e74
3000,wpc_processed/pumpkin/pumpkin_gsigma_2_tsigma_32_36.1.ply,wpc_processed,20685321,7f95aa49096ae18529e391a7c212fc6297cfa77087ccc8ad9359210fb62bef16
3001,wpc_processed/pumpkin/pumpkin_pqs_1_qs_16_rounded_85.6.ply,wpc_processed,20105326,acaeef2b7a3f02db0058fce6d386ef7d8b78609fcf5bac1a657aa2e82a6f4328
3002,wpc_processed/pumpkin/pumpkin_pqs_1_qs_32_rounded_83.0.ply,wpc_processed,20105326,e7eb96abe4fb24b8328acfbb4d0931e31ecc6fe441d6696706d075c5c46d48e2
3003,wpc_processed/pumpkin/pumpkin_pqs_1_qs_48_rounded_71.6.ply,wpc_processed,20105326,0642a576e1f9c3dc06494f3ae1bc1bf18f532a85578359d61de32188f1c5f2b0
3004,wpc_processed/pumpkin/pumpkin_REF_100.0.ply,wpc_processed,36189629,aa34cb79450c232a665fabfdfeee921cbb2c2606c2e0b681d4c49a17fe9176e3
3005,wpc_processed/pumpkin/pumpkin_tsl_4_tqs_128_78.7.ply,wpc_processed,44349976,f37bd2e3fa2b9b5bb14ad6cef8e17cdf679c1046a6fdafda62180b9dfcd70297
3006,wpc_processed/pumpkin/pumpkin_tsl_4_tqs_256_53.1.ply,wpc_processed,44349976,78f19c915199e05fda129fefc0fc5d7babda56ed0c75e59f7cf897191d8c4c0c
3007,wpc_processed/pumpkin/pumpkin_tsl_4_tqs_512_28.7.ply,wpc_processed,44349976,9a7e6fc6129112bd0d3dd49bc8940a086e93017895b0a49604f64793a4de3fba
3008,wpc_processed/pumpkin/pumpkin_tsl_6_tqs_256_48.4.ply,wpc_processed,46338406,0001e592541a4f80230e68c5430cd16ba47412413e5b92c0b5af05eb60795824
3009,wpc_processed/pumpkin/pumpkin_tsl_6_tqs_64_66.9.ply,wpc_processed,46338406,1a42e39a15105a5266e9a1f3cf206683e784d44072fd9ae017628ef595b135ba
3010,wpc_processed/pumpkin/pumpkin_tsl_8_tqs_128_79.0.ply,wpc_processed,55041271,e637d1afbe56b2f603123e617856518a78a319fb537b78426b1f6c39b12c8c77
3011,wpc_processed/pumpkin/pumpkin_tsl_8_tqs_64_87.8.ply,wpc_processed,55041271,40a2c8ababc002e0c79f1921de2994fa2469aaf49203326ed99eaf7b551ee904
3012,wpc_processed/ship/ship_gQP_1_tQP_1_86.8.ply,wpc_processed,14349720,9e8ca53e1689d240082264e1cd12fb2991a2a87ab2f4bc327f8b9de9d7dc39c2
3013,wpc_processed/ship/ship_gQP_3_tQP_3_32.4.ply,wpc_processed,14212500,6a33ca83c02b5bf698f64bc662d267655902324822c7ac03e65820bf31b7bf9f
3014,wpc_processed/ship/ship_gsigma_0_tsigma_32_44.7.ply,wpc_processed,10954152,084d56f9d5e4e30894d2b7569338a907637813cca272a89cd35471f0f005e3ab
3015,wpc_processed/ship/ship_gsigma_0_tsigma_8_81.9.ply,wpc_processed,10954152,2f6c3077edff637b53918b41b4aaf4a17008e144f1531564f089f82d3cc25d92
3016,wpc_processed/ship/ship_gsigma_2_tsigma_16_46.2.ply,wpc_processed,10451144,b3981be7d67f4a233ba565d04e369cc7d2a160e8283a79f0f94ac326b718a05b
3017,wpc_processed/ship/ship_gsigma_4_tsigma_32_22.6.ply,wpc_processed,10677880,219336217d7c1dfaabe475c8e33446d9305aea415c85db4411e0816e266ca46f
3018,wpc_processed/ship/ship_level_9_51.2.ply,wpc_processed,8016372,09775f8cabfe214444256a9fb3f4bec05f68deaee489b8a6fbbf094e90ea12e7
3019,wpc_processed/ship/ship_pqs_1_qs_16_rounded_91.9.ply,wpc_processed,10269435,0fe81a6dec4fe98fd535623306201f42456393a7bb4e737a121ea6132b289b93
3020,wpc_processed/ship/ship_pqs_1_qs_32_rounded_68.9.ply,wpc_processed,10269435,e42073c0ab2a74aa13fb38de22132b5dc8883a1dd480ac7f2f12f605fb26bd1b
3021,wpc_processed/ship/ship_REF_100.0.ply,wpc_processed,18485026,eb6900a988592c8efab393d2421389662806d1666d900ecbee12ddeb756d9d0a
3022,wpc_processed/ship/ship_tsl_6_tqs_128_68.1.ply,wpc_processed,17745886,6b3b9746860081d064ce2b4954b9202e2665c4aec0ba10986b6426fb71b18ff6
3023,wpc_processed/ship/ship_tsl_6_tqs_256_41.2.ply,wpc_processed,17745886,f4ee5da3a4ad188b9344746a9bcc3abfead3e163349203b0101127c0e2198a7e
3024,wpc_processed/ship/ship_tsl_8_tqs_128_76.5.ply,wpc_processed,21356866,bc248039bae958ffc384da93e819e6b214898b08a4368891aaca543f68716b1e
3025,wpc_processed/ship/ship_tsl_8_tqs_256_45.6.ply,wpc_processed,21356866,980d45bc725aa58c2f5af249c7fb2c8057d40d2e3f04cbd91cebcd541a6f18f9
3026,wpc_processed/ship/ship_tsl_8_tqs_64_86.4.ply,wpc_processed,21356866,acb187e0fcb3767af6faf00932e5b0cdcf354074eefa7b82f92df8f83c56886a
3027,wpc_processed/statue/statue_gQP_1_tQP_1_82.2.ply,wpc_processed,33814456,0574aa4eaafe488a0cb69ebcca68cc5ee70a89fc3a02bb597f6e5fcc5856f426
3028,wpc_processed/statue/statue_gQP_1_tQP_2_74.4.ply,wpc_processed,33814456,5a0e61e1b50f0b6d44e398b05fd26b93d9561ba090174002e6700258d23afed5
3029,wpc_processed/statue/statue_gQP_1_tQP_3_53.0.ply,wpc_processed,33814456,0aa5e674487c9baf01451b18f8677721d901cc62744b07a55a15c3474463f95f
3030,wpc_processed/statue/statue_gQP_2_tQP_1_65.3.ply,wpc_processed,33758251,090f52b5990146f5ba4c203c542cc401d3d1c338279ef6a68ca16bd37380af77
3031,wpc_processed/statue/statue_gQP_3_tQP_3_26.9.ply,wpc_processed,33307471,a4f0eca5174d8a4ae95f44c047a4d61c404ab6521844c7531b06a4600fa8a775
3032,wpc_processed/statue/statue_gsigma_0_tsigma_16_69.2.ply,wpc_processed,26201513,4ea34d5eb9debdbd5ee64351594d28aca526e55d85018ca7efaaa34b0fb571db
3033,wpc_processed/statue/statue_gsigma_0_tsigma_8_85.1.ply,wpc_processed,26201513,bef16b9e6dff69913d630d9261ca3e0af1f37856765b5c049e4e95f57b932852
3034,wpc_processed/statue/statue_gsigma_4_tsigma_16_27.7.ply,wpc_processed,25620233,38ec7ffc4c0fc983dd7994b303912f95ed9acf0a99ddf9528a968073d6846014
3035,wpc_processed/statue/statue_gsigma_4_tsigma_32_33.0.ply,wpc_processed,25618809,da2f67fa82ee37424073288f377821da11430debdf44442d41b329711a2a93cf
3036,wpc_processed/statue/statue_level_8_24.4.ply,wpc_processed,6515118,907cfb08ef1705a8a821712d394bd5a55c1ee4d769db9c194c5032527cf4c8ac
3037,wpc_processed/statue/statue_level_9_69.0.ply,wpc_processed,22321809,811c5e7454502fa5e00a9e052693d1f1d320c735b6dab0d145cb4470f183198f
3038,wpc_processed/statue/statue_pqs_1_qs_16_rounded_87.0.ply,wpc_processed,24563836,1e5b4918ebf12487114df467a9aec78156a63f180742b811392149e2995585e6
3039,wpc_processed/statue/statue_pqs_1_qs_32_rounded_77.3.ply,wpc_processed,24563836,919cd0ecc5c8eecf9824d292d3d1ca69a200e074382289ab729a946ba4094b4e
3040,wpc_processed/statue/statue_pqs_1_qs_48_rounded_67.4.ply,wpc_processed,24563836,d0bbad9919814244a7d3a65597969ac4b771419c0ee72d58af9e5806f3bed1e7
3041,wpc_processed/statue/statue_REF_100.0.ply,wpc_processed,44214947,110396ed116bf2a2fc17341d0c228993fa624c6b717a3d6b834a6845c40c448c
3042,wpc_processed/statue/statue_tsl_6_tqs_128_67.8.ply,wpc_processed,51802921,498fa1cf064c95c869f72034e0b673e21714154ec86ca742a6f8c8dbed553d17
3043,wpc_processed/statue/statue_tsl_6_tqs_256_48.2.ply,wpc_processed,51802921,575a435755eb3e9d6754cfa7c9a6754c1f610b1784f5cfebd9b4f166576a3845
3044,wpc_processed/statue/statue_tsl_6_tqs_512_29.7.ply,wpc_processed,51802921,7af875354d891421eb2288c1c654a06c560532600816c56affc98b89c06baf34
3045,wpc_processed/statue/statue_tsl_6_tqs_64_77.3.ply,wpc_processed,51802921,2cb3c2d613acfd235755da67c6ddbb4e8a37db33713e657b6259ad66707aaea8
3046,wpc_processed/statue/statue_tsl_8_tqs_256_57.7.ply,wpc_processed,65475661,b7e0731d5b7759bc5496923d5293c3e3df83af1d0df069685ce0a6ef6db29fcc
3047,wpc_processed/statue/statue_tsl_8_tqs_64_88.3.ply,wpc_processed,65475661,467e6dc4db7a4912b4665ab98b85fc0b2e6b52b7b6e892c9dc92854f067b8c62
3048,wpc_processed/stone/stone_gQP_1_tQP_1_78.8.ply,wpc_processed,24622036,be583fbe854922043ffcb257d3ca7670dc434759a6baff36e339d7b79c8f248c
3049,wpc_processed/stone/stone_gQP_2_tQP_1_58.9.ply,wpc_processed,25048621,04671279589d23a0abf5e682d71f9f4df6c071461e53a7ed7ed1ec8a641f358e
3050,wpc_processed/stone/stone_gQP_3_tQP_1_41.8.ply,wpc_processed,24763876,61e99330f53c8a20d8ea7c3e79a598f797e0c7283428ea28395171b7b75caaab
3051,wpc_processed/stone/stone_gQP_3_tQP_2_35.6.ply,wpc_processed,24763876,1a4588b4c71282a4b77928a03551e6e002cd0b76bce9027a364d9de74d5a271d
3052,wpc_processed/stone/stone_gsigma_0_tsigma_16_75.1.ply,wpc_processed,17383529,ea9bcf905a6c09424ea5e152668f22644ecb2e633e7d27ab3e1b9985853e2c95
3053,wpc_processed/stone/stone_gsigma_0_tsigma_8_86.9.ply,wpc_processed,17383529,fa26ab04807c90b432e3e2bb2369188c3a4bb28e3a9cbafd8e335380853a2895
3054,wpc_processed/stone/stone_gsigma_2_tsigma_32_47.6.ply,wpc_processed,16734169,6b7ff762dba503186cec9340ae49339df0abf629a2f8a5ad6db8c5f921f80f1f
3055,wpc_processed/stone/stone_gsigma_2_tsigma_8_71.6.ply,wpc_processed,16734361,24141af8a9f98523f8799d23f9ce0f087d7de4a9f65196cafde07061f1f923d1
3056,wpc_processed/stone/stone_level_7_8.6.ply,wpc_processed,1185884,f63667831250366e936f2bb4436f9f457bfa1be94dff72eafabc854dd008d536
3057,wpc_processed/stone/stone_level_8_20.6.ply,wpc_processed,4445082,84175d8990a2fea03035803c4f4efb3b23b58b15997110866a970e729908d623
3058,wpc_processed/stone/stone_level_9_86.9.ply,wpc_processed,15133383,937d3a65df10ae8a46cdf06383113194254e2a3dd861faf8427c073a65c2c028
3059,wpc_processed/stone/stone_pqs_1_qs_16_rounded_80.9.ply,wpc_processed,16296976,ca2abbad8732c227551482e59a9999514d183f895df89b5e20c039fb2ac3ca63
3060,wpc_processed/stone/stone_pqs_1_qs_32_rounded_69.5.ply,wpc_processed,16296976,a31743c95a83bb083fe99c2875252ea40cf8f732e40eadfddc688ab421344617
3061,wpc_processed/stone/stone_pqs_1_qs_48_rounded_77.1.ply,wpc_processed,16296976,1155d43aa6cbaee789b75c3818a5e214162cfba8d67bab657f43d2787d516756
3062,wpc_processed/stone/stone_pqs_1_qs_64_rounded_65.6.ply,wpc_processed,16296976,26cccea52c7df793176d56f7ec740c4101779ac5e593f5eac9e4a803f6b0f738
3063,wpc_processed/stone/stone_REF_100.0.ply,wpc_processed,29334599,46d24caa7257e21d9a47d64cead369fc728bf189553e371ade4843280a09f499
3064,wpc_processed/stone/stone_tsl_4_tqs_256_34.2.ply,wpc_processed,34126036,51ad42683de415755228013d44c859bd20a2e855bd90ed7033d69df35568cbe8
3065,wpc_processed/stone/stone_tsl_4_tqs_64_57.6.ply,wpc_processed,34126036,1ad07817a0622f892d912c5f0bf1b2279492286709f7b27c7349c428bfb0e4f0
3066,wpc_processed/stone/stone_tsl_6_tqs_64_65.9.ply,wpc_processed,36121426,2798c0394272ef63a55e654069fbee33d2571931cbba0824e50d68204318ecf5
3067,wpc_processed/stone/stone_tsl_8_tqs_128_75.7.ply,wpc_processed,43364041,d7de74ee6f3d342dd75388e74304691df428ea3cb4fcc09ce809d5d703d8278d
3068,wpc_processed/stone/stone_tsl_8_tqs_64_77.0.ply,wpc_processed,43364041,6cafe78d5677a72bba0fb05a0f5b35b12c214d7ef79e924be2344697132d494f
3069,wpc_processed/tool_box/tool_box_gQP_1_tQP_1_77.2.ply,wpc_processed,20321926,113e702b1311b6f7d163480d4150dce557919d9068d5044f55c1012418c4d47a
3070,wpc_processed/tool_box/tool_box_gQP_2_tQP_1_57.9.ply,wpc_processed,20559316,53240e65a2cb864b5f16a69c6b1b550e943a804c9d4749f2c9195e8f45be67c2
3071,wpc_processed/tool_box/tool_box_gQP_2_tQP_3_45.3.ply,wpc_processed,20559316,4505ea0689daa63db96754474835d90a260e9b1ec4dfdf89c04ca9ef6dd512b8
3072,wpc_processed/tool_box/tool_box_gQP_3_tQP_2_47.6.ply,wpc_processed,20200921,9903ee6662b57ffb3856f0c7baa7e8fd8e473a9418c7faeb5a1f5ab00af608f0
3073,wpc_processed/tool_box/tool_box_gsigma_0_tsigma_8_74.1.ply,wpc_processed,16867657,a1240ca6e3dc6224f106f27c3a998c275ffe063e755e493172f2c9839b3e418d
3074,wpc_processed/tool_box/tool_box_gsigma_4_tsigma_16_22.0.ply,wpc_processed,16479913,7a071a33de023e0ec909beba06a270746cb309ef856a6940feaa7b8189f842b0
3075,wpc_processed/tool_box/tool_box_level_9_73.0.ply,wpc_processed,13306266,ac1ce886228e34dfbe984803985d16c502d9202a3cf54ce6530b3ff0fc92b2c1
3076,wpc_processed/tool_box/tool_box_pqs_1_qs_32_rounded_58.7.ply,wpc_processed,15813346,607177f957a70ff20ea693c86561606c5e5a7c235f68d9ae7a97343b22509f90
3077,wpc_processed/tool_box/tool_box_REF_100.0.ply,wpc_processed,28464065,bddc2ca1d7219e2d72ff023ca7127104b1c864e8bdcc3286aaa80e5d6ae75b41
3078,wpc_processed/tool_box/tool_box_tsl_4_tqs_64_53.8.ply,wpc_processed,27991381,ded9a48a7e0bf4bd958129d755534da0e7430de13bd8f855eedb5eaecd8d6a3d
3079,wpc_processed/tool_box/tool_box_tsl_6_tqs_128_46.7.ply,wpc_processed,30274261,ae461e45e88019bdd75bd2de21303c1dc10c9ae0a9e9aed3d99ee08fa9122db8
3080,wpc_processed/tool_box/tool_box_tsl_6_tqs_512_13.2.ply,wpc_processed,30274261,0daa84efcab51c578a900e02432543968506df71306ae12b3fe740da416ff87c
3081,wpc_processed/tool_box/tool_box_tsl_6_tqs_64_80.5.ply,wpc_processed,30274261,0a4da7bc86378df25e136fc4823806519e695d9265370edde2b4efc945f3ea15
3082,wpc_processed/tool_box/tool_box_tsl_8_tqs_512_18.1.ply,wpc_processed,37286311,5e719e19cb667849f807c309c5b7dc368f23342ebc1fc1b0e254cf82692bd0b9
3083,wpc_processed/tool_box/tool_box_tsl_8_tqs_64_73.9.ply,wpc_processed,37286311,09eadcdb1356e7ad89e0a2b7b050a84f923e6b3372641e96750f0bd6a0d5bea2
